URL,Fake News,Opinions,Subjective,Reported information,Sources Cited,False Information,Insinuation,Exaggeration,Offbeat Title,text,Title,English_version,French_version
https://lalettrepatriote.com/deja-marie-en-algerie-il-epouse-une-francaise/,0,1,0,0,1,0,1,0,0,"Titre :Déjà marié en Algérie, il épouse une Française… texte :Nos confrères deLa Manche Libreracontent qu’un homme de 45 ans de nationalité algérienne a épousé à Cherbourg une Française alors qu’il était déjà marié en Algérie ! Il a été jugé par le tribunal judiciaire de Cherbourg le mardi 7 février. Pour son mariage en France, il a fourni de faux renseignements sur sa situation. Sa véritable épouse – algérienne- , avec laquelle il a deux enfants (!), a transmis aux autorités un courrier précisant la situation. À la barre, le mis en cause, décidément élégant, déclare ne pas la connaître ! Pourtant, un acte mentionne bien qu’il est marié depuis février 2007 en Algérie. En 2014, il a émis plusieurs demandes de visa pour venir en France ; or,sur les actes de naissance fournis lors de ces demandes, il est fait mention de son mariage en 2007. La procureure précise : “Il a fait usage d’un faux acte de naissance pour se marier en France. C’est une infraction grave.” Elle requiert douze mois de prison avec sursis, une inéligibilité de cinq ans et une interdiction de territoire français pendant dix ans. Compte tenu du dossier, le tribunal a prononcé la relaxe du prévenu le mardi 11 avril.","Déjà marié en Algérie, il épouse une Française…","Title: Already married in Algeria, he marries a French woman...

Text: Our colleagues from La Manche Librerac report that a 45-year-old man of Algerian nationality married a French woman in Cherbourg, even though he was already married in Algeria! He was tried by the Cherbourg Judicial Court on Tuesday, February 7. For his marriage in France, he provided false information about his situation. His true wife — an Algerian — with whom he has two children (!), submitted a letter to the authorities clarifying the situation. In court, the defendant, who was notably elegant, declared that he did not know her! However, a document clearly states that he has been married since February 2007 in Algeria. In 2014, he submitted several visa applications to come to France; yet, the birth certificates provided during these applications mention his marriage in 2007. The prosecutor specified: “He used a false birth certificate to get married in France. This is a serious offense.” She requested twelve months of suspended prison, a five-year ineligibility, and a ten-year ban from French territory. Considering the case, the court acquitted the defendant on Tuesday, April 11.","Titre : Déjà marié en Algérie, il épouse une femme française...

Texte : Nos collègues de La Manche Librerac rapportent qu’un homme de 45 ans de nationalité algérienne a épousé une femme française à Cherbourg, alors qu’il était déjà marié en Algérie ! Il a été jugé par le tribunal judiciaire de Cherbourg le mardi 7 février. Pour son mariage en France, il a fourni de fausses informations concernant sa situation. Sa véritable épouse — une Algérienne — avec qui il a deux enfants (!), a soumis une lettre aux autorités pour clarifier la situation. En cour, l’accusé, qui était notamment élégant, a déclaré qu’il ne la connaissait pas ! Cependant, un document indique clairement qu’il est marié depuis février 2007 en Algérie. En 2014, il a déposé plusieurs demandes de visa pour venir en France ; pourtant, les actes de naissance fournis lors de ces demandes mentionnent son mariage en 2007. Le procureur a précisé : « Il a utilisé un faux acte de naissance pour se marier en France. C’est une infraction grave. » Elle a requis douze mois de prison avec sursis, une inéligibilité de cinq ans, et une interdiction de séjour de dix ans sur le territoire français. Après examen de l’affaire, le tribunal a acquitté l’accusé le mardi 11 avril."
https://lalettrepatriote.com/emmanuel-macron-et-giorgia-meloni-appellent-a-soutenir-la-tunisie-pour-contenir-la-pression-migratoire/,0,0,0,0,1,0,0,0,0,"Titre :Emmanuel Macron et Giorgia Meloni appellent à soutenir la Tunisie pour contenir la pression migratoire texte :Le présidentEmmanuel Macronet le premier ministre italienGiorgia Meloniont appelé vendredi 24 mars à soutenir la Tunisie, confrontée à une grave crise financière, afin de contenir la pression migratoire. «Il existe un risque de voir se déclencher une vague migratoire objectivement sans précédent», a estiméGiorgia Meloni, «En Tunisie, la très grande tension politique, la crise économique et sociale qui sévit en absence d’accord avec le Fonds monétaire international, (sont) très préoccupantes», a déclaréEmmanuel Macronau cours d’une conférence de presse à l’issue d’un sommet européen. Cela «conduit à une très grande déstabilisation du pays et de la région et à une pression migratoire accrue sur l’Italie et l’Union européenne», a-t-il dit, appelant à «agir ensemble» au niveau européen pour aider la Tunisie et permettre une «maîtrise de l’émigration». «Il nous faut à très court terme réussir à stopper les flux migratoires qui partent de Tunisie et accroissent (cette) pression», a insisté le président français, précisant en avoir parlé avec le chef du gouvernement italien au cours d’une réunion bilatérale. Giorgia Meloni, évoquant la crainte d’une «vague migratoire», a expliqué avoir abordé le sujet pendant le sommet car «tout le monde n’a peut-être pas conscience des risques créés par la situation en Tunisie». Interrogée sur une éventuelle mission italo-française en Tunisie avec la commissaire européenne aux Affaires intérieures Ylva Johansson, elle a répondu : «Oui, il y a une mission au niveau des ministres des Affaires étrangères, il y en plusieurs en ce moment qui se rendent en Tunisie». «Si nous n’affrontons pas ces problèmes de manière adéquate, il existe un risque de voir se déclencher une vague migratoire objectivement sans précédent», a estiméGiorgia Meloni.",Emmanuel Macron et Giorgia Meloni appellent à soutenir la Tunisie pour contenir la pression migratoire,"Title: Emmanuel Macron and Giorgia Meloni Call for Support to Tunisia to Contain Migratory Pressure

Text:  
President Emmanuel Macron and Italian Prime Minister Giorgia Meloni called on Friday, March 24, to support Tunisia, which is facing a severe financial crisis, in order to contain migratory pressure. ""There is a risk of an unprecedented wave of migration,"" said Giorgia Meloni. ""In Tunisia, the very high political tension, the economic and social crisis that is ongoing in the absence of an agreement with the International Monetary Fund, are very concerning,"" declared Emmanuel Macron during a press conference at the end of a European summit. He added that this ""leads to a significant destabilization of the country and the region, and increased migratory pressure on Italy and the European Union."" He called for ""joint action"" at the European level to help Tunisia and enable ""control of emigration.""  

""We need to succeed in very short-term efforts to stop the migratory flows leaving Tunisia and increasing this pressure,"" emphasized the French president, noting that he discussed this with the Italian Prime Minister during a bilateral meeting. Giorgia Meloni, expressing concern about a ""migratory wave,"" explained that she addressed the issue during the summit because ""not everyone may be aware of the risks created by the situation in Tunisia.""  

Asked about a possible Italy-France mission to Tunisia with European Commissioner for Home Affairs Ylva Johansson, she replied: ""Yes, there is a mission at the level of the foreign ministers; several are currently heading to Tunisia.""  

""If we do not address these problems adequately, there is a risk of an unprecedented wave of migration,"" Giorgia Meloni concluded.","Titre : Emmanuel Macron et Giorgia Meloni appellent à un soutien à la Tunisie pour contenir la pression migratoire

Texte :  
Le président Emmanuel Macron et la Première ministre italienne Giorgia Meloni ont appelé vendredi 24 mars à soutenir la Tunisie, qui fait face à une grave crise financière, afin de contenir la pression migratoire. « Il y a un risque d’une vague de migration sans précédent », a déclaré Giorgia Meloni. « En Tunisie, la tension politique très élevée, la crise économique et sociale qui perdure en l’absence d’un accord avec le Fonds monétaire international, sont très préoccupantes », a déclaré Emmanuel Macron lors d’une conférence de presse à l’issue d’un sommet européen. Il a ajouté que cela « conduit à une déstabilisation importante du pays et de la région, ainsi qu’à une augmentation de la pression migratoire sur l’Italie et l’Union européenne ». Il a appelé à une « action conjointe » au niveau européen pour aider la Tunisie et permettre « le contrôle de l’émigration ».

« Nous devons réussir à réaliser des efforts à très court terme pour arrêter les flux migratoires quittant la Tunisie et augmenter cette pression », a souligné le président français, précisant qu’il en avait discuté avec la Première ministre italienne lors d’une réunion bilatérale. Giorgia Meloni, exprimant son inquiétude face à une « vague migratoire », a expliqué qu’elle avait abordé la question lors du sommet car « tout le monde n’est peut-être pas conscient des risques créés par la situation en Tunisie ».

Interrogée sur une éventuelle mission Italie-France en Tunisie avec la commissaire européenne aux Affaires intérieures Ylva Johansson, elle a répondu : « Oui, il y a une mission au niveau des ministres des Affaires étrangères ; plusieurs se rendent actuellement en Tunisie. »

« Si nous ne traitons pas ces problèmes de manière adéquate, il y a un risque d’une vague de migration sans précédent », a conclu Giorgia Meloni."
https://lalettrepatriote.com/le-pakistan-menace-dinterdire-wikipedia/,0,0,0,0,1,0,0,0,0,"Titre :Le Pakistan menace d’interdire Wikipedia texte :L’Autorité des télécommunications pakistanaise (PTA) a annoncé mercredi avoir donné à Wikipédia jusqu’à vendredi 3 février au soirpour retirer un contenu jugé« blasphématoire »de ses pages en ligne, menaçant dans le cas contraire de couper l’accès au site Internet sur son territoire. L’autorité n’a pas donné de détails sur le contenu en question. Dans l’intervalle de l’ultimatum, l’accès à l’encyclopédie participative a été restreint dans le pays, cette dernière ne fonctionnant qu’en mode« dégradé », a fait savoir la PTA.",Le Pakistan menace d’interdire Wikipedia,"Title: Pakistan threatens to ban Wikipedia

Text: The Pakistan Telecommunication Authority (PTA) announced on Wednesday that it has given Wikipedia until the evening of Friday, February 3rd, to remove content deemed ""blasphemous"" from its online pages, threatening to block access to the website within its territory if the content is not removed. The authority did not provide details about the specific content in question. In the meantime, access to the collaborative encyclopedia has been restricted in the country, operating only in a ""degraded"" mode, according to the PTA.","Titre : Le Pakistan menace de bannir Wikipédia

Texte : L'Autorité de télécommunication du Pakistan (PTA) a annoncé mercredi qu'elle avait donné à Wikipédia jusqu'au soir du vendredi 3 février pour supprimer le contenu jugé « blasphématoire » de ses pages en ligne, menaçant de bloquer l'accès au site dans son territoire si le contenu n'était pas retiré. L'autorité n'a pas fourni de détails sur le contenu spécifique en question. En attendant, l'accès à l'encyclopédie collaborative a été restreint dans le pays, fonctionnant uniquement en mode « dégradé », selon la PTA."
https://lalettrepatriote.com/un-couple-loge-une-famille-de-migrants-36-000-e-de-degats/,1,0,0,1,1,0,1,1,0,"Titre :Un couple loge une famille de migrants : 36.000 € de dégâts texte :Nos confrères de7sur7(Belgique) ont recueilli ce témoignage : « Nous avons rapidement remarqué qu’il ne s’agissait pas d’une famille ukrainienne ordinaire. Deux semaines plus tard, le CPAS nous a indiqué qu’il s’agissait de gitans roms.Par exemple, les membres de cette famille ne savaient pas comment utiliser une machine à laver, un sèche-linge, un four… Tous ces appareils leur étaient inconnus. La mère lavait les vêtements dans notre baignoire. » Résultat après plusieurs semaines d’occupation ? « De la moisissure est apparue partout sur les fenêtres, les murs étaient couverts d’inscriptions, le bois a été arraché du cadre du lit, les portes et les armoires ont été endommagées. Mais ce n’est pas tout: toutes les chaises de la cuisine ont été cassées, la moulure a été arrachée des escaliers, il y avait des trous dans le sol, les jouets de nos enfants ont été cassés, même leur tirelire a été ouverte. » «À ce moment-là, la famille n’était pas là depuis longtemps, alors nous avons décidé de lui donner une seconde chance. La femme a demandé un emploi pour son mari. Nous avions trouvé trois endroits où il pouvait travailler, mais il ne voulait pas. Il trouvait une excuse à chaque fois. » Un jour, Sven a découvert que les réfugiés « ukrainiens » hébergeaient une autre famille dans la maison. « Une autre femme, son mari et trois enfants séjournaient chez nous. Ils faisaient de la sous-location. À un moment donné, plus de 11 personnes se trouvaient dans la maison.Cela aurait pu causer de gros problèmes en cas d’incendie, par exemple, car nous avions été persuadés de les laisser s’enregistrer à notre adresse personnelle.Ils nous demandaient aussi constamment de l’argent. Une fois, c’était soi-disant pour le cadeau d’anniversaire de leur plus jeune fille, mais il s’est avéré que c’était pour une voiture, même si nous savions que l’homme n’avait pas de permis de conduire.Quand ils ont cassé le cadeau de naissance de notre fils, ça a été la goutte d’eau. En septembre, nous avons dit (…) qu’ils devaient vraiment déménager, mais il a fallu attendre fin novembre pour qu’ils partent. Ce n’est qu’à la fin du mois de décembre qu’ils sont venus chercher toute leurs affaires. C’était un véritable bordel. » Après le départ de la famille, Sven et Evy ont pris conscience de l’ampleur des dégâts dans leur maison. «Le coût total s’élevait à 36.000 euros, et cela ne comprend même pas tout. Le CPAS nous a ensuite annoncé que nous ne recevrions aucune compensation.On nous a conseillé d’attaquer la famille en question par le biais du tribunal de paix. Nous allons le faire, mais la famille vit d’un revenu d’intégration. Comment vont-ils payer ça ? Nous comprenons que 36.000 euros, c’est beaucoup d’argent, mais le CPAS aurait pu prendre en charge une partie des dommages, qui ont été prouvés. »",Un couple loge une famille de migrants : 36.000 € de dégâts,"Title: A couple hosts a migrant family: €36,000 in damages

Text: Our colleagues from 7sur7 (Belgium) collected this testimony: ""We quickly noticed that it was not an ordinary Ukrainian family. Two weeks later, the CPAS (Public Social Assistance Center) told us that it was a Romani gypsy family. For example, the members of this family did not know how to use a washing machine, a dryer, an oven... All these appliances were unknown to them. The mother was washing clothes in our bathtub.""

Result after several weeks of occupation? ""Mold appeared everywhere on the windows, the walls were covered with graffiti, wood was torn from the bed frame, doors and wardrobes were damaged. But that’s not all: all the kitchen chairs were broken, the molding was ripped from the stairs, there were holes in the floor, our children’s toys were broken, and even their piggy bank was opened.""

""At that time, the family had not been there long, so we decided to give them a second chance. The woman asked for a job for her husband. We found three places where he could work, but he didn’t want to. He kept making excuses each time.""

One day, Sven discovered that the ""Ukrainian"" refugees were hosting another family in the house. ""Another woman, her husband, and three children were staying with us. They were subletting. At one point, more than 11 people were in the house. This could have caused serious problems in case of fire, for example, because we had been persuaded to let them register at our personal address. They also constantly asked us for money. Once, it was supposedly for the birthday gift of their youngest daughter, but it turned out to be for a car, even though we knew the man did not have a driver’s license. When they broke our son’s birth gift, that was the last straw. In September, we told them they really had to move out, but it wasn’t until the end of November that they left. It was only at the end of December that they came to pick up all their belongings. It was a real mess.""

After the family left, Sven and Evy realized the extent of the damage to their house. ""The total cost was €36,000, and that doesn’t even include everything. The CPAS then told us we would receive no compensation. They advised us to take legal","Titre : Un couple héberge une famille de migrants : 36 000 € de dommages

Texte : Nos collègues de 7sur7 (Belgique) ont recueilli ce témoignage : « Nous avons rapidement constaté qu’il ne s’agissait pas d’une famille ukrainienne ordinaire. Deux semaines plus tard, le CPAS (Centre Public d’Action Sociale) nous a dit qu’il s’agissait d’une famille romani. Par exemple, les membres de cette famille ne savaient pas comment utiliser un lave-linge, un sèche-linge, un four… Tous ces appareils leur étaient inconnus. La mère lavait le linge dans notre baignoire. »

Résultat après plusieurs semaines d’occupation ? « La moisissure est apparue partout sur les fenêtres, les murs étaient couverts de graffitis, le bois était arraché du cadre du lit, les portes et les armoires étaient endommagés. Mais ce n’est pas tout : toutes les chaises de la cuisine étaient cassées, le moulure était arrachée des escaliers, il y avait des trous dans le sol, les jouets de nos enfants étaient cassés, et même leur tirelire avait été ouverte. »

« À l’époque, la famille n’était pas là depuis longtemps, alors nous avons décidé de leur donner une seconde chance. La femme a demandé un emploi pour son mari. Nous avons trouvé trois endroits où il pourrait travailler, mais il ne voulait pas. Il trouvait toujours des excuses à chaque fois. »

Un jour, Sven a découvert que les réfugiés « ukrainiens » hébergeaient une autre famille dans la maison. « Une autre femme, son mari et trois enfants séjournaient chez nous. Ils faisaient de la sous-location. À un moment donné, plus de 11 personnes étaient dans la maison. Cela aurait pu causer de graves problèmes en cas d’incendie, par exemple, car on nous avait persuadés de leur permettre de s’inscrire à notre adresse personnelle. Ils nous demandaient aussi constamment de l’argent. Une fois, c’était soi-disant pour le cadeau d’anniversaire de leur plus jeune fille, mais il s’est avéré que c’était pour une voiture, même si nous savions que l’homme n’avait pas de permis de conduire. Quand ils ont cassé le cadeau de naissance de notre fils, c’était la goutte d’eau. En septembre, nous leur"
https://lalettrepatriote.com/ursula-von-der-leyen-non-elue-et-intouchable/,1,1,1,0,0,1,1,1,0,"Titre :Ursula von der Leyen, non-élue et intouchable texte :Usant de sa qualité de présidente non-élue de la Commission européenne,Ursula von der Leyena négocié – seule, sans aucun mandat – directement avec Albert Bourla, PDG de Pfizer, l’achat de doses de « vaccin » pour plus de 70 milliards d’euros. Ces négociations se sont faites par SMS, ce qui, en soi, est une grande curiosité. Divers organismes de l’UE ont donc demandé à Mme von der Leyen de montrer les SMS en question. Chaque fois, elle a refusé. Elle refuse encore, alors quec’est la Cour des comptes de l’UE qui le lui demande. Personne dans le Babel bureaucratique de Bruxelles ne s’interroge sur l’anomalie, l’illégalité de ces refus. Personne là-bas ne fait ce raisonnement simple : si elle refuse avec une telle obstination de montrer ses communications avec Bourla, c’est qu’elles contreviennent à la loi. Tout le monde accepte – même si quelques-uns rouspètent impuissamment -, et Mme von der Leyen a toutes les chances d’obtenir un deuxième mandat de cheffesse-en-chef. De son côté, le Parlement européen, voudrait, dans la même cause, entendre le grand homme des vaccins, Albert Bourla lui-même. Mais, étrange coïncidence, il refuse, lui aussi, de se livrer à cet exercice. Malgré les insistances de Bruxelles, il ne se déplacera pas et se fera représenter par une sous-fifre de sa société. Le Parlement européen – dont les 705 députés représentent 446 millions d’habitants du continent – devra se contenter de cet ersatz de solution, qui est pour le moins une forme insupportable de mépris. Les institutions de l’UE sont ainsi conçues que Mme von der Leyen demeure intouchable, au-dessus des lois et de toute autorité. Elle peut faire ce que bon lui semble, personne ne peut lui demander des comptes. Ce sont là « nos valeurs » et les « valeurs de notre Europe », dont des Macron et consorts nous rebattent les oreilles dans leurs discours insipides et qu’ils défendent bec et ongles contre toutes sortes de menaces « illibérales ».","Ursula von der Leyen, non-élue et intouchable","Title: Ursula von der Leyen, Unelected and Untouchable

Text:  
Using her status as the unelected President of the European Commission, Ursula von der Leyen negotiated—alone, without any mandate—directly with Albert Bourla, CEO of Pfizer, to purchase vaccine doses for over 70 billion euros. These negotiations took place via SMS, which in itself is quite remarkable. Various EU bodies have therefore asked Ms. von der Leyen to show the relevant SMS messages. Each time, she refused. She still refuses, even though it is the EU Court of Auditors that is requesting her to do so. No one in the bureaucratic Babel of Brussels questions the anomaly, the illegality of these refusals. No one there considers the simple reasoning: if she obstinately refuses to show her communications with Bourla, it’s because they violate the law. Everyone accepts this—though some complain impotently—and Ms. von der Leyen is very likely to secure a second term as the top boss.  

Meanwhile, the European Parliament would like, in the same matter, to hear from the great man of vaccines himself, Albert Bourla. But, by a strange coincidence, he also refuses to participate in this exercise. Despite Brussels’ insistence, he will not appear and will be represented by a subordinate from his company. The European Parliament—whose 705 deputies represent 446 million inhabitants of the continent—will have to settle for this ersatz solution, which is at best an insufferable form of contempt.  

The EU institutions are designed in such a way that Ms. von der Leyen remains untouchable, above the law and any authority. She can do as she pleases; no one can hold her accountable. These are “our values” and the “values of our Europe,” which Macron and his ilk keep repeating in their bland speeches and defend tooth and nail against all sorts of “illiberal” threats.","Titre : Ursula von der Leyen, Élus et Intouchables

Texte :  
En utilisant son statut de présidente non élue de la Commission européenne, Ursula von der Leyen a négocié—seule, sans mandat—directement avec Albert Bourla, PDG de Pfizer, pour l’achat de doses de vaccins pour plus de 70 milliards d’euros. Ces négociations ont eu lieu par SMS, ce qui est en soi tout à fait remarquable. Divers organismes de l’UE ont donc demandé à Mme von der Leyen de leur montrer les messages SMS concernés. À chaque fois, elle a refusé. Elle refuse toujours, même si c’est la Cour des comptes de l’UE qui lui en fait la demande. Personne dans le brouhaha bureaucratique de Bruxelles ne remet en question cette anomalie, cette illégalité de ces refus. Personne n’envisage le raisonnement simple : si elle refuse obstinément de montrer ses communications avec Bourla, c’est parce qu’elles violent la loi. Tout le monde accepte cela—bien que certains se plaignent impuissants—et Mme von der Leyen a de fortes chances d’obtenir un second mandat en tant que chef suprême.  

Pendant ce temps, le Parlement européen aimerait, dans la même affaire, entendre le grand homme des vaccins lui-même, Albert Bourla. Mais, par une étrange coïncidence, il refuse également de participer à cet exercice. Malgré l’insistance de Bruxelles, il ne se présentera pas et sera représenté par un subordonné de sa société. Le Parlement européen—dont les 705 députés représentent 446 millions d’habitants du continent—devra se contenter de cette solution de substitution, qui est au mieux une insupportable forme de mépris.  

Les institutions de l’UE sont conçues de manière à ce que Mme von der Leyen reste intouchable, au-dessus de la loi et de toute autorité. Elle peut faire ce qu’elle veut ; personne ne peut la tenir responsable. Ce sont « nos valeurs » et les « valeurs de notre Europe », que Macron et ses semblables répètent sans cesse dans leurs discours fades et qu’ils défendent bec et ongles contre toutes sortes de menaces « illibérales »."
https://lemediaen442.fr/bilar-nous-approchons-bien-de-lechec-et-mat-si-rien-ne-vient-les-en-empecher/,1,1,1,1,0,1,1,1,0,"Titre :Bilar : « Nous approchons bien de l’échec et mat, si rien ne vient les en empêcher » texte :Bilar a débuté sur Facebook en 2007 en partageant des informations sensibles et non médiatisées. Deux ans plus tard, suite à une publication à propos du très secret groupe Bildeberg, le réseau social censure son compte. Il a donc décidé de prendre un stylo, puis plus tard un micro, afin de communiquer de façon musicale ses idées à travers le rap. Depuis, il a réalisé des clips et a obtenu une Quenelle d’or en 2019. Entretien avec un artiste qui, comme Mysa, a ouvert les yeux depuis longtemps et a donc une vision très intéressante de la situation actuelle. « Tous les colibris doivent faire leur part, peu importe le moyen d’action, pour moi ça a été le rap » Le Média en 4-4-2 : Bonjour Bilar et bienvenue sur Le Média en 4-4-2 ! La plupart d’entre nous vous connaît grâce à vos titres « gouverne-ment » et « démoncratie » publiés en pleine période des Gilets Jaunes. Vous êtes revenu quelques mois plus tard avec « Kill Bill », morceau directement lié à la crise politique actuelle autour du Covid. Pouvez-vous nous en dire plus sur votre parcours ? Bilar : Bonjour Yoann et merci pour l’invitation du 4-4-2 ! Oui, j’ai tenté de pointer du doigt au mieux l’origine d’un problème systémique et « spirituel » plutôt que ses symptômes, à travers ces quelques clips musicaux réalisés avec mes propres moyens. J’ai commencé à enregistrer suite à la censure de mon compte Facebook il y a 12 ans de cela, en 2009, j’ai donc pris la décision de mettre en musique ce qui dérangeait tant ce que l’on pourrait appeler « Big brother » et de le partager sous une autre forme, plus durable, pour essayer d’outrepasser cette censure virtuelle. Et cela a fonctionné au final, quelques années plus tard, bien que ce soit toujours sur leurs plateformes, et dans des proportions modestes car la censure me suit à la trace depuis cette époque, (restriction d’âge sur certains de mes clips, censure de pages Facebook, etc). Mais je parviens néanmoins à m’exprimer à une quantité croissante de personnes en utilisant leurs propres outils à leur encontre, dans un objectif positif. Cela me touche d’être de plus en plus compris et relayé par une partie plus large de la population, qui n’était à l’époque pas prête à remettre en question les fondements de ses croyances ni ce système dans son ensemble. J’avais un projet d’album qui n’est toujours pas sorti, car j’ai privilégié m’investir à communiquer le plus largement possible à travers des morceaux et clips balancés gratuitement sur Youtube plutôt que de vouloir créer et rentabiliser une image de rappeur et chercher la commercialisation de quoi que ce soit. Je n’ai pas cherché à m’enrichir sur une cause populaire et un discours vivantiste. Je n’ai d’ailleurs jamais pris un cachet pour monter sur une scène et ne cherche pas à ce que ce soit le cas par la suite. Ma motivation est de communiquer ces sujets qui me semblent d’importance capitale. Et je le fais car cela doit être fait, dès maintenant, et chaque goutte compte dans cet océan de problèmes que nous traversons et allons continuer de traverser pour encore quelque temps. Tous les colibris doivent faire leur part, peu importe le moyen d’action, pour moi ça a été le rap. Il va sans dire que ce type de rap n’est pas mis en avant par les personnes ou médias qu’il combat. Donc ce parcours est plein d’embûches et de difficultés, tant au niveau financier qu’au niveau purement musical. Mis à part quelques exceptions, les artistes engagés sont bien à l’ombre du show business. Heureusement j’ai pu faire de belles rencontres synchroniques avec des personnes valeureuses qui m’ont permis de réaliser ces projets, à différents niveaux. Je remercie tous ceux qui ont pu croiser mon chemin et m’apporter leur aide à un moment ou à un autre. « Nous avons en face de nous des maîtres échiquiers qui savent comment orienter les foules même les plus récalcitrantes à leur avantage et récupérer nos actions en leur faveur » La France se réveille après un profond sommeil fait face à un président qui s’prend pour le roi soleil on est des millions dans les rues à exprimer notre colère on va s’abattre sur vous comme un violent coup d’tonnerre ! Le Média en 4-4-2 : On pensait que le peuple français était sorti d’un profond sommeil à l’occasion des Gilets Jaunes. Pourtant, le pouvoir a réussi a éteindre l’incendie. Comment analysez-vous ce qu’il s’est passé, ou plutôt ce qu’il a manqué de se passer, avec le recul ? Bilar : Je pense que l’engouement des Gilets Jaunes était motivé par une volonté plus occulte, puis orienté afin de ne pas toucher aux réels problèmes de fond. Ceux qui ont essayé ont vite été muselés, à l’instar d’Étienne Chouard, pour ne citer que lui. Ce sont ces problèmes de fond que j’ai voulu exposer à travers ma trilogie musicale sur ce thème. Je constate que la colère populaire a été usée avant l’heure, probablement volontairement, afin de nous décourager, avant que le courage soit réellement nécessaire… Nous avons tous été censurés, fichés, beaucoup ont pris des coups et des amendes, certains ont effectué de lourdes peines de prison ferme, pour d’autres, homme femmes, personnes âgées, des tabassages même face caméra, dans une impunité absolue, certaines vies détruites impunément, alors que nos demandes et actions étaient légitimes. Les gens ont fini par désespérer et je pense que c’est ce qui était voulu. Attali, ce grand médium qui murmure à l’oreille des présidents depuis Mitterrand, avait annoncé cette probable envie de « révolution populaire ». Aujourd’hui c’est difficile de retrouver cette envie collective, même si beaucoup de gens manifestent. Nous avons en face de nous des maîtres échiquiers qui savent comment orienter les foules même les plus récalcitrantes à leur avantage et récupérer nos actions en leur faveur. Cependant, je reste persuadé que d’une façon générale, il ne peuvent empêcher une prise de conscience collective, certains diront « spirituelle », et parallèlement à leur système de contrôle des corps et des esprits qui se perfectionne, il y a aussi cette tranche grandissante de la population qui commence à voir de plus en plus clair dans les mécanismes de contrôle et dans les techniques de manipulation de masse que nous subissons, de la part d’une élite apatride qui s’accapare toute forme de richesse et de pouvoir à travers des personnes et institutions non élues démocratiquement et des processus de décision dans lesquelles la séparation des pouvoirs est biaisée. Certains devinent donc aisément à quoi cela va probablement aboutir, vu l’idéologie de notre adversaire, à savoir la pire dystopie jamais imaginée, et dont nous n’en voyons que les prémices à l’heure actuelle. Certains artistes ont pourtant essayé de nous prévenir, mais l’hypnose de la société fait toujours son office auprès d’une majorité de nos semblables. Combien crient encore « Macron démission » en manifestation, alors que nous savons que c’est un homme de paille mis en place par des entités qui ne cherchent qu’à déplacer et masquer leur culpabilité derrière un masque politique, mais le problème est avant tout idéologique. Il s’incarne à travers la finance internationale et les ramifications d’un pouvoir occulte et non avoué, dont tous les rouages fonctionnels servent la cause de la caste politique, médiatique, militaro-industriel et pharmacologique. Absolument toutes les faces de cette immense collaboration constituent une volonté hégémonique d’ingénierie sociale menant à un esclavage moderne et probablement une réduction de populations massive d’ici quelques années. Le covid pourrait potentiellement enclencher le verrouillage de cette intention avec un non-retour en arrière dans les diverses mesures mises en place depuis 2020. Je pense donc que les pompiers pyromanes ont réussi à amener l’incendie exactement où ils le voulaient, au mauvais endroit, car nous avons été dirigés dans une mauvaise direction. Il faudrait maintenant un raz-de-marée de prises de conscience et de désobéissance civile pour l’éteindre et avoir enfin un impact significatif. Ils appliquent leur tyrannie du haut d’leur pyramide, et le pire arrive. J’parle des Rothschild et de toutes ces dynasties qui veulent vampiriser la lumière que le soleil irradie mais leur philanthropie dissimule leur noirceur cristalline ! Le Média en 4-4-2 : Sommes-nous à l’aube du pire que vous évoquez avec ce titre ? Leur plan semble en tout cas avancer comme prévu… Bilar : L’idéologie mortifère qui nous menace a étendu sa domination de façon très habile à travers le temps et l’espace, à travers de nombreuses personnes. Cette idéologie est leur prisme, aujourd’hui ce n’est pour eux qu’une nouvelle page de leur agenda qui se tourne et une volonté qui les dépasse à titre personnel. Bien que pour la société actuelle cela soit un chamboulement majeur, il ne s’agit en fait qu’un coup de plus qui est en train de se jouer sur cet immense échiquier. En revanche nous approchons bien de l’échec et mat, si rien ne vient les en empêcher. « Le monde politique est une vaste pièce de théâtre, de l’influence à vendre aux puissants à travers un jeu électoral biaisé pour les naïfs petits électeurs trop occupés pour y voir clair » Ainsi que l’Union européenne et le projet mondial qui approche ils disent que tout va mal mais sérieusement à qui la faute ? OTAN, CFR, Bildeberg, et compagnie usuriers et bourgeoisie qui n’veulent pas qu’on les contrarie ! Le Média en 4-4-2 : On va vous poser la question interdite : QUI se cache derrière l’échec et mat que vous évoquez, lié au « projet mondial qui approche » ? Bilar : Il y a des groupes, des fraternités, des confréries et dont les intentions égoïstes et le pouvoir permettent d’user de leur influence afin de manipuler toutes les facettes de la société. Cette même idéologie est mise en place partout autour du globe depuis des générations. Ce qui relie ces personnes et ces différents groupes est leur intention fondamentale commune de contrôle, allant souvent de pair avec un vice sans limite et des pratiques rituelles malveillantes, afin de les assister sur le plan « occulte » à perfectionner leur pouvoir et leur emprise sur le plan physique (que vous y croyez ou pas n’est pas important, eux y croient). Certains groupes comme Skull & Bones, le Bohémien Club et d’autres ont été mis en lumière, mais ce n’est qu’une petite partie de tout ce monde occulte derrière le monde. Ces personnes sont au-dessus du pouvoir politique et motivent les « groupes de réflexion » tels que Bilderberg, le Dîner du siècle et ce genre d’événements d’élite où les différents acteurs en place prennent leurs initiatives en commun, sous omerta médiatique et à nos frais. Ils usent de leurs influences et lobbying en passant pour philanthropes et œuvrent loin du tapage médiatique qui couvre leurs actions. Pour exemple récent de leurs méthodes et de leur impunité, on a bien vu Jeffrey Epstein (qui voulait « livrer la haute société sur un plateau d’argent ») se faire suicider en prison de haute sécurité, avant de voir l’affaire être étouffée… Les détails de cette affaire sont la preuve que cette influence s’exerce même au-delà du système carcéral américain, sur les médias, sur le système judiciaire et même à travers les services de renseignements, pas seulement des États-Unis, mais du monde entier. Les exemples sont nombreux, le 11-Septembre et la fausse guerre qui a suivi ont permis d’ouvrir les yeux à beaucoup de monde. Maintenant que la menace terroriste n’est plus suffisante, il n’y avait rien de plus ingénieux et impersonnel qu’un virus, pour permettre de briser la résistance dans l’œuf et créer un climat de peur entre les gens. La nouvelle menace permet d’unifier le monde autour de l’intérêt commun d’en venir à bout, en permettant à l’industrie pharmaceutique de s’en mettre plein les poches et en les laissant nous injecter on ne sait encore quoi dans le sang au passage. En bref, le monde politique est une vaste pièce de théâtre, de l’influence à vendre aux puissants à travers un jeu électoral biaisé pour les naïfs petits électeurs trop occupés pour y voir clair. Un éternel duel dichotomique pour donner l’illusion d’un choix, d’une liberté qui n’existe pas. Il y a l’histoire officielle et l’histoire officieuse, tout comme le pouvoir officiel et officieux. Le « président » change la prestation mais pas le scénario. Alors aussi fantastique que cela paraisse oui, ce sont bien des ordres noirs qui dirigent le monde. « Je pense que la prise de conscience avance à tout petits pas à échelle collective, vu que cet écart se creuse entre les zombies et les êtres humains, j’ai peur que cela débouche sur une guerre civile à terme » Voici venu le temps des techno-prophètes Oui demain vous serez tous obsolètes Nous garder en vie n’est plus qu’optionnel Mais la colère du peuple sera proportionnelle Le Média en 4-4-2 : A chaque nouvelle mesure liberticide annoncée par le gouvernement, on se dit que c’est enfin la goutte d’eau qui va réveiller le peuple et le faire sortir dans la rue. Sauf que pour le moment rien ne semble pouvoir entraver leur plan… Voyez-vous une prise de conscience massive se produire prochainement ? Bilar : Effectivement, ils savent appliquer avec subtilité le concept de la grenouille dans la casserole, et augmenter la température de façon progressive pour que chaque nouvelle mesure passe et ne soit pas la goutte d’eau de trop. Cette ingénierie sociale dure depuis si longtemps que beaucoup ne la perçoivent que depuis quelques mois, pourtant les mesures liberticides s’empilent depuis le plan Vigipirate, et même avant. Nous avons peu à peu accepté de céder nos libertés contre une sécurité illusoire et vendue comme accomplissement d’une société évoluée, alors que c’est l’exact opposé de la libération. Il y a donc d’un côté les gens de plus en plus hypnotisés par ce mode de vie, et d’un autre ceux qui voient de plus en plus la supercherie. Malheureusement cette seconde tranche de la population est encore minoritaire. Je pense que la prise de conscience avance à tout petits pas à échelle collective. Vu que cet écart se creuse entre les zombies et les êtres humains, j’ai peur que cela débouche sur une guerre civile à terme. La division entre ces deux parties de la population finira sûrement par l’embraser, car nous serons pointés du doigt en tant que responsables de la déstabilisation sociétale, par ses vrais coupables… « Le rap d’aujourd’hui est aussi vide de sens et dirigé vers le gangstérisme, car l’insécurité est le fond de commerce des politiciens » Soutenu par les médias et les nations agir par la peur, asseoir sa domination pas de contre-pouvoir si on censure l’opposition qui prétend faire du rap sans prendre position ? Le Média en 4-4-2 : Les artistes musicaux qui osent s’opposer à cette folie covidienne sont rares : vous-même, Mysa, IAM, Keny Arkana pour les plus connus. Heureusement d’ailleurs que la scène du rap est là pour sauver les apparences… Où sont les « artistes engagés » ? Ont-ils simplement renié leurs engagements pour continuer à toucher leurs cachets, ou y a-t-il une autre explication ? Bilar : Dans une situation d’injustice, les premiers à être bâillonnés sont les personnes d’influence, car ils ont l’attention de la masse, et les artistes en font partie. Le problème dans le rap engagé, au-delà d’être une source de réflexion et d’émancipation, c’est que cela n’est pas vendeur, ça n’ambiance pas, ce n’est pas un discours « positif » vibratoirement parlant, donc peu de chance d’avoir l’attention des paresseux de l’esprit. De plus les boîtes de production recherchent le rap qui sera validé par les médias pour faire leur chiffre d’affaires — les médias qui eux, ne veulent pas pousser les gens à remettre en question la société et le statu quo. Donc ils ont réduit le rap à sa forme et à un discours abrutissant et réducteur. Cela fait bien longtemps qu’ils ont enlevé au rap toutes ses lettres de noblesse et c’est pour ça que beaucoup disent que c’était mieux avant. Les artistes engagés qui ont été médiatisés il y a quelques années ont eu de la « chance » de se faire entendre pendant l’âge d’or du rap, car aujourd’hui cela ne serait plus possible sans Internet (voilà d’ailleurs pourquoi ils veulent autant le censurer mais c’est un autre sujet…). Si quelqu’un veut percer dans la musique aujourd’hui, il a tout intérêt à entrer dans le consensus et se formater à la pensée unique pour répandre son influence dans le sens voulu, sinon il sera extrêmement difficile de se faire entendre par un grand nombre. Un peuple éduqué est un peuple qui réfléchit et remet en question l’autorité, il ne l’écoute pas aveuglément. Voilà pourquoi le rap d’aujourd’hui est aussi vide de sens et dirigé vers le gangstérisme, car l’insécurité est le fond de commerce des politiciens, ce sur quoi ils misent pour se faire élire par des gens qui ont peur. Voilà également pourquoi un discours émancipateur, bienveillant et, j’ose le dire, « éclairé », ne peut pas avoir sa place dans les médias. Vu qu’il ne cache pas être un eugéniste Un voleur avare qui passe pour un génie Un démon aux allures angéliques qui tire profit d’une pandémie Qui détruit le monde en faisant mine de l’embellir Le Média en 4-4-2 : Les philanthropes ont ce talent, grâce aux médias qu’ils financent, de réussir à se faire passer pour de saints hommes tout en s’enrichissant encore plus et en nuisant à l’Humanité. Comme vous le dites plus loin : « C’est pas de la philanthropie, c’est du lobbying ». Et cela fonctionne depuis longtemps… Les ficelles nous paraissent pourtant grosses, pourquoi sommes-nous si peu à les voir ? Bilar : Je pense que la réponse est en partie dans la question… Ce sont eux qui financent les médias et personne ne mord la main qui le nourrit. Cette volonté hégémonique de contrôle a toujours été couverte par les médias, John D Rockefeller le dit lui-même dans son livre autobiographique, en remerciant la « discrétion » des médias américains qui n’ont pas exposé leur plan en lumière, afin que celui-ci puisse se concrétiser, dans l’ombre. L’Europe étant dans le sillage des États-Unis, il est normal que nous ne soyons pas plus au courant de ce qui se passe derrière le rideau. Le reste, c’est de l’hypnose mélangée à de la crédulité. Comme l’a si bien qualifié Keny Arkana justement, les médias sont « le pilier le plus fonctionnel du terrorisme d’état ». L’ancien patron et fondateur du FBI disait lui-même que la conspiration est si monstrueuse que personne ne va y croire. C’est ce qu’a voulu exprimer Rockin Squat en disant « Mes infos sont tellement folles que personne ne va y croire ». Je terminerai cette réponse avec une dernière citation : « Seuls les petits secrets doivent être protégés. Les grands sont gardés secrets par l’incrédulité du public. » Marshall McLuhan, alias le « gourou » des médias. « L’objectif, c’est le contrôle de la démographie et des citoyens, de la menace qu’ils peuvent potentiellement représenter, de notre surnombre mais également du risque d’insurrection » Stérilisation non consentie Des millions d’enfants paralysés ou décédés par vos campagnes de vaccination L’OMS, le CDC et leurs confrères financés marchent aussi dans la machination Le Média en 4-4-2 : Quel est leur objectif derrière cette campagne de vaccination obligatoire mais qui ne dit pas encore son nom ? Et pourquoi ne se contentent-ils pas d’environ 90% de vaccinés actuels (dans la population éligible au « vaccin » en France) ? Bilar : J’en parle dans mon prochain morceau justement… L’objectif, c’est le contrôle de la démographie et des citoyens, de la menace qu’ils peuvent potentiellement représenter, de notre surnombre mais également du risque d’insurrection. Ils veulent clairement mettre en place un système de contrôle perfectionné et ne laissant aucune zone d’ombre dans nos vies. Ils veulent tout savoir, tout maîtriser, jusqu’au nombre de naissances, et réduire l’espèce humaine à un esclavage moderne et pérenne d’une population en nombre acceptable pour la survie de notre espèce (cf Georgia Guidestone). Voilà le fin mot du plan. Je ne sais pas si le vaccin actuel le permettra, mais ce qui est sûr c’est que nous sommes engagés sur cette voie, et au-delà du vaccin, le réel objectif à court terme est d’imposer un laissez-passer pour la population, de commencer à habituer nos esprits à ce flicage permanent et à la soumission de plus en plus présente et assumée. La société cherchera bientôt à basculer de plus en plus dans des extrêmes que nous accepterons petit à petit, comme la fameuse grenouille dans la casserole, sous couvert d’un apparent bienfait collectif, c’est toujours les mêmes méthodes. As-tu prêté allégeance au serment d’Hippocrate ? T’as plutôt l’air d’un sacré hypocrite Le Média en 4-4-2 : Ce Coronacircus nous aura aussi permis de nous rendre compte de la puissance presque inimaginable de Big Pharma. Très peu de soignants osent dénoncer les mensonges actuels et beaucoup préfèrent malheureusement rester bien au chaud avec leurs avantages. Le système de santé est-il récupérable ? Ou voyez-vous d’autres solutions pour nous soigner ? Bilar : Je pense que c’est la société dans sa totalité qu’il faut remanier, de l’éducation à la retraite, de l’économie à « l’écologie », de la politique aux médias et de l’industrie dans son ensemble, et bien entendu l’aspect médical également. Apprendre à parler de conscience collective plutôt que sociale et de rechercher la liberté et la plus haute expression de soit plutôt que la sécurité et la peur, l’individualisme, le matérialisme, l’égocentrisme etc… La société est volontairement montée à l’envers « vibratoirement » ou métaphysiquement parlant. Un processus enracinant voué à accroître notre perception physique et nous éloigner de notre perception subtile et intérieure. Chacun l’appellera comme il veut, ce n’est pas important, ce qui importe c’est si vous le voyez également, et que vous avez décidé d’être plus fort que les conditions, les circonstances, et faire de mieux en mieux pour surpasser la personne que vous êtes et contribuer à poser une pierre à l’édifice pour un avenir plus radieux pour la communauté humaine. Le Média en 4-4-2 : Vous nous disiez que votre prochain morceau abordera le thème de la « vaccination ». Quels sont vos projets et votre actualité ? Bilar : Concernant mes prochains morceaux, j’aimerais finaliser mon album, si cela est possible, mais c’est encore incertain. En revanche je vais publier trois clips cet hiver, dont un sur l’actualité covidienne si on peut le résumer avec ce terme, qui sera normalement le prochain en ligne, j’espère avant Noël. Le titre à lui seul permet déjà de comprendre la thématique : « Hérétique ». Je préfère prioriser le fait de balancer des clips gratuitement pour que tout le monde puisse passer le message plutôt que chercher à vendre des albums à quelques personnes, même si cela me coûte énormément, étant indépendant, mais c’est ma mission de vie actuelle, alors je fais ce que je ressens devoir faire. C’est pour cela que l’album a tant de retard, mais je le ferai quand même, car je me suis engagé à le faire. « Chercher à se développer au maximum, corps, âme et esprit, afin de devenir ce que nous pourrions être ; continuer de vivre, même au milieu du chaos ! » Le Média en 4-4-2 : Merci Bilar pour cet entretien très instructif ! Nous allons suivre de très près votre actualité dans les toutes prochaines semaines… Nous vous laissons le mot de la fin ! Bilar : Je pense que le plus important est de s’éduquer soi-même, de chercher à comprendre ses rouages internes et inconscients, ses processus créateurs latents et gâchés qui dorment et nous empêchent de voir nos chaînes psychiques, physiques et mentales. Chercher à se développer au maximum, corps, âme et esprit, afin de devenir ce que nous pourrions être. Et arrêter de collaborer et désobéir le plus possible face à un monde qui nous écrase. Continuer de vivre, même au milieu du chaos !","Bilar : « Nous approchons bien de l’échec et mat, si rien ne vient les en empêcher »","Title: Bilar: ""We Are Approaching Checkmate, If Nothing Stops Them""

Text: Bilar started on Facebook in 2007 by sharing sensitive and non-media-covered information. Two years later, following a post about the highly secretive Bilderberg group, the social network censored his account. He then decided to pick up a pen, and later a microphone, to communicate his ideas through music, specifically rap. Since then, he has made music videos and received a Golden Quenelle in 2019. This is an interview with an artist who, like Mysa, has long since opened his eyes and thus has a very interesting perspective on the current situation. ""All the hummingbirds must do their part, no matter the means of action; for me, that was rap.""

Le Média en 4-4-2: Hello Bilar and welcome to Le Média en 4-4-2! Most of us know you through your tracks ""gouverne-ment"" and ""démoncratie,"" published during the Yellow Vests movement. You returned a few months later with ""Kill Bill,"" a song directly related to the current political crisis surrounding Covid. Can you tell us more about your journey?

Bilar: Hello Yoann, and thank you for the invitation to 4-4-2! Yes, I tried to highlight the root of a systemic and ""spiritual"" problem rather than its symptoms, through these music videos made with my own resources. I started recording after my Facebook account was censored 12 years ago, in 2009. I decided to set to music what disturbed what could be called ""Big Brother,"" and share it in a more durable form to try to bypass this virtual censorship. And it ultimately worked, a few years later, although still on their platforms and in modest proportions because censorship has followed me since then (age restrictions on some of my clips, Facebook page censorship, etc.). Nevertheless, I manage to reach an increasing number of people by using their own tools against them, with a positive goal. It touches me to see more and more people understanding and sharing my message, at a time when most were not ready to question their beliefs or the system as a whole. I had an album project that still hasn't been released because I prioritized communicating as widely as possible through free tracks and videos on YouTube rather than creating and monetizing an image as a rapper or seeking commercial success. I haven't sought to get","Titre : Bilar : « Nous Approchons du Mat de Fers, Si Rien ne Les Arrête »

Texte : Bilar a commencé sur Facebook en 2007 en partageant des informations sensibles et non couvertes par les médias. Deux ans plus tard, suite à une publication sur le groupe très secret des Bilderberg, le réseau social a censuré son compte. Il a alors décidé de prendre la plume, puis un microphone, pour communiquer ses idées à travers la musique, en particulier le rap. Depuis, il a réalisé des clips musicaux et a reçu une Quenelle d'Or en 2019. Voici une interview d’un artiste qui, comme Mysa, a depuis longtemps ouvert les yeux et possède donc une perspective très intéressante sur la situation actuelle. « Tous les colibris doivent faire leur part, peu importe les moyens d’action ; pour moi, c’était le rap. »

Le Média en 4-4-2 : Bonjour Bilar et bienvenue sur Le Média en 4-4-2 ! La plupart d’entre nous vous connaissent à travers vos morceaux « gouverne-ment » et « démoncratie », publiés lors du mouvement des Gilets Jaunes. Vous êtes revenu quelques mois plus tard avec « Kill Bill », une chanson directement liée à la crise politique actuelle autour du Covid. Pouvez-vous nous en dire plus sur votre parcours ?

Bilar : Bonjour Yoann, et merci pour l’invitation à 4-4-2 ! Oui, j’ai essayé de mettre en lumière la racine d’un problème systémique et « spirituel » plutôt que ses symptômes, à travers ces clips réalisés avec mes propres moyens. J’ai commencé à enregistrer après que mon compte Facebook a été censuré il y a 12 ans, en 2009. J’ai décidé de mettre en musique ce qui dérangeait ce qu’on pourrait appeler « Big Brother », et de le partager sous une forme plus durable pour tenter de contourner cette censure virtuelle. Et cela a finalement fonctionné, quelques années plus tard, même si toujours sur leurs plateformes et en proportions modestes, car la censure m’a suivi depuis (restrictions d’âge sur certains de mes clips, censure de ma page Facebook, etc.). Néanmoins, je parviens à toucher un nombre croissant de personnes en utilisant leurs propres outils contre eux, avec un objectif positif. Cela me touche de voir de plus en plus de gens comprendre et partager mon"
https://lemediaen442.fr/david-pujadas-avant-60-ans-vous-avez-0-de-risque-de-deces-covid-vaccine-ou-pas-vaccine/,1,1,1,0,1,1,1,1,0,"Titre :David Pujadas : avant 60 ans vous avez 0 % de risque de décès covid, vacciné ou pas vacciné texte :On peut discuter de tout sauf des chiffres… pourtant nous sommes toujours avec un pass vaccinal et Véran discute du nombre de doses pour se protéger d’un virus qui ne tue pas. Nous sommes lundi 7 février 2022 dans l’émission 24H Pujadas et la question est posée par David Pujadas : « Est-il vrai que quand on a moins de 60 ans, on ne meurt pas d’Omicron, qu’on soit vacciné ou pas vacciné ? » C’est la journaliste Fanny Weil qui répond à cette question qui brûle les lèvres de tous. La réponse est pour le moins étonnante, déroutante et même surréaliste au vu des restrictions que nous subissons dans le pays. « Eh oui, c’est vrai. Et vous le disiez, ce sont des chiffres très officiels de la Direction de la recherche. Des études qui portent sur une période entre le 20 décembre dernier et le 23 janvier, soit une période pendant laquelle on a recensé plus de huit millions de cas et six mille six cents morts dont une écrasante majorité a plus de soixante ans. Comme c’est le cas depuis le début de la pandémie. Mais avec un Omicron, le résultat est sans appel et c’est encore plus net. Le risque de mourir quand on a entre 20 et 59 ans, qu’on attrape Omicron et qu’on n’est pas vacciné est tellement faible qu’il apparaît inexistant dans les données de la DRESS (Direction de la Recherche, des Études, de l’Évaluation et des Statistiques). » Se faire vacciner avant 60 ans est inutile Vous ne rêvez pas ! Cela veut dire concrètement que le ministre Véran pousse à la vaccination alors que le risque d’effets secondaires est supérieur au bénéfice, nous plongeons dans l’aberration la plus totale. De quoi devenir complotiste ! Pour quelle raison vouloir absolument vacciner la population et même les enfants à partir de 5 ans ? Zéro : c’est le chiffre qui fait que nos enfants sont masqués de 8 heures du matin à 17 heures. Zéro : c’est le chiffre qui interdit aux enfants non vaccinés, de faire du sport, d’aller au théâtre, au cinéma, dans les parcs d’attractions… Zéro : c’est le chiffre qui monte les Français les uns contre les autres. Zéro : c’est le chiffre qui fait que les bars, restaurants, discothèques se cassent la figure. Zéro : c’est le chiffre qui fait qu’on martyrise les non-vaccinés, qu’on veut leur faire payer les soins, qu’on leur interdit des transplantations, qu’on les menace de les emmerder, qu’on les insulte sur tous les plateaux de télévision. Zéro : c’est le chiffre qui justifie que des soignants n’aient plus droit aujourd’hui au chômage en plus d’avoir été licenciés. L’épidémie actuelle est bénigne par rapport aux autres épidémies qui ont eu lieu en France La grippe de 2014-2015 a fait 2,8 millions de malades. Le covid-19 en 2020 a fait 0,2 million. Le covid n’a pas créé de surmortalité pour les moins de 65 ans. Pour les plus de 65 ans, la surmortalité a été de 4 %. (voir notre article : Sur CNews, l’épidémiologiste Toubiana explose magistralement la mascarade covidienne)","David Pujadas : avant 60 ans vous avez 0 % de risque de décès covid, vacciné ou pas vacciné","Title: David Pujadas: Before 60 years old, you have a 0% risk of dying from COVID, vaccinated or not vaccinated

Text:  
We can discuss anything except the numbers… yet we still have a vaccine pass, and Véran is discussing the number of doses needed to protect against a virus that does not kill. It’s Monday, February 7, 2022, during the program 24H Pujadas, and the question is posed by David Pujadas: “Is it true that when you are under 60, you do not die from Omicron, whether vaccinated or not?”  

It is journalist Fanny Weil who answers this question that is on everyone’s lips. The response is at least surprising, confusing, and even surreal considering the restrictions we are enduring in the country.  

“Yes, that’s true. And as you said, these are very official figures from the Research Directorate. Studies covering a period from December 20th last year to January 23rd, during which more than eight million cases and six thousand six hundred deaths were recorded, the overwhelming majority of which are over sixty years old. As has been the case since the beginning of the pandemic. But with Omicron, the result is unequivocal, and it’s even clearer. The risk of dying when you are between 20 and 59 years old, catch Omicron, and are not vaccinated is so low that it appears nonexistent in the data from DRESS (Direction of Research, Studies, Evaluation, and Statistics).”  

Getting vaccinated before 60 is pointless  
You’re not dreaming! This concretely means that Minister Véran is pushing for vaccination while the risk of side effects is higher than the benefit — we are plunging into the most total absurdity. Enough to make one a conspiracy theorist!  

Why insist on vaccinating the population and even children from 5 years old? Zero: that’s the number that explains why our children are masked from 8 a.m. to 5 p.m. Zero: that’s the number that prevents unvaccinated children from playing sports, going to the theater, cinema, amusement parks… Zero: that’s the number that pits the French against each other. Zero: that’s the number that causes bars, restaurants, nightclubs to collapse. Zero: that’s the number that leads to the mistreatment of the unvaccinated, wanting them to pay for healthcare, banning them from transplants,","Titre : David Pujadas : Avant 60 ans, vous avez un risque de mourir du COVID de 0 %, vacciné ou non vacciné

Texte :  
Nous pouvons discuter de tout sauf des chiffres… pourtant, nous avons toujours un pass vaccinal, et Véran discute du nombre de doses nécessaires pour se protéger contre un virus qui ne tue pas. Nous sommes le lundi 7 février 2022, lors du programme 24H Pujadas, et la question est posée par David Pujadas : « Est-il vrai que lorsque l’on a moins de 60 ans, on ne meurt pas d’Omicron, que l’on soit vacciné ou non ? »  

C’est la journaliste Fanny Weil qui répond à cette question qui fait l’unanimité. La réponse est au moins surprenante, déroutante, et même surréaliste compte tenu des restrictions que nous subissons dans le pays.  

« Oui, c’est vrai. Et comme vous l’avez dit, ce sont des chiffres très officiels de la Direction de la recherche. Des études portant sur une période du 20 décembre dernier au 23 janvier, durant laquelle plus de huit millions de cas et six mille six cents décès ont été enregistrés, dont la grande majorité ont plus de soixante ans. Comme cela a été le cas depuis le début de la pandémie. Mais avec Omicron, le résultat est sans équivoque, et c’est même plus clair. Le risque de mourir lorsque l’on a entre 20 et 59 ans, qu’on attrape Omicron, et qu’on n’est pas vacciné est si faible qu’il semble inexistant dans les données de la DRESS (Direction de la recherche, des études, de l’évaluation et des statistiques). »  

Se faire vacciner avant 60 ans est inutile  
Vous ne rêvez pas ! Cela signifie concrètement que le ministre Véran pousse à la vaccination alors que le risque d’effets secondaires est supérieur au bénéfice — nous sombrons dans l’absurde total. Assez pour faire d’un citoyen un théoricien du complot !  

Pourquoi insister pour vacciner la population et même les enfants à partir de 5 ans ? Zéro : c’est le chiffre qui explique pourquoi nos enfants sont masqués de 8h à 17h. Zéro : c’est le chiffre qui empêche les enfants non vaccinés de faire"
https://lemediaen442.fr/italie-reouvrir-a-partir-du-26-avril-est-pour-mario-draghi-un-risque-raisonnable/,0,1,0,0,1,0,0,0,0,"Titre :Italie : réouvrir à partir du 26 avril est, pour Mario Draghi, un « risque raisonnable » texte :Un « risque raisonnable » telle est la définition qu’en donne Draghi. Il ne nie pas que le risque existe, car la feuille de route à la sortie de la longue réunion du comité de pilotage est très différente de celle, prudente, qu’avait en tête hier matin encore le ministre de la Santé. Le 3 mai seulement réouverture des écoles et ensuite des réouvertures ciblées et continuelles, semaine après semaine. Tout est prévu dans le nouveau texte qui ne sera pas une résolution mais un décret. Le 26, réouverture, sauf dans les zones rouges, des écoles, des restaurants en plein air, des cinémas et des théâtres en plein air et, dans la limite des capacités, même des salles. Les piscines à l’extérieur devront attendre le 15 mai, les gymnases le 1er juin, les foires le 1er juillet. Reprise de la mobilité mais avec le pass vacinal. C’est surtout la vaccination qui limitera les risques — le gouvernement estime qu’elle est à deux pas d’une accélération drastique — et la saison qui permettra de rester à l’extérieur. Mais ce seront aussi les contrôles qui, du moins dans les plans du gouvernement, devront être intensifiés car, comme le souligne le Premier ministre, « la décision repose sur l’idée que les règles de comportement sont respectées » et parce que, fait remarquer le ministre de la Santé Roberto Speranza assis à ses côtés, « avec les réouvertures, les comportements doivent être plus prudents et ne pas se relâcher ». Salvini jubile. Dans une conférence de presse rapidement organisée à Milan en amont de celle de Draghi, il a laissé échapper un triomphant : « Entre-temps, nous récupérons les réouvertures ». Puis il essaie de se corriger : « Je voulais dire que le pays les récupère. » Gaffe mise à part, l’homme politique italien a marqué un point, même s’il n’a pas obtenu tout ce qu’il voulait. Dans la salle de contrôle, un Giorgetti [NDT : ministre du Développement économique, membre de la Ligue du Nord], beaucoup plus expansif que d’habitude avait insisté bruyamment non seulement pour les réouvertures, demandant un 20 avril pour arracher le 26, mais aussi pour l’accessibilité des salles de restaurants et le report du couvre-feu. Au lieu de cela, le couvre-feu reste fixé à 22 heures pour le moment, puis sera réactualisé semaine après semaine. Le plan du gouvernement est de le prolonger jusqu’à ce que la vaccination constitue un bouclier pour les groupes d’âge à risque. Un raisonnement similaire devrait s’appliquer aux salles de restaurants, qui ne pourront pas être pénalisés longtemps. L’intègre Giorgetti est immédiatement rejoint par la bleue [Forza Italia] Mariastella Gelmini [NDT : ministre pour les Affaires régionales et les Autonomies], puis par l’amie de Renzi, Bonetti [NDT : ministre pour l’Égalité des chances et la Famille]. La résistance du Parti démocrate est presque inexistante : le retour à la vie des cinémas et des théâtres est également l’objectif de Franceschini [NDT : ministre de la Culture]. Même les deux « Draghi doctors », Garofoli et Chieppa, se sont prononcés pour le retour aux zones jaunes d’ici avril, laissant ainsi Speranza » [NDT : ministre de la Santé] isolé et le « Cinq Etoiles » Patuanelli, sur la ligne la plus prudente. La Ligue sort donc gagnante de ce long bras de fer des réouvertures. Le siège de Speranza a cependant complètement échoué. Le ministre de la Santé est désormais officiellement intouchable. Non seulement Draghi l’intègre à la conférence de presse et lui donne la parole chaque fois que la pandémie est mentionnée, mais il trouve le moyen de le remercier « pour le travail accompli ces dernières semaines, qui a permis la réouverture ». Lorsqu’on lui demande, il est encore plus tranchant : « Les critiques devaient s’apaiser dès le début. Elles n’étaient ni fondées ni justifiées. » Chapitre clos. En revanche, reste à promulguer le prochain décret, financé par la réaffectation de 40 milliards qui sera approuvée par le Parlement le 22 avril. Il y aura un soutien aux coûts fixes et aux loyers, demandé par tous, et les critères de remboursement changeront. Le revenu imposable s’ajoutera au chiffre d’affaires, même si les fonds mesurés sur ce dernier paramètre n’arriveront pas immédiatement mais « dans les trois ou quatre semaines à venir : on ne peut pas tout avoir ». L’ampleur de la dette, qui augmente encore avec ces nouveaux 40 milliards, n’inquiète pas Mario Draghi. Elle aurait été désastreuse dans un monde qui n’existe plus, celui d’avant la pandémie. Mais cette réalité, l’ancien président de la BCE le dit clairement et parfois explicitement, a été tuée par le virus. Avec l’effondrement des taux d’intérêt, le problème de la viabilité de la dette, qui aurait été un piège mortel il y a deux ans, ne se pose tout simplement plus et ne se posera pas avant longtemps. Ainsi, « il ne s’agit plus de savoir s’il faut ou non s’endetter. Nous l’avons fait et nous le ferons, mais il faut bien l’investir ». C’est le défi que le Premier ministre veut relever, celui qui l’a le plus mobilisé depuis qu’il est entré au Palais Chigi. Mais d’abord, nous devons vraiment sortir du tunnel de la pandémie. Avec un mois et demi devant nous pour voir comment se termine le pari fait hier. Le « risque raisonnable ». Andrea Colombo, Il Manifesto, 17.04.2021","Italie : réouvrir à partir du 26 avril est, pour Mario Draghi, un « risque raisonnable »","Title: Italy: Reopening from April 26th is, for Mario Draghi, a ""reasonable risk""  
Text:  
A ""reasonable risk""—that is how Draghi defines it. He does not deny that the risk exists, because the roadmap following the long steering committee meeting is very different from the cautious plan that the Minister of Health still had in mind yesterday morning. Only on May 3rd will there be the reopening of schools, followed by targeted and continuous reopenings week after week. Everything is planned in the new decree, which will not be a resolution but a decree. On the 26th, there will be reopening—except in red zones—of schools, outdoor restaurants, outdoor cinemas and theaters, and, within capacity limits, even indoor venues. Outdoor pools will have to wait until May 15th, gyms until June 1st, and fairs until July 1st. Mobility will resume but with the vaccination pass. It is mainly vaccination that will limit the risks—the government estimates that a rapid acceleration is just around the corner—and the season will allow people to stay outdoors. But controls will also need to be intensified, at least according to government plans, because, as Prime Minister Draghi emphasizes, ""the decision is based on the idea that behavioral rules are respected,"" and as Health Minister Roberto Speranza, sitting beside him, points out, ""with reopenings, behaviors must be more cautious and not relaxed.""  
Salvini is jubilant. In a quickly organized press conference in Milan ahead of Draghi’s, he let slip triumphantly: ""In the meantime, we are recovering the reopenings."" Then he tries to correct himself: ""I meant that the country is recovering them."" Aside from this slip, the Italian politician scored a point, even if he did not get everything he wanted. In the control room, Giorgetti [Note: Minister of Economic Development, member of the Northern League], much more expressive than usual, loudly insisted not only on reopenings, demanding April 20th to secure April 26th, but also on the accessibility of restaurant halls and the postponement of the curfew. Instead, the curfew remains set at 10 p.m. for now, then will be updated week by week. The government’s plan is to extend it until vaccination provides a shield for at-risk age groups. A similar reasoning should apply to restaurant halls, which cannot be penalized for long. Giorgetti is immediately","Titre : Italie : La réouverture à partir du 26 avril est, pour Mario Draghi, un « risque raisonnable »  
Texte :  
Un « risque raisonnable » — c’est ainsi que Draghi le définit. Il ne nie pas que le risque existe, car la feuille de route suite à la longue réunion du comité de pilotage est très différente du plan prudent que le ministre de la Santé avait encore en tête hier matin. Ce n’est que le 3 mai que les écoles rouvriront, suivies par des réouvertures ciblées et continues semaine après semaine. Tout est prévu dans le nouveau décret, qui ne sera pas une résolution mais un décret. Le 26, il y aura réouverture — sauf dans les zones rouges — des écoles, des restaurants en plein air, des cinémas et théâtres en plein air, et, dans la limite des capacités, même des lieux couverts. Les piscines extérieures devront attendre jusqu’au 15 mai, les gyms jusqu’au 1er juin, et les foires jusqu’au 1er juillet. La mobilité reprendra mais avec le pass vaccinal. C’est principalement la vaccination qui limitera les risques — le gouvernement estime qu’une accélération rapide est imminente — et la saison permettra aux gens de rester en plein air. Mais il faudra également renforcer les contrôles, du moins selon les plans du gouvernement, car, comme le souligne le Premier ministre Draghi, « la décision repose sur l’idée que les règles comportementales sont respectées », et comme le rappelle le ministre de la Santé Roberto Speranza, assis à ses côtés, « avec les réouvertures, les comportements doivent être plus prudents et non relâchés ».  
Salvini est jubilant. Lors d’une conférence de presse organisée rapidement à Milan avant celle de Draghi, il a laissé échapper triomphalement : « En attendant, nous récupérons les réouvertures. » Puis il tente de se corriger : « Je voulais dire que le pays les récupère. » Mis à part cette erreur, le politicien italien a marqué un point, même s’il n’a pas obtenu tout ce qu’il voulait. Dans la salle de contrôle, Giorgetti [Note : Ministre du Développement économique, membre de la Ligue du Nord], beaucoup plus expressif que d’habitude, a insisté bruyamment non seulement sur les réouvertures"
https://lemediaen442.fr/loi-climat-le-gouvernement-va-faire-en-sorte-dexempter-amazon-et-le-e-commerce-des-fortes-contraintes-de-la-future-loi/,0,1,1,0,0,0,1,1,0,"Titre :Loi climat : le gouvernement va exempter Amazon et le e-commerce des fortes contraintes de la future loi texte :La majorité LREM s’apprête une fois de plus à exclure Amazon et le e-commerce des fortes contraintes de la future loi climat imposées à toutes les autres formes de commerce. Une exception de plus qui s’inscrit dans une doctrine macroniste de soutien indéfectible au géant du e-commerce. Récit de six mois de tractations. Alors que la France se déconfine peu à peu, que les masques tombent enfin et que la vie économique reprend son cours, un débat intense se fait jour dans les travées de l’Assemblée nationale, mobilisant les plus importants cabinets de lobbying de la place. Les parlementaires discutent de la loi Climat et notamment d’un article 52 qui concentre toutes les attentions. L’idée, qui est née de la convention climat, est de limiter à 10 000 mètres carrés les possibilités d’artificialiser des sols pour toutes les grandes surfaces commerciales. Toutes ? Pas tout à fait. Le gouvernement s’est en effet toujours opposé à ce que le e-commerce et ses entrepôts géants entrent dans ce nouveau cadre très contraignant. Ikea, Lidl, Carrefour ou les centres commerciaux devront montrer patte blanche avant de construire un entrepôt, en revanche Amazon ou CDiscount pourront y aller sans vergogne. Ce débat pose la question du statut du e-commerce. Amazon est-il un commerçant comme les autres ? Comment imaginer que les petits commerces indépendants survivent à des géants du e-commerce, si ces derniers sont exemptés des règles qu’on impose aux autres.",Loi climat : le gouvernement va exempter Amazon et le e-commerce des fortes contraintes de la future loi,"Title: Climate Law: The Government Will Exempt Amazon and E-Commerce from the Stringent Constraints of the Future Law

Text: The LREM majority is once again preparing to exclude Amazon and e-commerce from the strict constraints of the upcoming climate law that will be imposed on all other forms of commerce. This is yet another exception that aligns with a Macronist doctrine of unwavering support for the e-commerce giant. Here is a recount of six months of negotiations.

As France gradually emerges from lockdown, masks are finally coming off, and economic activity is resuming, an intense debate is taking place within the halls of the National Assembly, mobilizing the most influential lobbying firms in the area. Parliamentarians are discussing the Climate Law, particularly Article 52, which is attracting all the attention.

The idea, which originated from the climate convention, is to limit the artificialization of land to 10,000 square meters for all large retail spaces. All? Not quite. The government has always opposed including e-commerce and its giant warehouses within this highly restrictive framework. Ikea, Lidl, Carrefour, and shopping centers will need to meet certain conditions before building a warehouse, but Amazon or CDiscount will be able to proceed without hesitation.

This debate raises questions about the status of e-commerce. Is Amazon a regular retailer like any other? How can small independent shops survive against e-commerce giants if these giants are exempt from the rules imposed on others?","Titre : Loi sur le Climat : le Gouvernement exemptera Amazon et le E-Commerce des contraintes strictes de la future loi

Texte : La majorité LREM se prépare une fois de plus à exclure Amazon et le commerce en ligne des contraintes strictes de la prochaine loi sur le climat qui sera imposée à toutes les autres formes de commerce. Il s’agit encore d’une exception qui s’inscrit dans une doctrine macroniste de soutien indéfectible au géant de l’e-commerce. Voici un résumé de six mois de négociations.

Alors que la France sort progressivement du confinement, que les masques tombent enfin et que l’activité économique reprend, un débat intense se déroule dans les couloirs de l’Assemblée nationale, mobilisant les cabinets de lobbying les plus influents du secteur. Les parlementaires discutent de la Loi sur le Climat, en particulier de l’Article 52, qui fait toute l’attention.

L’idée, née de la convention climat, est de limiter l’artificialisation des sols à 10 000 mètres carrés pour tous les grands espaces de vente. Tous ? Pas tout à fait. Le gouvernement s’est toujours opposé à l’inclusion du commerce en ligne et de ses gigantesques entrepôts dans ce cadre très restrictif. Ikea, Lidl, Carrefour et les centres commerciaux devront respecter certaines conditions avant de construire un entrepôt, mais Amazon ou CDiscount pourront procéder sans hésitation.

Ce débat soulève des questions sur le statut du commerce en ligne. Amazon est-il un détaillant ordinaire comme les autres ? Comment les petits commerces indépendants peuvent-ils survivre face aux géants de l’e-commerce si ces derniers sont exemptés des règles imposées aux autres ?"
https://lemediaen442.fr/marie-estelle-dupont-psychologue-faire-peur-est-larme-des-gens-qui-ont-peur/,1,1,1,0,0,1,1,1,0,"Titre :Marie-Estelle Dupont, psychologue : faire peur est l’arme des gens qui ont peur texte :Pousser les Français à se faire vacciner en leur faisant peur de la mort, c’est la stratégie de dirigeants eux-mêmes dominés par la peur. Selon Marie-Estelle Dupont, psychologue, les marchands de peur comme Karine Lacombe sont les premiers à avoir peur. Leur personnalité leur dicte leur conduite. La menace de la carotte et du bâton pour infantiliser, la maladie pour faire peur, le monde d’avant pour rassurer. Autant de dérivés de la méthode d’interrogatoire du méchant flic et du gentil flic qui donne une cigarette en échange d’aveux. Bon, ce n’est qu’une théorie, car quand ça ne marche désespérément pas, Big Pharma passe, avec ses médias, à la menace directe (Emmanuel Lechypre), aux insultes (Thomas Porcher). De la même façon, Emmanuel Macron est passé de l’enfumage médiatique à la répression sauvage contre les Gilets Jaunes, pour finir par totalement emprisonner (euh… confiner) la population.","Marie-Estelle Dupont, psychologue : faire peur est l’arme des gens qui ont peur","Title: Marie-Estelle Dupont, Psychologist: Fear is the Weapon of People Who Are Afraid

Text: Pushing the French to get vaccinated by scaring them with death is the strategy of leaders themselves dominated by fear. According to Marie-Estelle Dupont, psychologist, fear merchants like Karine Lacombe are the first to be afraid. Their personalities dictate their behavior. The threat of carrots and sticks to infantilize, disease to scare, the pre-pandemic world to reassure—all are variations of the interrogation method used by the bad cop and the good cop who offers a cigarette in exchange for confessions. Well, this is just a theory, because when it desperately doesn’t work, Big Pharma, along with its media, resorts to direct threats (Emmanuel Lechypre), insults (Thomas Porcher). Similarly, Emmanuel Macron has moved from media smoke screens to savage repression against the Yellow Vests, ultimately ending with the complete imprisonment (uh... confinement) of the population.","Titre : Marie-Estelle Dupont, Psychologue : La peur est l'arme des personnes qui ont peur

Texte : Pousser les Français à se faire vacciner en leur faisant peur avec la mort est la stratégie de dirigeants eux-mêmes dominés par la peur. Selon Marie-Estelle Dupont, psychologue, les marchands de peur comme Karine Lacombe ont eux aussi peur. Leur personnalité dicte leur comportement. La menace des carottes et des bâtons pour infantiliser, la maladie pour faire peur, le monde d'avant la pandémie pour rassurer — toutes sont des variations de la méthode d'interrogation utilisée par le mauvais policier et le bon policier qui offre une cigarette en échange de confessions. Bon, ce n'est qu'une théorie, car lorsque cela ne fonctionne désespérément pas, Big Pharma, avec ses médias, recourt à des menaces directes (Emmanuel Lechypre), à des insultes (Thomas Porcher). De même, Emmanuel Macron est passé des écrans de fumée médiatiques à une répression sauvage contre les Gilets Jaunes, aboutissant finalement à l'emprisonnement complet (euh... confinement) de la population."
https://lemediaen442.fr/precarite-des-jeunes-martine-wonner-face-a-isabelle-borne/,0,1,1,1,1,0,1,1,0,"Titre :Précarité des jeunes : Martine Wonner face à Élisabeth Borne texte :Martine Wonner a interpellé, en commission des affaires sociales, la ministre du Travail Élisabeth Borne sur la précarité des jeunes. Elle rappelle que la moitié de la population en situation de pauvreté a moins de 30 ans et souligne la gestion catastrophique du Covid. « Vingt pour cent des étudiants sont et restent en précarité extrême et, ne nous méprenons pas, la crise sanitaire n’est pas la genèse de cette précarité. Mais elle l’a cependant très fortement accentuée devant le choix aujourd’hui de sacrifier la jeunesse dans la gestion de cette crise sanitaire. » Difficile de ne pas se remémorer ces longues files d’attente de jeunes allant se ravitailler pour manger. L’Abbé Pierre en aurait lâché sa petite phrase assassine face à cette précarité et à l’immobilisme d’un gouvernement plus occupé à tracer le virus qu’à s’occuper de la jeunesse. En répondant à Martine Wonner, la ministre du Travail a monté le ton car, selon Élisabeth Borne, le gouvernement prend les bonnes décisions. Reste à savoir quelles sont ces décisions, car ce n’est pas en se pavaner avec les Youtubeurs McFly et Carlito que le Président va sortir la jeunesse de son désespoir. Il est impératif que le gouvernement se connecte à la réalité et cesse de considérer les jeunes comme une variable d’ajustement",Précarité des jeunes : Martine Wonner face à Élisabeth Borne,"Title: Youth Precarity: Martine Wonner Confronts Élisabeth Borne

Text: Martine Wonner questioned, during the Social Affairs Committee, the Minister of Labour, Élisabeth Borne, about youth precariousness. She reminded that half of the population living in poverty is under 30 years old and highlighted the disastrous management of Covid. ""Twenty percent of students are, and remain, in extreme precariousness, and let’s not be mistaken, the health crisis is not the origin of this precariousness. However, it has significantly worsened it, especially given the current choice to sacrifice youth in managing this health crisis."" It’s hard not to recall those long lines of young people queuing for supplies to eat. Abbé Pierre would have made his sharp remark about this precarity and the government’s inertia, which seems more concerned with tracking the virus than taking care of youth. In response to Martine Wonner, the Minister of Labour raised her voice, claiming that the government is making the right decisions. But the question remains: what are these decisions? Because it’s not by flaunting around with YouTubers McFly and Carlito that the President will lift youth out of despair. It is imperative that the government connect with reality and stop considering young people as a variable to be adjusted.","Titre : Précarité des jeunes : Martine Wonner confronte Élisabeth Borne

Texte : Martine Wonner a interrogé, lors de la Commission des Affaires sociales, la ministre du Travail, Élisabeth Borne, sur la précarité des jeunes. Elle a rappelé que la moitié de la population vivant dans la pauvreté a moins de 30 ans et a souligné la gestion désastreuse du Covid. « Vingt pour cent des étudiants sont, et restent, en précarité extrême, et ne nous méprenons pas, la crise sanitaire n’est pas à l’origine de cette précarité. Cependant, elle l’a considérablement aggravée, notamment compte tenu du choix actuel de sacrifier la jeunesse dans la gestion de cette crise sanitaire. » Il est difficile de ne pas évoquer ces longues files de jeunes faisant la queue pour obtenir des denrées alimentaires. Abbé Pierre aurait fait une remarque acerbe à propos de cette précarité et de l’inertie du gouvernement, qui semble plus préoccupé par le traçage du virus que par la prise en charge de la jeunesse. En réponse à Martine Wonner, la ministre du Travail a haussé le ton, affirmant que le gouvernement prend les bonnes décisions. Mais la question demeure : quelles sont ces décisions ? Car ce n’est pas en exhibant des YouTubers comme McFly et Carlito que le Président sortira la jeunesse du désespoir. Il est impératif que le gouvernement se rapproche de la réalité et cesse de considérer les jeunes comme une variable à ajuster."
https://lemediaen442.fr/propagande-mauricette-revient-jouer-la-piece-on-vaccine-mamie-mais-les-francais-desapprouvent/,1,1,1,0,0,0,1,1,1,"Titre :Propagande : Mauricette revient jouer la pièce « On vaccine Mamie », mais les Français désapprouvent texte :Non Mauricette n’est pas morte. Elle est revenue jouer la pièce correctement cette fois. Plus de « Ah ! c’est pour faire un vaccin ? » Ce n’est plus une personne âgée un peu désorientée. Mamie a choisi, en toute conscience cette fois, de se faire vacciner, pour retrouver ses petits-enfants. Là, on a affaire de vrais acteurs. L’actrice principale ressemble à Mauricette. Mais c’est mieux que dans la vraie vie ! En tout cas, ça devait sonner moins faux que les commentaires des médias sur la vraie vie. Et finalement, c’est le contraire ! Plus la vie est présentée en rose avec le vaccin, moins on y croit. Preuve : 3 600 dislike pour 263 like. Raté !","Propagande : Mauricette revient jouer la pièce « On vaccine Mamie », mais les Français désapprouvent","Title: Propaganda: Mauricette Returns to Perform the Play ""We Vaccinate Grandma,"" but the French Disapprove

Text: No, Mauricette is not dead. She has come back to perform the play properly this time. No more ""Oh! Is it to give a vaccine?"" She is no longer portrayed as a slightly disoriented elderly person. Grandma has consciously chosen this time to get vaccinated, to be able to see her grandchildren again. Now, we're dealing with real actors. The lead actress looks like Mauricette. But it's better than in real life! In any case, it probably sounded less fake than the media comments on real life. And ultimately, it's the opposite! The more life is presented in a rosy light with the vaccine, the less we believe it. Proof: 3,600 dislikes versus 263 likes. Missed!","Titre : Propagande : Mauricette revient jouer la pièce « Nous vaccinons Mamie », mais les Français désapprouvent

Texte : Non, Mauricette n’est pas morte. Elle est revenue jouer la pièce correctement cette fois. Plus de « Oh ! Est-ce pour donner un vaccin ? » Elle n’est plus dépeinte comme une personne âgée légèrement désorientée. Mamie a consciemment choisi cette fois de se faire vacciner, pour pouvoir revoir ses petits-enfants. Maintenant, on a affaire à de vrais acteurs. La actrice principale ressemble à Mauricette. Mais c’est mieux que dans la vie réelle ! En tout cas, cela semblait probablement moins faux que les commentaires médiatiques sur la vie réelle. Et finalement, c’est le contraire ! Plus la vie est présentée sous un jour rose avec le vaccin, moins on y croit. Preuve : 3 600 dislikes contre 263 likes. Raté !"
https://lemediaen442.fr/twitter-ne-vous-bannira-plus-pour-avoir-appeler-les-transgenres-par-leur-ancien-nom-ou-leur-ancien-sexe/,1,1,1,0,1,0,1,1,0,"Titre :Twitter ne vous bannira plus pour avoir appelé les transgenres par leur ancien nom ou leur ancien sexe texte :Twitter a modifié sa politique en retirant les protections spécifiques pour les personnes transgenres. Cela incluait le fait de mal-genrer ou de mentionner un ancien nom d’une personne transgenre. De plus, Twitter a retiré une ligne de sa politique qui reconnaissait que certains groupes de personnes étaient plus susceptibles de subir des abus en ligne que d’autres. Cela laisse entendre une hiérarchisation de la souffrance. Pour Sarah Kate Ellis, la présidente et directrice générale du lobby GLAAD (« Alliance gay et lesbienne contre la diffamation »), qui a exprimé ses préoccupations quant à la décision de Twitter de revenir sur sa politique visant à protéger les utilisateurs LGBTQ+. Selon elle, cette décision place Twitter encore plus loin derrière ses concurrents tels que TikTok, Pinterest et Meta, qui maintiennent tous des politiques similaires pour protéger les utilisateurs transgenres. Ces changements font partie d’une série de mises à jour de la sécurité et de la modération de contenu de Twitter depuis l’arrivée d’Elon Musk à la tête de l’entreprise l’automne dernier. Parmi les autres changements et dans un souci d’équité, Twitter a rétabli les comptes d’utilisateurs injustement bannis, cessé d’appliquer la très controversée politique de désinformation sur la Covid-19 ou autorisé les utilisateurs à acheter des badges de vérification bleus. A contrario, le badge de vérification a été retiré des comptes de personnalités telles que Klaus Schwab, George Soros, Tristan Mendès France, Bill Gates ou Lady Gaga, ainsi qu’à de nombreux journalistes, professeurs et militants. Cela place les personnalités au même rang que n’importe quel citoyen du monde et devront s’acquitter de la modique somme de 8€/mois.",Twitter ne vous bannira plus pour avoir appelé les transgenres par leur ancien nom ou leur ancien sexe,"Title: Twitter Will No Longer Ban You for Calling Transgender People by Their Old Name or Old Gender

Text: Twitter has changed its policy by removing specific protections for transgender individuals. This included penalizing misgendering or mentioning a person's former name. Additionally, Twitter removed a line from its policy that acknowledged that certain groups of people are more likely to experience online abuse than others. This suggests a hierarchy of suffering. 

According to Sarah Kate Ellis, President and CEO of the GLAAD (Gay and Lesbian Alliance Against Defamation) advocacy group, who expressed concerns about Twitter's decision to reverse its policy aimed at protecting LGBTQ+ users, this move places Twitter even further behind competitors such as TikTok, Pinterest, and Meta, all of which maintain similar policies to protect transgender users.

These changes are part of a series of updates to Twitter's safety and content moderation policies since Elon Musk took over the company last fall. Among other changes, and in the interest of fairness, Twitter has reinstated accounts that were unjustly banned, ceased applying the highly controversial COVID-19 misinformation policy, and allowed users to purchase blue verification badges.

Conversely, the verification badge has been removed from the accounts of personalities such as Klaus Schwab, George Soros, Tristan Mendès France, Bill Gates, Lady Gaga, as well as many journalists, professors, and activists. This places these personalities on the same level as any other citizen and they will need to pay a modest fee of €8 per month.","Titre : Twitter ne vous bannira plus pour avoir appelé les personnes transgenres par leur ancien nom ou ancien genre

Texte : Twitter a modifié sa politique en supprimant certaines protections spécifiques pour les personnes transgenres. Cela incluait la pénalisation du mauvais genre ou de la mention de l’ancien nom d’une personne. De plus, Twitter a retiré une ligne de sa politique qui reconnaissait que certains groupes de personnes étaient plus susceptibles de subir des abus en ligne que d’autres. Cela suggère une hiérarchie de la souffrance.

Selon Sarah Kate Ellis, présidente et directrice générale de l’organisation de défense GLAAD (Gay and Lesbian Alliance Against Defamation), qui a exprimé ses inquiétudes concernant la décision de Twitter de revenir sur sa politique visant à protéger les utilisateurs LGBTQ+, cette démarche place Twitter encore plus en retard par rapport à ses concurrents tels que TikTok, Pinterest et Meta, qui maintiennent tous des politiques similaires pour protéger les utilisateurs transgenres.

Ces changements font partie d’une série de mises à jour des politiques de sécurité et de modération de contenu de Twitter depuis que Elon Musk a repris la société à l’automne dernier. Parmi d’autres modifications, et dans un souci d’équité, Twitter a réintégré des comptes qui avaient été injustement bannis, a cessé d’appliquer la politique très controversée sur la désinformation liée au COVID-19, et a permis aux utilisateurs d’acheter des badges de vérification bleus.

Inversement, le badge de vérification a été retiré des comptes de personnalités telles que Klaus Schwab, George Soros, Tristan Mendès France, Bill Gates, Lady Gaga, ainsi que de nombreux journalistes, professeurs et activistes. Cela place ces personnalités au même niveau que n’importe quel autre citoyen, qui devront payer une modeste somme de 8 € par mois."
https://lesakerfrancophone.fr/la-relation-entre-la-technologie-et-la-religion,0,1,1,0,1,0,0,0,0,"Titre :La relation entre la technologie et la religion texte :De nombreux laïcs et non-croyants de toutes sortes ont tendance à considérer la religion et la science comme fondamentalement incompatibles. Cette incompatibilité est également imaginée pour s’étendre à la relation entre la religion et la technologie, puisque la technologie est un produit de la science et que la science ne peut pas aller de l’avant sans la technologie, surtout aujourd’hui. Ainsi, bon nombre d’athées s’émerveillent avec incrédulité du nombre d’ingénieurs qui sont également des créationnistes et du nombre de personnes dans les industries de haute technologie qui affichent de grandes motivations religieuses. Mélanger technologie et religion Pourquoi assistons-nous à un enchantement généralisé pour la technologie et en même temps à une résurgence mondiale du fondamentalisme religieux ? Nous ne devrions pas supposer que la montée des deux est simplement une coïncidence. Au lieu de présumer que l’éducation et la formation derrière la science et la technologie devraient toujours aboutir à plus de scepticisme religieux et même un peu plus d’athéisme, nous devrions nous demander si peut-être les observations empiriques ne confirment pas nos idées. Les athées sont souvent prêts à critiquer les théistes pour ne pas avoir traité des preuves qui ne répondent pas aux attentes, alors ne tombons pas dans ce même piège. Peut-être y a-t-il des impulsions religieuses sous-jacentes à la poussée de la technologie qui a caractérisé la modernité – des impulsions religieuses qui pourraient également affecter les athées laïcs, s’ils ne sont pas suffisamment conscients d’eux-mêmes pour remarquer ce qui se passe. De telles impulsions pourraient empêcher la technologie et la religion d’être incompatibles. Peut-être que la technologie elle-même devient religieuse par elle-même, éliminant ainsi également les incompatibilités. Les deux possibilités doivent être explorées. Les deux se produisent peut-être depuis des centaines d’années, mais les fondements religieux clairs du progrès technologique sont soit ignorés, soit cachés comme des parents embarrassants. L’enthousiasme que tant de gens ont eu pour la technologie est souvent enraciné – parfois sans le savoir – dans les mythes religieux et les rêves anciens. C’est malheureux car la technologie s’est avérée capable de causer de terribles problèmes à l’humanité, et l’une des raisons à cela peut être les impulsions religieuses que les gens ignorent. La technologie, comme la science, est une marque déterminante de la modernité et si l’avenir doit s’améliorer, certaines prémisses élémentaires devront être identifiées, reconnues et, espérons-le, éliminées. Transcendance religieuse et technologique La clé de tout cela est la transcendance. La promesse de transcender la nature, nos corps, nos natures humaines, nos vies, nos morts, notre histoire, etc. est un élément fondamental de la religion qui n’est souvent pas explicitement reconnu. Cela va bien au-delà de la peur commune de la mort et du désir de la surmonter et aboutit à une négation de tout ce que nous sommes dans un effort pour devenir entièrement autre chose. Depuis mille ans dans la culture occidentale, l’avancement des arts mécaniques – la technologie – a été inspiré par de profonds désirs religieux de transcendance et de rédemption. Bien qu’actuellement occultée par le langage et l’idéologie laïques, la résurgence contemporaine de la religion, voire de l’intégrisme, aux côtés et de pair avec la technologie n’est donc pas une aberration mais simplement la réaffirmation d’une tradition oubliée. Si vous ne reconnaissez pas et ne comprenez pas comment la transcendance religieuse et technologique se sont développées ensemble, vous ne pourrez jamais les contrer avec succès – et encore moins reconnaître quand elles pourraient également se développer en vous. Science médiévale et religion médiévale Le projet d’avancement technologique n’est pas un développement récent ; ses racines remontent au Moyen Âge — et c’est là aussi que se développe le lien entre technologie et religion. La technologie en est venue à être identifiée spécifiquement avec la transcendance chrétienne d’un monde de péchés et la rédemption chrétienne d’une nature humaine déchue. Au début de l’ère chrétienne, rien de tel n’était envisagé. Dans La Cité de Dieu il est écrit que « en dehors de l’art surnaturel de vivre dans la vertu et d’atteindre la béatitude immortelle », rien de ce que les humains peuvent faire ne peut offrir une quelconque consolation pour une vie condamnée à la misère. Les arts mécaniques, aussi avancés soient-ils, n’existaient que pour aider les humains déchus et rien de plus. La rédemption et la transcendance ne pouvaient être atteintes que par la Grâce imméritée de Dieu. Cela a commencé à changer au début du Moyen Âge. Bien que la raison en soit incertaine, l’historienne Lynn White a suggéré que l’introduction de la charrue lourde vers la fin du VIIIe siècle en Europe occidentale aurait pu jouer un rôle. Nous sommes habitués à l’idée de l’assujettissement de l’environnement par l’humanité, mais il faut se rappeler que les gens n’ont pas toujours vu les choses de cette façon. Dans la Genèse, l’homme avait reçu la domination sur le monde naturel, mais il avait ensuite péché et l’avait perdu, et devait par la suite gagner sa vie « à la sueur de son front ». Grâce à la technologie, cependant, les humains pourraient regagner une partie de cette domination et accomplir des choses qu’ils n’auraient jamais pu faire seuls. Au lieu que la nature soit toujours un cran au dessus de l’humanité, pour ainsi dire, la relation entre l’humanité et la nature s’est inversée – la capacité de la machine à travailler est devenue la nouvelle norme, permettant aux gens d’exploiter ce qu’ils avaient. La charrue lourde peut ne pas sembler être un gros changement, mais c’était la première et importante étape du processus. Après cela, les machines et les arts mécaniques ont commencé à être représentés dans les illuminations monastique des calendriers, contrairement à l’utilisation antérieure d’images uniquement spirituelles. D’autres illuminations dépeignent des avancées technologiques aidant les armées des justes de Dieu tandis que l’opposition du mal est décrite comme technologiquement inférieure. C’est peut-être ici que nous voyons les prémices de ce changement d’attitude s’installer et que la technologie devient un aspect de la vertu chrétienne. Tout simplement : ce qui était bon et productif dans la vie s’est identifié au système religieux dominant. Sciences monastiques Les principaux moteurs de l’identification de la religion à la technologie étaient les ordres monastiques, pour qui le travail était déjà effectivement une autre forme de prière et de culte. Cela était particulièrement vrai des moines bénédictins. Au VIe siècle, les arts pratiques et le travail manuel étaient enseignés comme éléments vitaux de la dévotion monastique dont le but de tout temps était la poursuite de la perfection ; le travail manuel n’était pas une fin en soi mais était toujours fait pour des raisons spirituelles. Les arts mécaniques – la technologie – s’inscrivaient facilement dans ce programme et étaient donc eux-mêmes investis d’un but spirituel. Il est important de noter que selon la théologie patristique dominante, les humains n’étaient divins que dans leur nature spirituelle. Le corps était déchu et pécheur, donc la rédemption ne pouvait être obtenue qu’en transcendant le corps. La technologie a fourni un moyen d’y parvenir en permettant à un humain d’accomplir bien plus que ce qui était autrement physiquement possible. La technologie a été déclarée par la philosophe carolingienne Erigena (qui a inventé le terme artesmechaniae , arts mécaniques) comme faisant partie de la dotation originelle de Dieu de l’humanité et non comme un produit de notre état déchu ultérieur. Il a écrit que les arts sont « les liens de l’homme avec le Divin, [et] les cultiver un moyen de salut ». Grâce à l’effort et à l’étude, nos pouvoirs d’avant la chute pourraient peut-être être retrouvés et ainsi nous serions bien avancés pour atteindre la perfection et la rédemption. Il serait difficile d’exagérer l’importance de ce changement idéologique. Les arts mécaniques n’étaient plus simplement une nécessité brute pour les humains déchus ; au lieu de cela, ils s’étaient christianisés et investis d’une signification spirituelle qui ne ferait que croître avec le temps. Millénarisme mécanique Le développement du millénarisme dans le christianisme a également eu un impact significatif sur le traitement de la technologie. Pour Augustin, le temps était laborieux et immuable – il n’était que le compte des humains déchus n’allant nulle part, en tout cas, pas de si tôt. Pendant si longtemps, il n’y a eu aucun enregistrement clair et tangible d’aucune sorte de progrès. Le développement technologique a changé tout cela, surtout une fois qu’il a été identifié comme ayant une importance spirituelle. La technologie pouvait, d’une manière que tout le monde voyait et expérimentait de première main, donner l’assurance que l’humanité améliorait sa position dans la vie et réussissait sur la nature. Une mentalité de « nouveau millénarisme » s’est développée, utilisant explicitement les fruits de la technologie. L’histoire humaine a été redéfinie loin du concept d’Augustin du temps pénible et larmoyant et vers une poursuite active : les tentatives d’atteindre la perfection. On ne s’attendait plus à ce que les gens fassent face passivement et aveuglément à une sombre histoire. Au lieu de cela, les gens sont censés travailler consciemment à se perfectionner, en partie grâce à l’utilisation de la technologie. Plus les arts mécaniques se développaient et plus les connaissances augmentaient, plus il semblait que l’humanité se rapprochait de la fin. Christophe Colomb, par exemple, pensait que le monde finirait environ 150 ans après son époque et se considérait même comme jouant un rôle dans l’accomplissement des prophéties de la fin des temps. Il a contribué à la fois à l’élargissement de la technologie marine et au développement des connaissances brutes avec la découverte de nouveaux continents. Les deux étaient considérés par beaucoup comme des jalons importants sur le chemin de la perfection et, par conséquent, de la fin. De cette façon, la technologie devenait partie intégrante de l’eschatologie chrétienne. Science des Lumières et religion des Lumières L’Angleterre et les Lumières ont joué un rôle important dans le développement de la technologie en tant que moyen matériel à des fins spirituelles. La sotériologie (l’étude du salut) et l’eschatologie (l’étude de la fin des temps) étaient des préoccupations courantes dans les milieux savants. La plupart des hommes instruits ont pris très au sérieux la prophétie de Daniel selon laquelle « beaucoup courront çà et là, et la connaissance augmentera » (Daniel 12:4) comme un signe que la fin était proche. Leurs tentatives d’accroître les connaissances sur le monde et d’améliorer la technologie humaine ne faisaient pas partie d’un programme impartial pour simplement en savoir plus sur le monde, mais plutôt pour être actifs dans les attentes millénaristes de l’Apocalypse. La technologie a joué un rôle clé à cet égard en tant que moyen par lequel les humains ont retrouvé la maîtrise du monde naturel promise dans la Genèse, mais que l’humanité a perdue lors de la Chute. Comme l’observe l’historien Charles Webster, « les puritains pensaient sincèrement que chaque étape de la conquête de la nature représentait un pas vers la condition millénaire ». Roger Bacon Une figure importante dans le développement de la science occidentale moderne est Roger Bacon. Pour Bacon, la science signifiait principalement la technologie et les arts mécaniques – pas à des fins ésotériques mais à des fins utilitaires. L’un de ses intérêts était que l’Antéchrist ne soit pas le seul à posséder des outils technologiques dans les batailles apocalyptiques à venir. Bacon a écrit que: L’Antéchrist utilisera ces moyens librement et efficacement, afin qu’il puisse écraser et confondre le pouvoir de ce monde … l’Église devrait envisager l’emploi de ces inventions en raison des périls futurs aux temps de l’Antéchrist qui, avec la grâce de Dieu, serait facile d’obtenir, si les prélats et les princes favorisaient l’étude et enquêtaient sur les secrets de la nature. Bacon croyait également, comme d’autres, que le savoir-faire technologique était un droit de naissance originel de l’humanité qui avait tout simplement été perdu dans la Chute. Écrivant dans son Opus Majus , il a suggéré que les lacunes contemporaines de la compréhension humaine découlent directement du péché originel : « En raison du péché originel et des péchés particuliers de l’individu, une partie de la connaissance a été endommagée, car la raison est aveugle, la mémoire est faible, et ils seront dépravés. » Ainsi, pour Bacon, l’une des premières lumières du rationalisme scientifique, la poursuite de la connaissance et de la technologie avait trois raisons : premièrement, pour que les avantages de la technologie ne soient pas la seule province de l’Antéchrist ; deuxièmement, afin de regagner le pouvoir et les connaissances perdus après la Chute en Éden ; et troisièmement, afin de surmonter les péchés individuels actuels et d’atteindre la perfection spirituelle. Héritage baconien Les successeurs de Bacon dans la science anglaise l’ont suivi de très près dans ces buts. Comme le note Margaret Jacob : « Presque tous les scientifiques ou promoteurs scientifiques anglais importants du XVIIe siècle, de Robert Boyle à Isaac Newton, croyaient au millénarisme qui approchait. » Cela s’accompagnait du désir de retrouver la perfection originelle et la connaissance adamique perdues avec la Chute. La Royal Society a été fondée en 1660 dans le but d’améliorer les connaissances générales et les connaissances pratiques; ses boursiers ont travaillé dans des enquêtes expérimentales et dans les arts mécaniques. Philosophiquement et scientifiquement, les fondateurs ont été fortement influencés par Francis Bacon. John Wilkins, par exemple, a affirmé dans The Beauty of Providence que l’avancement des connaissances scientifiques permettrait à l’humanité de se remettre de la chute. Robert Hooke a écrit que la Royal Society existait « pour tenter de récupérer les arts et inventions autorisés qui sont perdus ». Thomas Sprat était certain que la science était le moyen idéal pour établir « la rédemption de l’homme ». Robert Boyle pensait que les scientifiques avaient une relation spéciale avec Dieu – qu’ils étaient « nés prêtres de la nature » et qu’ils auraient finalement « une bien plus grande connaissance du merveilleux univers de Dieu qu’Adam lui-même n’aurait pu en avoir ». Les francs-maçons en sont une excroissance directe et un excellent exemple. Dans les écrits maçonniques, Dieu est identifié très spécifiquement comme un praticien des arts mécaniques, le plus souvent comme le « Grand Architecte » qui avait « les Sciences Libérales, en particulier la Géométrie, écrites sur son Cœur ». Les membres sont encouragés à pratiquer les mêmes arts scientifiques non seulement pour récupérer les connaissances adamiques perdues, mais aussi pour devenir plus divins. La franc-maçonnerie était un moyen de rédemption et de perfection par la culture de la science et de la technologie. Un héritage particulier de la franc-maçonnerie pour le reste de la société est le développement de l’ingénierie en tant que profession par les francs-maçons en Angleterre. Auguste Comte a écrit sur le rôle que les ingénieurs joueraient dans la reconquête de l’Eden par l’humanité : « l’établissement de la classe des ingénieurs … constituera, sans aucun doute, l’instrument direct et nécessaire d’une coalition entre hommes de science et industriels, par laquelle seule le nouvel ordre social peut commencer. » Comte suggéra qu’eux, le nouveau sacerdoce, imitent les prêtres et les moines en renonçant aux plaisirs de la chair. À ce stade, il convient de noter que dans le récit de la Genèse, la chute se produit lorsqu’Adam et Eve mangent le fruit défendu de la connaissance – la connaissance du bien et du mal. Il est donc ironique de voir des scientifiques promouvoir une augmentation des connaissances dans le but de retrouver la perfection perdue. Science moderne et religion moderne Rien de décrit jusqu’à présent n’est de l’histoire ancienne car l’héritage de la science et de la technologie religieuses reste avec nous. Aujourd’hui, les impulsions religieuses qui sous-tendent le progrès technologique prennent deux formes générales : utiliser des doctrines religieuses explicites, en particulier le christianisme, pour expliquer pourquoi la technologie doit être poursuivie et utiliser des images religieuses de transcendance et de rédemption éloignées des doctrines religieuses traditionnelles mais sans qu’elles perdent tout pouvoir de motivation. Un exemple du premier peut être trouvé dans l’exploration spatiale moderne. Le père de la fusée moderne, Werner Von Braun, a utilisé le millénarisme chrétien pour expliquer son désir d’envoyer des humains dans l’espace. Il a écrit que le monde a été « bouleversé » lorsque Jésus est venu sur terre et que « la même chose peut se reproduire aujourd’hui » en explorant l’espace. La science n’entrait pas en conflit avec sa religion, mais la confirmait plutôt : « Dans cette atteinte du nouveau millénaire par la foi en Jésus-Christ, la science peut être un outil précieux plutôt qu’un obstacle ». Le « millénaire » dont il parlait était la fin des temps. Cette ferveur religieuse a été portée par d’autres dirigeants du programme spatial américain. Jerry Klumas, autrefois ingénieur système chevronné à la NASA, a écrit que le christianisme explicite était normal au centre spatial Johnson et que l’augmentation des connaissances apportées par le programme spatial était un accomplissement de la prophétie susmentionnée de Daniel. Tous les premiers astronautes américains étaient de fervents protestants. Il était courant pour eux de se livrer à des rituels religieux ou à des rêveries lorsqu’ils étaient dans l’espace, et ils ont généralement rapporté que l’expérience du vol spatial avait réaffirmé leur foi religieuse. La première mission habitée sur la lune a retransmis la lecture de la Genèse. Avant même que les astronautes ne débarquent sur la lune, Edwin Aldrin a fait la communion dans la capsule – c’était le premier liquide et le premier aliment mangé sur la lune. Il a rappelé plus tard qu’il voyait la Terre d’un point de vue « physiquement transcendant » et espérait que l’exploration spatiale amènerait les gens à « s’éveiller à nouveau aux dimensions mythiques de l’homme ». Intelligence artificielle La tentative de séparer la pensée de l’esprit humain représente une autre tentative de transcender la condition humaine. Au début, les raisons étaient plus explicitement chrétiennes. Descartes considérait le corps comme une preuve de la «déchéance» de l’humanité plutôt que comme une divinité. La chair s’opposait à la raison et empêchait l’esprit de poursuivre l’intellect pur. Sous son influence, les tentatives ultérieures de créer une « machine à penser » sont devenues des tentatives de séparer « l’esprit » immortel et transcendant de la chair mortelle et déchue. Edward Fredkin, l’un des premiers apôtres et chercheurs dans le domaine de l’intelligence artificielle, est devenu convaincu que son développement était le seul espoir de vaincre les limites et la folie humaines. Selon lui, il était possible de voir le monde comme un « grand ordinateur » et il voulait écrire un « algorithme global » qui, s’il était exécuté méthodiquement, conduirait à la paix et à l’harmonie. Marvin Minsky, qui a dirigé le programme d’IA au MIT, considérait le cerveau humain comme rien de plus qu’une « machine à viande » et le corps comme un « gâchis sanglant de matière organique ». C’était son espoir de réaliser quelque chose de plus et de plus grand – des moyens de transcender ce qu’était son humanité. Le cerveau et le corps étaient, selon lui, facilement remplaçables par des machines. Quand il s’agit de la vie, seul le « mental » est vraiment important et c’est quelque chose qu’il voulait réaliser par la technologie. Il existe des désirs communs parmi les membres de la communauté de l’IA d’utiliser des machines pour transcender leur propre vie : télécharger leur « esprit » dans des machines et peut-être vivre éternellement. Hans Moravec a écrit que les machines intelligentes fourniraient à l’humanité «l’immortalité personnelle par greffe d’esprit» et que ce serait une «défense contre la perte gratuite de connaissances et de fonctions qui est le pire aspect de la mort personnelle». Cyberespace Il n’y a pas assez de temps ou d’espace pour aborder les nombreux thèmes religieux derrière les armes nucléaires ou le génie génétique, mais le développement du cyberespace et d’Internet ne peuvent être ignoré ici. Il ne fait aucun doute que la progression d’Internet dans la vie des gens a un effet profond sur la culture humaine. Que l’on soit technophile qui s’en réjouisse ou néo-luddite qui s’y oppose, tous s’accordent à dire que quelque chose de nouveau prends forme. Beaucoup des premiers considèrent cela comme une forme de salut tandis que les seconds voient cela comme une autre chute. Si vous lisez les écrits de nombreux technophiles qui travaillent dur pour promouvoir l’utilisation du cyberespace, vous ne pouvez qu’être frappé par le mysticisme évident inhérent aux expériences qu’ils tentent de décrire. Karen Armstrong a décrit l’expérience mystique de la communion comme « un sentiment d’unité de toutes choses … le sentiment d’absorption dans une réalité plus grande et ineffable ». Bien qu’elle ait eu à l’esprit les systèmes religieux traditionnels, il convient de se souvenir de cette description lorsque nous examinons des déclarations ostensiblement non religieuses d’apôtres laïcs du cyberespace. John Brockman, éditeur numérique et auteur, a écrit : « Je suis Internet. Je suis le World Wide Web. Je suis l’information. Je suis content ». Michael Heim, consultant et philosophe, a écrit : « Notre fascination pour les ordinateurs… est plus profondément spirituelle qu’utilitaire. Lorsque nous sommes en ligne, nous nous libérons de l’existence corporelle ». Nous imitons alors la « perspective de Dieu », une unicité de la « connaissance divine ». Michael Benedikt écrit : « La réalité, c’est la mort. Si seulement nous le pouvions, nous errerions sur la terre et ne quitterions jamais la maison ; nous jouirions de triomphes sans risques et mangerions de l’Arbre sans être punis, fréquenterions quotidiennement des anges, entrerions au ciel maintenant et non en mourant. » Une fois de plus, nous constatons que la technologie – Internet – est promue comme un moyen d’atteindre la transcendance. Pour certains, il s’agit d’une transcendance religieuse non traditionnelle du corps et des limites matérielles dans le domaine éphémère et ineffable connu sous le nom de « cyberespace ». Pour d’autres, c’est une tentative de transcender nos limites et de réacquérir la divinité personnelle. Technologie et religion Dans d’autres sections, nous avons examiné la question de savoir si oui ou non la science et la technologie étaient réellement incompatibles avec la religion, comme on le pense si souvent. Il semble qu’ils puissent parfois être très compatibles, et en outre que la poursuite du progrès technologique a souvent été le résultat direct de la religion et des aspirations religieuses. Mais ce qui devrait davantage préoccuper les laïcs et les non-croyants, c’est le fait que ces aspirations religieuses ne sont pas toujours de nature religieuse évidente – et si elles ne sont pas si manifestement religieuses au sens traditionnel, on pourrait ne pas reconnaître une impulsion religieuse croissante en eux-mêmes. Parfois, le désir ou la promotion du progrès technologique découle de l’impulsion religieuse fondamentale de transcender l’humanité. Alors que les histoires religieuses traditionnelles et la mythologie (telles que les références chrétiennes explicites à Eden) peuvent avoir disparu depuis, l’impulsion reste fondamentalement religieuse, même lorsqu’elle n’est plus reconnaissable pour ceux qui y sont activement engagés. Pour tous les objectifs de transcendance d’un autre monde, cependant, des puissances très mondaines en ont bénéficié. Les moines bénédictins ont été parmi les premiers à utiliser la technologie comme outil spirituel, mais finalement, leur statut dépendait de leur loyauté envers les rois et les papes – et ainsi le travail a cessé d’être une forme de prière et est devenu un moyen de richesse et d’impôts. Francis Bacon rêvait de rédemption technologique, mais réalisa l’enrichissement de la cour royale et plaça toujours la direction d’un nouvel Eden entre les mains d’une élite aristocratique et scientifique. Le schéma se poursuit aujourd’hui : les développeurs d’armes nucléaires, d’exploration spatiale et d’intelligence artificielle sont peut-être poussés par des désirs religieux, mais ils sont soutenus par le financement militaire et les résultats de leurs efforts sont des gouvernements plus puissants, un statu quo plus pernicieux et une élite prééminente de technocrates. La technologie comme religion La technologie cause des problèmes; il n’y a aucun doute sur ce fait, malgré toutes nos tentatives d’utiliser la technologie pour résoudre nos problèmes. Les gens ne cessent de se demander pourquoi les nouvelles technologies n’ont pas résolu nos problèmes et répondu à nos besoins. peut-être pouvons-nous maintenant suggérer une réponse possible et partielle : ils n’ont jamais été censés le faire. Pour beaucoup, le développement des nouvelles technologies a consisté à transcender complètement les préoccupations mortelles et matérielles. Lorsqu’une idéologie, une religion ou une technologie est poursuivie dans le but d’échapper à la condition humaine où les problèmes et les déceptions sont une réalité de la vie, il ne devrait pas être du tout surprenant que ces problèmes humains ne soient pas vraiment résolus, lorsque les besoins humains ne sont pas entièrement satisfaits et lorsque de nouveaux problèmes apparaissent. C’est en soi un problème fondamental avec la religion et pourquoi la technologie peut être une menace – en particulier lorsqu’elle est poursuivie pour des raisons religieuses. Pour tous les problèmes que nous nous créons, nous seuls pourrons les résoudre — et la technologie sera l’un de nos principaux moyens. Ce qu’il faut, ce n’est pas tant un changement de moyens en abandonnant la technologie, mais un changement d’idéologie en abandonnant le désir égaré de transcender la condition humaine et de s’envoler du monde. Ce ne sera pas facile à faire. Au cours des deux derniers siècles, le développement technologique est devenu inévitable et essentiellement déterministe. L’utilisation et le développement de la technologie ont été retirés des débats politiques et idéologiques. Les objectifs ne sont plus considérés, juste les moyens. On a supposé que le progrès technologique se traduirait automatiquement par une société améliorée – assistez simplement à la course pour installer des ordinateurs dans les écoles sans aucune considération de la façon dont ils seront utilisés, et encore moins toute tentative de déterminer qui paiera pour les techniciens, les mises à niveau, la formation, et la maintenance une fois les ordinateurs achetés. Poser des questions à ce sujet est considéré comme non pertinent – et pire, irrévérencieux. Mais c’est quelque chose que nous, athées et laïcs, en particulier, devons nous demander. Un grand nombre d’entre nous sommes de grands promoteurs de la technologie. La plupart des personnes qui lisent ceci sur Internet sont de grands fans des pouvoirs et des potentiels du cyberespace. Nous avons déjà rejeté les mythologies religieuses traditionnelles comme motivations dans nos vies, mais l’un d’entre nous a-t-il manqué des motivations vers la transcendance héritées dans notre promotion du technologique ? Combien d’athées laïcs qui passent autrement du temps à critiquer la religion sont en fait poussés par une impulsion religieuse non reconnue à transcender l’humanité lorsqu’ils font la promotion de la science ou de la technologie ? Nous devons nous regarder longuement et sérieusement et répondre honnêtement : nous tournons-nous vers la technologie pour échapper à la condition humaine avec tous ses problèmes et ses déceptions ? Ou cherchons-nous plutôt à améliorer la condition humaine, malgré ses défauts et ses imperfections ?",La relation entre la technologie et la religion,"Title: The Relationship Between Technology and Religion

Text: Many laypeople and non-believers of all kinds tend to see religion and science as fundamentally incompatible. This incompatibility is also imagined to extend to the relationship between religion and technology, since technology is a product of science and science cannot advance without technology—especially today. Thus, many atheists marvel with disbelief at the number of engineers who are also creationists and the number of people in high-tech industries who display strong religious motivations.

Mixing Technology and Religion

Why do we witness a widespread fascination with technology alongside a global resurgence of religious fundamentalism? We should not assume that the rise of both is merely coincidental. Instead of presuming that education and training in science and technology should always lead to greater religious skepticism and even a bit more atheism, we should ask ourselves whether perhaps empirical observations do not confirm our ideas. 

Atheists are often willing to criticize theists for not having addressed evidence that does not meet expectations, so let’s not fall into the same trap. Perhaps there are underlying religious impulses behind the push for technology that has characterized modernity—religious impulses that could also affect secular atheists if they are not sufficiently self-aware to notice what is happening. Such impulses could prevent technology and religion from being incompatible. Maybe technology itself becomes religious in its own right, thereby also eliminating the supposed incompatibilities. Both possibilities must be explored. 

Both may have been occurring for hundreds of years, but the clear religious foundations of technological progress are either ignored or hidden as embarrassing relatives. The enthusiasm many people have for technology is often rooted—sometimes unknowingly—in religious myths and ancient dreams. This is unfortunate because technology has proven capable of causing terrible problems for humanity, and one reason for this may be the religious impulses that people ignore. 

Technology, like science, is a defining mark of modernity, and if the future is to improve, some basic premises will need to be identified, recognized, and hopefully eliminated.

Religious and Technological Transcendence

The key to all of this is transcendence. The promise to transcend nature, our bodies, our human natures, our lives, our deaths, our history, etc., is a fundamental element of religion that is often not explicitly acknowledged. It goes far beyond the common fear of death and the desire to overcome it, leading to a negation of all that we are in an effort to become entirely something else.

For a thousand years in Western culture, the","Titre : La relation entre la technologie et la religion

Texte : De nombreux laïcs et non-croyants de toutes sortes ont tendance à voir la religion et la science comme fondamentalement incompatibles. Cette incompatibilité est également supposée s’étendre à la relation entre la religion et la technologie, puisque la technologie est un produit de la science et que la science ne peut progresser sans la technologie — surtout aujourd’hui. Ainsi, de nombreux athées s’émerveillent avec incrédulité du nombre d’ingénieurs qui sont aussi créationnistes et du nombre de personnes dans les industries de haute technologie qui manifestent de fortes motivations religieuses.

Mélanger la technologie et la religion

Pourquoi assistons-nous à une fascination répandue pour la technologie parallèlement à une résurgence mondiale du fondamentalisme religieux ? Nous ne devrions pas supposer que la montée de ces deux phénomènes est simplement fortuite. Au lieu de présumer que l’éducation et la formation en sciences et en technologie devraient toujours conduire à un scepticisme religieux accru, voire à un peu plus d’athéisme, nous devrions nous demander si, peut-être, les observations empiriques ne confirment pas nos idées.

Les athées sont souvent disposés à critiquer les théistes pour ne pas avoir pris en compte des preuves qui ne correspondent pas à leurs attentes, alors ne tombons pas dans le même piège. Peut-être existe-t-il des impulsions religieuses sous-jacentes derrière la poussée pour la technologie qui a caractérisé la modernité — des impulsions religieuses qui pourraient également influencer les athées séculiers s’ils ne sont pas suffisamment conscients d’eux-mêmes pour remarquer ce qui se passe. De telles impulsions pourraient empêcher la technologie et la religion d’être incompatibles. Peut-être que la technologie elle-même devient religieuse en soi, éliminant ainsi les incompatibilités supposées. Les deux possibilités doivent être explorées.

Les deux ont peut-être été en cours depuis des centaines d’années, mais les fondements religieux évidents du progrès technologique sont soit ignorés, soit dissimulés comme des proches embarrassants. L’enthousiasme que beaucoup de personnes ont pour la technologie est souvent enraciné — parfois à leur insu — dans des mythes religieux et des rêves anciens. C’est dommage, car la technologie a prouvé qu’elle pouvait causer"
https://lesakerfrancophone.fr/quelques-remarques-sur-lukraine-et-les-medias,1,1,1,0,1,0,1,1,0,"Titre :Quelques remarques sur l’Ukraine et les médias texte :Permettez-moi de commencer mon article d’aujourd’hui par deux recommandations de lecture. Lambert Strether et Yves Smith de Naked Capitalism discutent d’un article sur l’opération russe en Ukraine qui avait été imprimé dans la Marine Corps Gazette et dont des fac-similés ont été publiés il y a deux semaines sur Twitter et plus tard dans leur intégralité sur Reddit et par Southfront. L’évaluation par un Marine de l' »opération » militaire russe en Ukraine (une « profonde appréciation des trois domaines dans lesquels les guerres sont menées« ) Note du Saker Francophone Notre équipe l’a transcrit et traduit. Il sera publié la semaine prochaine avec l’article de SouthFront. J’avais lu l’article de la Gazette lors de sa première parution il y a quelques semaines et je l’avais trouvé excellent. Il dépeint, de manière réaliste, les premiers mouvements russes vers Kiev comme étant une feinte. C’est également mon avis. La feinte, avec trop peu de troupes pour occuper réellement Kiev, avait un objectif politique et militaire. Sur le plan politique, elle a mis la pression sur le gouvernement ukrainien pour qu’il accepte rapidement les conditions russes pour un cessez-le-feu. Cela a failli fonctionner puisque les négociations entre la Russie et l’Ukraine, à la fin du mois de mars en Turquie, avaient des résultats prometteurs. Mais les pourparlers ont été sabotés par l’intervention de Boris Johnson à Kiev où, s’exprimant au nom de Joe Biden, il a exigé la poursuite de la guerre, ce que Zelensky s’est empressé de faire. Militairement, la feinte a eu des résultats quasi parfaits. Quelque 100 000 soldats ukrainiens furent bloqués autour de Kiev, tandis que les troupes russes de Crimée se déplaçaient presque sans opposition pour relier la presqu’île par un pont terrestre au Donbass et à la Russie et s’emparaient également d’un important pied-à-terre à Kherson, sur la rive ouest du Dniepr. Cette feinte hâtive a coûté cher en pertes russes, mais a contribué à établir des situations de front à l’est et au sud qui ont permis la destruction massive des forces ukrainiennes avec un minimum de pertes du côté russe. Lorsque la feinte vers Kiev n’a plus été utile, les forces russes sont retournées à leurs positions de départ sans trop de combats. Les Ukrainiens ont affirmé qu’il s’agissait d’une victoire, mais ils n’avaient pratiquement rien eu à voir avec cette retraite bien planifiée et exécutée. Il est remarquable que la Gazette ait publié un article qui confirme ce point de vue. Encore plus remarquable, comme le note Lambert, est le manque d’écho que cet article a eu dans les médias américains : Nous sommes le 14 août. L’article de « Marinus » dans le numéro d’août de MCG est disponible depuis le 29 juillet au plus tard, la première fois à la source japonaise. La deuxième fois, il apparaît le 9 août, dans un agrégateur en langue russe. La troisième, le 12 août, sur Reddit. Cela fait deux semaines, et les médias, collectivement, sont avides de nouvelles. Alors où est la couverture du Times ? Où est le Washington Post ? Où est Foreign Policy ? Où est Foreign Affairs ? Où est The Atlantic ? Où est le Council on Foreign Relations ? Où se trouve l’Institute for the Study of War ? Où, plus loin, se trouve Defense One ? The Drive ? Ils sont tous silencieux. Et pourtant, ce que nous avons, comme le montre la citation du titre de ce post à elle seule, c’est une rupture significative de l’orthodoxie sur l’Ukraine et les capacités russes en général, publié dans le magazine professionnel du corps des Marines des États-Unis. Bizarre, très bizarre ! En effet … Aujourd’hui, j’ai appris que le « Marinus » anonyme qui a écrit l’article de la Marine Corps Gazette serait le général à la retraite Karl Van Riper, bien connu pour avoir gâché le jeu de guerre Millennium Challenge en y appliquant des conditions réalistes. Ce type est détesté par les hautes huiles du Pentagone. Au fait, un fac-similé de la première partie de l’article de Marine Gazette est disponible ici. Un autre excellent article de la Gazette sur la façon de combattre des Russes, datant de janvier 2022, est disponible ici. Un autre excellent article que j’ai trouvé grâce à un lien sur Naked Capitalism est celui de Myrmikan Research, qui examine le contexte historique de cette guerre et la rivalité russo-britannique vieille de plusieurs siècles : A World Gone MAD [Un monde devenu fou]. Revenons maintenant aux affaires courantes. Le New York Times poursuit sa campagne de propagande pro-ukrainienne éhontée et trompe ses lecteurs. Les guerres sont liées à la géographie et la géographie est décrite dans les cartes. Source : LiveUAmap – Agrandir Le NYT ne fournit aucune carte à ses lecteurs. Ils ne sont donc pas informés des réalités géographiques de la guerre et sont abusés par des mensonges. Le bombardement d’une ville voisine tue un employé de la centrale nucléaire de Zaporizhzhia Un bombardement près d’un complexe nucléaire dans le sud de l’Ukraine a tué un contremaître de l’installation, à son domicile dans une ville voisine, ont déclaré dimanche des responsables ukrainiens. La société ukrainienne Energoatom, qui supervise les centrales nucléaires du pays, a déclaré que la Russie avait lancé au moins six obus sur la ville d’Enerhodar, où vivent la plupart des travailleurs de la centrale nucléaire de Zaporizhzhia. La ville est sous occupation russe, et les Russes ont accusé les Ukrainiens d’avoir bombardé le complexe nucléaire géant – le plus grand d’Europe – et les zones résidentielles voisines, ce qui a suscité l’inquiétude du monde entier. Cependant, les Ukrainiens déclarent que ce sont les Russes qui tirent sur les civils, suggérant que l’intention est de discréditer l’armée ukrainienne. L’affirmation selon laquelle les Russes tirent sur la centrale nucléaire ou la ville voisine est délirante. Le président ukrainien Zelensky a lui-même déclaré que l’Ukraine tirait sur la centrale nucléaire de Zaporizhzhia parce que des soldats russes s’y trouvaient. L’Ukraine visera les soldats russes à la centrale nucléaire de Zaporizhzhia, déclare Zelenskiy – vidéo Le NYT poursuit ainsi : Les États-Unis et l’Union européenne ont appelé à la création d’une zone démilitarisée, car les combats à l’intérieur et autour de la centrale, de ses réacteurs actifs et de ses déchets nucléaires stockés suscitent de graves inquiétudes quant au fait qu’une frappe errante et l’incendie qui en résulterait pourraient provoquer une fusion ou libérer des radiations. Le président ukrainien, Volodymyr Zelensky, a déclaré dans son discours du soir, samedi, que la Russie avait recours au « chantage nucléaire » contre le complexe, réitérant une analyse ukrainienne selon laquelle Moscou l’utilisait pour ralentir une contre-offensive ukrainienne vers la ville de Kherson, occupée par la Russie, où les défenses militaires conventionnelles russes semblent de plus en plus vacillantes. Regardez la carte. Toute la zone autour de l’usine est sous contrôle russe. Comment peut-il y avoir des » combats dans ou autour de la centrale ZNPP » ? Il n’y en a aucun. Il n’y a que des impacts d’artillerie ukrainienne, tirés depuis le côté nord du réservoir du Dniepr, sur la centrale. De même, il ne se passe rien à la centrale ZNPP qui puisse » ralentir » une contre-offensive ukrainienne sur Kherson. Une contre-offensive qui, pour des raisons très différentes, ne peut avoir lieu et n’aura pas lieu. Encore une absurdité du NYT : Contrairement à ce que craignaient certains analystes lorsque Moscou a lancé son invasion en février, la menace nucléaire la plus urgente dans la guerre en Ukraine semble désormais être que la Russie endommage la centrale civile, plutôt que de déployer ses propres armes nucléaires. La Russie n’a aucun intérêt perceptible à endommager la centrale ZNPP. La centrale est sous son contrôle total et fournit de l’électricité utile aux zones sous contrôle russe ainsi qu’à la partie ukrainienne : Dans les champs près d’Enerhodar, de longues files de voitures transportant des civils en fuite se sont formées samedi, selon des messages sur les médias sociaux et un autre ancien ingénieur de la centrale qui est resté en contact avec les résidents locaux. « Les habitants abandonnent la ville« , a déclaré l’ancien ingénieur, qui a demandé à être identifié par son seul prénom, Oleksiy, pour des raisons de sécurité. Les habitants quittaient la ville depuis des semaines, mais le rythme s’est accéléré après les barrages [d’artillerie] et les incendies de samedi, a-t-il ajouté. … Les employés ukrainiens ne fuient pas mais envoient leurs familles à l’étranger, a déclaré Oleksiy, qui est parti en juin. Enerhodar a été construit pour les employés de la centrale à l’époque soviétique et comptait une population d’environ 50 000 habitants avant la guerre. Cette prétendue fuite (observée par quelqu’un qui n’est même pas sur place ?) est également repris dans un autre article récent du NYT : « Ils tirent jour et nuit » : Les civils fuient la région contestée autour d’un complexe nucléaire ZAPORIZHZHIA, Ukraine – Des explosions de plus en plus fréquentes près d’un vaste complexe nucléaire dans le sud de l’Ukraine et le bombardement d’une ville voisine où résident de nombreux travailleurs du complexe ont accéléré l’exode des civils de la région. Environ un millier de voitures étaient bloquées à un point de passage sur la ligne de front entre le territoire contrôlé par la Russie et celui contrôlé par l’Ukraine, selon des personnes interrogées du côté ukrainien dimanche matin. Le flux de personnes fuyant s’est accéléré au cours de la semaine écoulée, les explosions près de la centrale nucléaire de Zaporizhzhia devenant plus fréquentes, a déclaré dans une interview Dmytro Orlov, le maire exilé de la ville d’Enerhodar. Il a ajouté que les troupes russes tiraient des roquettes depuis la périphérie de la ville. La Russie continue de rejeter la responsabilité des tirs sur les forces ukrainiennes, tandis que l’Ukraine affirme que la Russie bombarde le territoire qu’elle contrôle dans le but de discréditer l’armée ukrainienne. L’article est accompagné de trois photos. Agrandir La légende de la photo ci-dessus est la suivante : Mercredi, Natalia Lytvenenko a décidé qu’il était temps de quitter Blagoveshenko, un territoire occupé par les Russes à neuf miles de la centrale nucléaire de Zaporizhzhia, avec trois filles et leur grand-mère. Les gens essaient de partir depuis la semaine dernière. David Guttenfelder pour le New York Times Ce que je trouve curieux sur cette photo, c’est qu’aucun bagage n’est visible à l’intérieur de la voiture. Vous me direz : « C’est dans le coffre« . Bien sûr, mais les personnes qui s’enfuient de chez elles emportent généralement le plus de choses possibles : plusieurs ensembles de vêtements, des vestes, des articles ménagers, des souvenirs, des livres, des couettes, etc. Les enfants, par exemple, emportent au moins quelques-uns de leurs jouets. Rien de tel n’est visible ici. Agrandir La légende de la photo ci-dessus est la suivante : Des voitures civiles font la queue pour essayer d’atteindre un passage contrôlé par les Ukrainiens dans la ville de Zaporizhzhia, dimanche. David Guttenfelder pour le New York Times S’il s’agit du « point de passage sur la ligne de front entre le territoire contrôlé par la Russie et celui contrôlé par l’Ukraine » décrit dans l’article cité ci-dessus, alors la photo doit avoir été prise du côté contrôlé par la Russie. Comment M. Guttenfelder a-t-il pu arriver dans cette zone ? Mais peut-être s’agit-il d’un poste de contrôle complètement différent, situé quelque part aux limites de la ville de Zaporizhzhia, et les personnes qui attendent pour le passer reviennent d’une escapade de week-end. Remarquez à nouveau l’absence de bagages visibles. Voici maintenant la troisième photo, la plus intéressante : Agrandir La légende de la photo ci-dessus est la suivante : Un couple d’Ukrainiens traversant un poste de contrôle à la périphérie de la ville de Zaporizhzhia, dimanche, en direction du territoire contrôlé par la Russie. Les autorités du poste de contrôle ont déclaré que certains Ukrainiens tentaient d’aider à faire sortir ceux qui cherchaient à quitter la zone contrôlée par la Russie. David Guttenfelder pour le New York Times Remarquez les bagages et les articles ménagers sur le toit de la voiture. C’est ce que j’appellerais des gens qui fuient leur maison pour aller vivre ailleurs. Mais la légende suggère que ces personnes « aident à faire sortir ceux qui cherchent à quitter la zone contrôlée par la Russie« . Pourquoi alors ont-ils chargé leur voiture avec probablement tout ce qu’ils avaient ? La « couverture » du conflit ukrainien par le NYT n’a plus aucun sens. Moon of Alabama Traduit par Wayan, relu par Hervé, pour le Saker Francophone.",Quelques remarques sur l’Ukraine et les médias,"Title: Some Remarks on Ukraine and the Media

Text: Allow me to start today’s article with two reading recommendations. Lambert Strether and Yves Smith from Naked Capitalism discuss an article about the Russian operation in Ukraine that was published in the Marine Corps Gazette, with facsimiles posted two weeks ago on Twitter and later in full on Reddit and by Southfront. An evaluation by a Marine of the Russian military ""operation"" in Ukraine (a ""deep understanding of the three domains in which wars are fought"") Note from the Saker Francophone: Our team transcribed and translated it. It will be published next week alongside the SouthFront article.

I read the Gazette article when it first appeared a few weeks ago and found it excellent. It realistically depicts the initial Russian movements toward Kyiv as a feint. That is also my opinion. The feint, with too few troops to actually occupy Kyiv, had a political and military objective. Politically, it pressured the Ukrainian government to quickly accept Russian terms for a ceasefire. This nearly succeeded, as negotiations between Russia and Ukraine in Turkey at the end of March showed promising results. But the talks were sabotaged by Boris Johnson’s intervention in Kyiv, where he, speaking on behalf of Joe Biden, demanded the continuation of the war, which Zelensky quickly agreed to.

Militarily, the feint achieved almost perfect results. About 100,000 Ukrainian soldiers were blocked around Kyiv, while Russian troops from Crimea moved almost unopposed to connect the peninsula via a land bridge to Donbass and Russia, and also seized an important foothold in Kherson on the west bank of the Dnieper. This hasty feint cost the Russians significant losses but helped establish front lines in the east and south that allowed for the massive destruction of Ukrainian forces with minimal Russian casualties. When the Kyiv feint was no longer useful, Russian forces returned to their original positions with little fighting. The Ukrainians claimed it was a victory, but they had little to do with this well-planned and executed retreat.

It is remarkable that the Gazette published an article confirming this view. Even more remarkable, as Lambert notes, is the lack of echo this article received in American media:

""We are on August 14. The 'Marinus' article in the August issue of MCG has been available since July 29 at the latest, initially from the Japanese source. The second time, it appeared on August 9, in a Russian-language aggregator. The","Titre : Quelques remarques sur l’Ukraine et les médias

Texte : Permettez-moi de commencer l’article d’aujourd’hui par deux recommandations de lecture. Lambert Strether et Yves Smith de Naked Capitalism discutent d’un article sur l’opération russe en Ukraine publié dans la Marine Corps Gazette, avec des fac-similés postés il y a deux semaines sur Twitter et plus tard en intégralité sur Reddit et par Southfront. Une évaluation par un Marine de l’« opération » militaire russe en Ukraine (une « compréhension approfondie des trois domaines dans lesquels les guerres sont menées »). Note du Saker Francophone : Notre équipe l’a transcrit et traduit. Il sera publié la semaine prochaine aux côtés de l’article de SouthFront.

J’ai lu l’article de la Gazette lors de sa première parution il y a quelques semaines et je l’ai trouvé excellent. Il dépeint de manière réaliste les mouvements initiaux russes vers Kyiv comme une diversion. C’est également mon avis. La diversion, avec trop peu de troupes pour occuper réellement Kyiv, avait un objectif politique et militaire. Sur le plan politique, elle a exercé une pression sur le gouvernement ukrainien pour qu’il accepte rapidement les conditions russes pour un cessez-le-feu. Cela a presque réussi, comme le montraient les négociations entre la Russie et l’Ukraine en Turquie à la fin mars, qui donnaient des résultats prometteurs. Mais les pourparlers ont été sabotés par l’intervention de Boris Johnson à Kyiv, où il a, au nom de Joe Biden, exigé la poursuite de la guerre, ce à quoi Zelensky a rapidement consenti.

Militairement, la diversion a presque parfaitement réussi. Environ 100 000 soldats ukrainiens ont été bloqués autour de Kyiv, tandis que les troupes russes de Crimée se déplaçaient presque sans opposition pour relier la péninsule via un pont terrestre au Donbass et à la Russie, et ont également pris pied à Kherson, sur la rive ouest du Dniepr. Cette diversion précipitée a coûté cher aux Russes en pertes, mais a permis d’établir des lignes de front à l’est et au sud, facilitant la destruction massive des forces ukrainiennes avec un minimum de pertes russes. Lorsque la diversion de Kyiv n’a plus été utile, les forces russes sont revenues à"
https://lesakerfrancophone.fr/quo-vadis-m-johnson,1,1,1,0,1,1,1,1,0,"Titre :Quo Vadis, M. Johnson ? texte :Je… crois que… nos enfants (seront) un jour des citoyens du même pays du monde sous un drapeau qui sera un mélange de l’Union Jack et de la bannière étoilée. Sir Arthur Conan Doyle, Le Noble Bachelor, 1887 Par Batiushka – Le 1er juin 2022 – Source thesaker.is Alexander Johnson, ou pour lui donner son nom complet, Alexander Boris de Pfeffel Johnson, est né de riches parents britanniques à New York en juin 1964, cinquante ans après l’assassinat de Sarajevo en juin 1914. Depuis 2019, Johnson est le Premier ministre du Royaume-Uni. Donnant l’impression d’un aristocrate élitiste et snob, parent éloigné de la reine Élisabeth II, il a travaillé comme journaliste de droite mais est surtout un opportuniste politique reconnu. Il n’est pas un homme du peuple. Comme tant d’autres politiciens, croit-il vraiment en quelque chose, si ce n’est en lui-même ? Johnson est un biographe de son idole, le demi-américain Winston Churchill, qu’il semble imiter dans sa démarche. Le livre qu’il a écrit, The Churchill Factor, indique clairement qui est son modèle. Il a cinq, six ou sept enfants (lui-même ne semble pas trop savoir combien il en a engendré de mères différentes) et aime les fêtes arrosées à Downing Street pendant et en dehors des périodes de confinement. Personnage très controversé et divisant au Royaume-Uni, aimé par quelques-uns et détesté par la plupart, il fait l’objet de la boutade suivante : Quelle est la différence entre Zelensky et Johnson ? Zelensky est un bouffon qui est devenu un politicien, alors que Johnson est un politicien qui est devenu un bouffon. Des commentateurs plus sérieux posent la question : Johnson est-il un bouffon naturel, ou fait-il simplement semblant de l’être ? Ou, ce qui est peut-être le plus probable, est-il un bouffon naturel qui prétend être un grand bouffon ? Bien sûr, la plupart des gens admettront qu’en ce qui concerne Zelensky, il n’est jamais devenu un homme politique, mais est resté un bouffon. Mais c’est une autre histoire. Malgré son deuxième prénom, Boris 1, Johnson est un russophobe jusqu’au bout des ongles, aussi plein de préjugés que Sir Arthur Conan Doyle (auquel on a donné son titre parce qu’il a défendu l’indéfendable guerre des Boers – voir ci-dessus) ou tout autre vieil impérialiste. Comme d’autres représentants aveuglés de l’Establishment normand-britannique, Johnson régurgite les vieux mythes victoriens 2 anti-russes du « Grand Jeu » ainsi que les nouveaux. Ces derniers comprennent l’empoisonnement en 2006 de l’espion et traître britannique, Alexandre Litvinenko (qui n’est clairement pas un acte des services secrets russes, qui auraient agi pour ne pas être identifiés), et les empoisonnements des Skripal en 2018 dans le centre militaire de l’Establishment britannique à Salisbury (et la censure subséquente de l’affaire et des enlèvements du père et de la fille réalisés par le MI5). Ces empoisonnements étaient dus à une substance désagréable que l’on trouve, peut-être de manière unique au monde, dans l’usine d’armes chimiques très secrète et maléfique de Porton Down, à seulement six miles de Salisbury. Le petit esprit de Johnson n’admettra jamais que le MI5 et son service d’assassinat SIS (100 meurtres par an en moyenne), avec ses nombreux mercenaires sud-africains, aient pu être responsables. Johnson ne sait-il pas que le MI5 et le MI6 sont connus pour leurs actifs (ou passifs) sous-payés et pas très brillants, parmi lesquels des correspondants de la BBC travaillant au noir. Ils sont tout à fait capables de faire un fiasco de n’importe quelle opération de dissimulation, de blanchiment ou de faux drapeau, comme la récente farce anglo-ukrainienne à Bucha (un lieu choisi uniquement parce qu’il ressemble beaucoup au mot anglais « butcher »). Là, un cadavre s’est miraculeusement levé et est parti dès qu’il a cru que la caméra était passée. Mais elle était encore là. Cependant, Johnson est probablement plus connu pour le Brexit. Puisque les grands du Parti conservateur, soutenus par des industriels avides et des mercenaires des médias, ont imposé de manière antidémocratique le Royaume-Uni dans la camisole de force de la CEE/UE en 1973, on peut supposer qu’il était normal qu’ils libèrent le Royaume-Uni de cette camisole en 2020. L’UE est de toute façon une organisation en faillite. Mais où va le Royaume-Uni après l’UE ? Tout le monde se souvient des paroles du sinistre Dean Acheson en 1962 : « La Grande-Bretagne a perdu un empire et n’a pas encore trouvé de rôle ». Soixante ans plus tard, en 2022, la réponse initiale très tardive de M. Johnson, après le divorce malencontreux entre le Royaume-Uni et l’UE, était « Global Britain ». Après sa récente humiliation lors d’une tentative de négociations commerciales dans une Inde évidemment anticolonialiste et pro-russe, il est possible qu’il se soit enfin rendu compte que la « Grande-Bretagne globale », mieux connue dans l’histoire sous le nom d’« Empire britannique », c’est fini…. et, d’ailleurs, ça n’a pas marché non plus… Ainsi, fraîchement revenu de son fiasco indien, Johnson a annoncé sa dernière fantaisie, présentée en Italie le 27 mai, qui est une alternative à l’UE. (N’a-t-il jamais entendu parler de l’alternative britannique au Marché commun d’il y a soixante ans – l’AELE ? Elle aussi a été un échec). Quoi qu’il en soit, son dernier projet farfelu est une alliance militaire et commerciale, dirigée par le Royaume-Uni bien sûr, avec l’Ukraine, la Pologne, les pays baltes et « peut-être plus tard la Turquie ». Comme la plupart des concepts de Johnson, le concept est risible. (Ce génie bien connu qu’est Liz Truss, qui souhaite que l’Organisation du traité de l’Atlantique Nord soit étendue au Pacifique – un océan ressemble à un autre, après tout – aurait-il pu l’aider à l’imaginer) ? Quelqu’un devrait dire à Johnson que l’Ukraine est en faillite et n’existe plus en tant que telle et que la population combinée des pays baltes n’est que de quatre millions d’habitants. Cela s’explique par le fait que la plupart des moins de 40 ans de Lettonie et de Lituanie ont été obligés d’émigrer vers l’UE pour y travailler comme des esclaves afin de survivre, après que l’Allemagne ait racheté puis fermé leurs industries pour des clopinettes. (Au fait, les trois États baltes n’ayant pas d’avions de chasse à réaction, l’OTAN y stationne entre quatre et huit chasseurs, mais, plus effrayant encore, la Grande-Bretagne dispose désormais de 1 700 soldats et de pas moins de 18 chars pour protéger l’Estonie ; une menace énorme pour l’armée russe forte d’un million d’hommes, ses deux millions de réservistes et ses 15 398 chars). Quant à la Pologne, qui se rappelle toujours comment la Grande-Bretagne a d’abord vendu la Tchécoslovaquie en 1938, puis a courageusement envoyé ses forces armées pour la protéger contre les hordes nazies en 1939, elle a de toute façon déjà fait du polonais la deuxième langue de la Grande-Bretagne 3. Qu’a-t-elle encore à y gagner ? Quant à « peut-être plus tard la Turquie », le sultan ottoman Erdogan a d’autres idées…… Johnson est au mieux le bouffon fanfaron et bègue d’un spectacle comique mettant en scène un Premier ministre temporaire de ce que l’on peut appeler au mieux le RD, le Royaume Désuni. Désuni parce que la guerre coloniale anti-unitaire de trente ans en Irlande du Nord, qui a fait 3 500 morts, s’est terminée il y a près de 25 ans, parce qu’il est clair qu’il y aura enfin un retour tant attendu à une Irlande unie et à la justice. Et l’Écosse redeviendra un pays indépendant, comme elle l’était avant que son élite dirigeante ne soit soudoyée par la City de Londres pour s’unir à l’Angleterre et au Pays de Galles en 1707. Le Pays de Galles pourrait alors suivre la même voie que l’Écosse. À partir de là, l’autonomie locale et donc la liberté pour les 56 millions d’habitants de l’Angleterre, si éprouvée, verra la fin tant attendue de l’Establishment britannique imposé depuis 1066, avec sa perfidie normande millénaire, et, enfin, un Parlement national anglais démocratique. Alors, une Angleterre souveraine pourra enfin prendre sa place, comme une autre des 200 nations tout à fait ordinaires du monde, et toutes les prétentions impériales britanniques et Johnsonesques tout à fait superflues seront remises à leur place, dans la poubelle de l’histoire. En tant que caniche blond ébouriffé et obèse de Washington, Johnson, né à Manhattan, aboie partout aux États-Unis, qui l’occupent en lui lançant des bâtons pour qu’il court après, ce qu’il fait volontiers. Mais il n’y a rien de nouveau ici, les premiers ministres britanniques ont toujours couru, haletant, remuant la queue et rapportant des bâtons couverts de salive à leurs maîtres américains. Il en est ainsi depuis que l’occupation américaine du Royaume-Uni a commencé sept semaines après Pearl Harbour (est-ce un indice de la raison pour laquelle cela s’est réellement produit ?), il y a quatre-vingts ans, en janvier 1942, avec les premiers des deux millions de troupes américaines d’occupation. Peu après, de nombreux Britanniques ont été manipulés pour se comporter comme des cow-boys, regarder des films américains, mâcher du chewing-gum, boire du coca-cola, manger de la malbouffe, porter des jeans, danser en ligne et chanter des chansons avec des accents américains. C’était clairement le début de la fin, si l’on peut contredire la remarque de Churchill de novembre 1942. Mais nous n’avons toujours pas répondu à notre question : Où allez-vous, M. Johnson ? Avec l’effondrement du Royaume-Uni (ce n’est pas une question de si, mais de quand), avec l’effondrement de l’UE (ce n’est pas une question de si, mais de quand), avec l’effondrement des États-Unis (ce n’est pas une question de si, mais de quand), au milieu des prémices du nouveau monde multipolaire, amené par l’Occident à travers sa tragique chatière de l’Ukraine qui s’effondre, nous demandons : Quo vadis, monde occidental ? Quelle que soit votre fanfaronnade, M. Johnson, le fait est que nous nous dirigeons tous vers un nouvel ordre mondial, et ce n’est pas celui dont vous et l’élite de la haute société avez rêvé. C’est celui qui était dans vos cauchemars, celui où vous n’êtes plus un caniche, mais où votre maître est le caniche. Quant à vous, vous avez peut-être plus en commun avec Zelensky que vous ne le pensiez – l’exil dans une cage dorée pour bouffons en Floride vous attend. Les Américains et les agents de la CIA, rentrez chez vous. Oui, et emmenez avec vous tous les prétendus Ricains, traîtres et armes nucléaires, nous ne voulons pas qu’ils jonchent et polluent nos côtes. Oh, et ne prenez pas la peine de nous laisser votre numéro. L’Europe nouvellement libérée, de l’Atlantique à l’Oural, ne vous appellera pas. Nous sommes occupés, nous allons dans un café à Vienne pour planifier notre future maison commune européenne, le commerce et la sécurité dans la nouvelle Confédération de l’Europe souveraine, Moscou, Saint-Pétersbourg, Helsinki, Stockholm, Varsovie, Prague, Vienne, Budapest, Bucarest, Athènes, Berlin, Paris, Londres, Madrid et Rome, celle que nous avons perdue en 1914, vous vous souvenez ? Au revoir pour toujours, M. Johnson. Profitez bien des gangsters de Miami. Batiushka Traduit par Hervé, relu par Wayan, pour le Saker Francophone Notes","Quo Vadis, M. Johnson ?","Title: Where Are You Going, Mr. Johnson?

Text: I… believe that… one day our children will be citizens of the same country in the world under a flag that will be a mixture of the Union Jack and the Stars and Stripes. Sir Arthur Conan Doyle, The Noble Bachelor, 1887

By Batiushka – June 1, 2022 – Source: thesaker.is

Alexander Johnson, or to give him his full name, Alexander Boris de Pfeffel Johnson, was born to wealthy British parents in New York in June 1964, fifty years after the Sarajevo assassination in June 1914. Since 2019, Johnson has been the Prime Minister of the United Kingdom. Giving the impression of an elitist and snobbish aristocrat, a distant relative of Queen Elizabeth II, he has worked as a right-wing journalist but is mainly recognized as a political opportunist. He is not a man of the people. Like many other politicians, does he truly believe in anything other than himself?

Johnson is a biographer of his idol, the half-American Winston Churchill, whom he seems to imitate in his manner. The book he wrote, The Churchill Factor, clearly indicates who his model is. He has five, six, or seven children (he himself doesn’t seem to know exactly how many he has fathered from different mothers) and enjoys boisterous parties at Downing Street during and outside of lockdown periods.

A highly controversial and divisive figure in the UK, loved by some and hated by most, he is the subject of the following joke:  
**What is the difference between Zelensky and Johnson?**  
Zelensky is a buffoon who became a politician, while Johnson is a politician who became a buffoon.

More serious commentators ask: Is Johnson a natural buffoon, or is he merely pretending to be one? Or, perhaps the most probable, is he a natural buffoon who claims to be a great buffoon?

Of course, most people will admit that regarding Zelensky, he never truly became a politician but remained a buffoon. But that’s another story.

Despite his middle name, Boris 1, Johnson is a Russophobe to the core, as full of prejudices as Sir Arthur Conan Doyle (whose title was given because he defended the indefensible Boer War – see above) or any other old imperialist. Like other blind representatives of the Norman-British Establishment, Johnson","Titre : Où allez-vous, M. Johnson ?

Texte : Je… crois que… un jour nos enfants seront citoyens du même pays dans le monde sous un drapeau qui sera un mélange du Union Jack et des Stars and Stripes. Sir Arthur Conan Doyle, Le Noble Époux, 1887

Par Batiushka – 1er juin 2022 – Source : thesaker.is

Alexander Johnson, ou pour lui donner son nom complet, Alexander Boris de Pfeffel Johnson, est né de parents britanniques fortunés à New York en juin 1964, cinquante ans après l’assassinat de Sarajevo en juin 1914. Depuis 2019, Johnson est le Premier ministre du Royaume-Uni. Donnant l’impression d’un aristocrate élitiste et snob, un parent éloigné de la reine Elizabeth II, il a travaillé comme journaliste de droite mais est principalement reconnu comme un opportuniste politique. Ce n’est pas un homme du peuple. Comme beaucoup d’autres politiciens, croit-il vraiment en autre chose qu’en lui-même ?

Johnson est un biographe de son idole, le Winston Churchill mi-américain, qu’il semble imiter dans sa manière. Le livre qu’il a écrit, The Churchill Factor, indique clairement qui est son modèle. Il a cinq, six ou sept enfants (il ne semble pas lui-même savoir exactement combien il a engendrés avec différentes mères) et aime organiser des fêtes bruyantes à Downing Street pendant et en dehors des périodes de confinement.

Figure très controversée et divisive au Royaume-Uni, aimée par certains et haïe par la majorité, il est l’objet de la blague suivante :  
**Quelle est la différence entre Zelensky et Johnson ?**  
Zelensky est un clown devenu politicien, tandis que Johnson est un politicien devenu clown.

Des commentateurs plus sérieux se demandent : Johnson est-il un clown naturel, ou fait-il simplement semblant ? Ou, peut-être le plus probable, est-il un clown naturel qui prétend être un grand clown ?

Bien sûr, la plupart admettront qu’en ce qui concerne Zelensky, il n’est jamais vraiment devenu un politicien mais est resté un clown. Mais c’est une autre histoire.

Malgré son deuxième prénom, Boris 1, Johnson est un russophobe dans l’âme, aussi plein de préjugés que Sir Arthur Conan Doyle (dont le"
https://lesakerfrancophone.fr/selon-ubs-les-proprietes-dassurance-tant-de-fois-eprouvees-brillent-plus-que-jamais,0,1,1,0,1,0,0,0,0,"Titre :Selon UBS, les « propriétés d’assurance tant de fois éprouvées » de l’or brillent plus que jamais texte :UBS : l’or accorde la solidité, et des « propriétés d’assurance tant de fois éprouvées » aux investisseurs Il y a peu, Elliot Smith, de CNBC, a exploré la résilience du prix de l’or au cours des dernières semaines de volatilité sur le marché des actions et les hausses des taux du Trésor. En règle générale, les niveaux de prix de l’or sont fortement affectés par deux forces — les taux des obligations, et le dollar index. Il y a peu, les taux de Trésor sur une durée de 10 ans ainsi que le dollar index ont monté par rapport à leur position restée basse des mois durant. Si l’on s’en fie à l’historique, une montée des taux pratiqués par le Trésor présente un impact négatif sur le prix de l’or. Car les investisseurs qui veulent mettre leurs fonds en sûreté préfèrent en général toucher des intérêts. (L’une des plaintes les plus courantes sur l’or en tant qu’investissement est qu’il ne paye ni dividendes, ni intérêts). Cette plainte perd de son sens dans un environnement économique où l’obligation du Trésor étasunien sur 10 ans rapporte un rendement négatif une fois corrigé de l’inflation. Le dollar index (DXY) est un autre sujet. Le dollar index étasunien suit à la trace le pouvoir d’achat, ou la force du dollar, face à un panier pondéré composé de six autres monnaies (l’euro, le yen, la livre sterling, le dollar canadien, la couronne suédoise et le franc suisse). Lorsque le pouvoir d’achat du dollar baisse, il faut davantage de dollars pour acheter la même quantité d’or, et vice-versa. Le problème que Smith essaye de régler est le suivant : Comment le prix de l’or peut-il aussi bien résister alors que deux forces économiques des plus puissantes essayent de le pousser vers le bas ? Les stratèges de marché de deux banques différentes apportent des indices à ce sujet. Les stratèges de Bank of America ont rapporté que les flux d’investissements vers l’or ont été constants, malgré une hausse des taux du Trésor et des percées du dollar index. Pourquoi ? Selon leur rapport : On assiste à des dislocations importantes enterrées derrière les gros titres traitant de l’inflation, des taux d’intérêts et des mouvements monétaires, ce qui fait monter l’attrait du métal jaune pour un portefeuille, et ce qui étaye notre prévision d’un prix moyen de l’or à 1925 $ l’once pour 2022. UBS, la plus importante banque de Suisse, propose une perspective différente. Leurs analystes de marché estiment que le prix de l’or est soutenu par « une demande élevée de la part des couvertures des portefeuilles ». Note: le mot « couverture » est souvent lancé à la cantonade par les analystes marchés et les investisseurs. Investopedia définit une couverture comme « un investissement fait dans l’intention de réduire le risque de mouvements de prix adverses sur un actif. » En d’autres termes, « la couverture est relativement analogue à souscrire à une police d’assurance ». Avec ceci en tête, l’analyse qui suit, pratiquée par le principal Bureau d’investissement d’UBS, prend tout son sens. Les stratèges ont affirmé que les « propriétés d’assurance tant éprouvées » de l’or s’étaient de nouveau mises à briller de mille feux, surtout en comparaison avec d’autres produits de diversification habituellement ajoutés aux portefeuilles, parmi lesquels les actifs numériques comme le bitcoin. (Récemment, le prix du bitcoin s’est corrélé avec les actions davantage qu’auparavant, ce qui a réduit son efficacité en tant que couverture.) Alors, qu’est-ce qui manque pour que le prix de l’or se mette à monter ? Selon Russ Mould, directeur d’investissement pour AJ Bell, une plateforme d’échanges d’actions britannique, il ne manquerait pas grand-chose. La perte de confiance envers les politiques menées par les banques centrales pour lutter contre l’inflation pourrait suffire (voir les exemples posés par l’Argentine, la Turquie, le Venezuela). En outre, une récession pourrait provoquer une montée des prix de l’or : À mesure que la combinaison de dettes globales et de taux d’intérêts plus élevés s’avère trop importante, et que les décideurs doivent revenir à des baisses des coûts de l’emprunt et d’adjonction de nouveaux QE (quantitative easing, ou planche à billets) bien avant que l’inflation soit contenue. Ainsi, si la Fed prend du retard dans la lutte contre l’inflation, ou capitule complètement et revient à des politiques d’argent facile pour soutenir les marchés d’actions, Mould pense que l’or pourrait facilement monter au-delà de ses plus hauts historiques. Les bénéfices économiques d’un important investissement sur l’or Christopher Helman, de Forbes, pose une question spécifique : « Comment Poutine peut-il se payer une guerre en Ukraine ?« La réponse : l’or dont dispose la Russie, valant 130 milliards de dollars (c’est l’équivalent de 72 millions de pièces d’une once, comme le gold American eagle, la quatrième réserve d’or nationale au monde.) Cela peut sembler une manière étrange d’évoquer les bénéfices de l’investissement sur l’or, mais Helman nous fait part de points des plus intéressants. Tout d’abord, la Russie a réussi à séparer son économie presque complètement du dollar étasunien : En 2013, la Russie se faisait payer en dollars 95% de ses exportations vers le Brésil, l’Inde, l’Afrique du Sud et la Chine. De nos jours, selon le Congressional Research Service, à l’issue d’une décennie de dédollarisation, c’est à peine 10% de ces échanges qui sont versés en billets verts. Cela signifie que le destin économique de la Russie est presque totalement divorcé des lubies de la Réserve Fédérale, et fait chuter le pouvoir d’achat du dollar. Dans l’autre colonne du livre de comptes, la Russie n’a pas émis autant de reconnaissances de dette que les États-Unis. Helman nous informe que la dette extérieure totale de la Russie est inférieure à 30% de son PIB. En comparaison, le taux des États-Unis dépasse les 100%. Enfin, la Russie a édifié ses propres systèmes de paiement, qui permettent des transactions internationales non-sujettes aux sanctions étasuniennes. Il s’agit d’un cas d’étude intéressant des bénéfices d’un éloignement progressif d’une économie dépendant du dollar, vers une économie dépendant de l’or. À l’instar d’un individu, une nation qui évite d’utiliser les dollars, qui établit un investissement en or robuste et qui trouve des moyens alternatifs de faire transiter des fonds dispose d’options bien plus nombreuses — d’une liberté d’action bien plus importante — que ceux dont la richesse fluctue au gré des caprices de la Réserve Fédérale. Pour être limpide, nous n’excusons pas les actions agressives menées par la Russie contre l’Ukraine, ni ses menaces contre les anciens satellites d’Europe de l’Est. Cependant, si la Russie était toujours en dépendance économique vis-à-vis du dollar étasunien, elle ne disposerait tout bonnement pas de la liberté de faire ces (mauvais) choix. Au sein des États-Unis, des États boudent le dollar au bénéfice des métaux précieux Un éditorial paru récemment dans le Idaho Statesman a signalé des changements économiques intéressants au sein même des États-Unis. Divers États ont récemment supprimé leurs impôts sur les achats de métaux précieux. Cela parait sensé. La plupart des Étasuniens qui achètent de l’or ou de l’argent le font dans l’optique d’empêcher l’inflation de détruire leur pouvoir d’achat. En un sens, ils ont déjà payé l’impôt sous forme de perte de pouvoir d’achat. Leur faire payer un nouvel impôt en sus de l’inflation ne fait qu’ajouter de l’insulte aux dégâts. De manière encore plus intéressante, l’Ohio et le Texas ont diversifié leurs fonds de pension avec des investissements en or. Plusieurs États, comme le New Hampshire, l’Oklahoma, le Wyoming et l’Idaho, examinent des projets de loi permettant aux trésoriers de ces États d’investir dans l’or et l’argent comme actifs de réserve. Des États comme l’Idaho pourraient décider d’investir dans l’or et l’argent pour les mêmes raisons que celles d’une famille étasunienne : Cela résulte du fait que les réserves de l’État sont principalement investies sous forme de dette papier à faible taux d’intérêt, comme les bons du Trésor des États-Unis, des fonds monétaires du marché, des accords de rachat, et d’autres vecteurs de dette libellés en dollars. Les dettes papier importantes détenues par l’Idaho portent à la fois des risques de contre-parties et de faibles taux d’intérêt. Avec l’inflation qui s’établit désormais (au moins) à 7%, le vrai taux de retour pour le contribuable de l’Idaho est strictement négatif, peut-être négatif de plus de 5%. La législation spécifique à l’Idaho qui est ici en cours de discussion demande des investissements en or et en argent physique plutôt que dans leurs équivalents papier : « L’autorité est confinée à l’or et à l’argent physique, directement détenu par l’État d’Idaho, disponible sans contrainte, et conservé de manière sécurisée en Idaho ou dans un État voisin. » Pourrions-nous assister à un mouvement de plus grande ampleur de la part d’États membres des États-Unis pour s’éloigner des actifs libellés en dollars, vers des actifs de réserve disposant d’une valeur intrinsèque ? Cela constituerait un développement extrêmement intéressant. Comment le gouvernement fédéral pourrait-il répondre à un tel mouvement ? Cet article se termine sur un appel à agir stimulant : Il est aussi prudent que jamais d’accorder au trésorier de l’État d’Idaho les options de se couvrir contre l’inflation galopante qui a été infligée aux épargnants, aux travailleurs, aux retraités, et à l’État joyau lui-même par des hommes politiques à courte vue et les banquiers centraux de Washington, D.C… L’inflation est l’allumette qui menace de mettre le feu au grand tas de dette papier à taux négatif détenu par l’Idaho. Ce déplacement par l’État vers l’indépendance économique est un développement extrêmement intéressant. Il s’agit d’un sujet que nous allons suivre au cours des mois à venir.","Selon UBS, les « propriétés d’assurance tant de fois éprouvées » de l’or brillent plus que jamais","Title: According to UBS, the ""time-tested insurance properties"" of gold shine more than ever

Text:  
UBS: Gold provides stability and offers ""time-tested insurance properties"" to investors

Recently, Elliot Smith from CNBC explored the resilience of gold prices during the recent weeks of stock market volatility and rising Treasury rates. Generally, gold price levels are heavily influenced by two forces — bond yields and the dollar index. Not long ago, the 10-year Treasury yields and the dollar index rose from their low levels maintained for months. Historically, an increase in Treasury yields tends to negatively impact gold prices because investors seeking safety usually prefer to earn interest. (One of the most common complaints about gold as an investment is that it pays neither dividends nor interest). This complaint loses significance in an economic environment where the 10-year U.S. Treasury yields a negative real return after inflation.

The dollar index (DXY) is another factor. The U.S. dollar index tracks the purchasing power, or strength, of the dollar against a weighted basket of six other currencies (the euro, yen, British pound, Canadian dollar, Swedish krona, and Swiss franc). When the dollar’s purchasing power declines, more dollars are needed to buy the same amount of gold, and vice versa.

The question Smith is trying to address is: How can gold resist so well when two of the most powerful economic forces are trying to push it down? Market strategists from two different banks provide clues. Bank of America strategists reported that investment flows into gold have remained steady despite rising Treasury rates and the strengthening dollar index. Why? According to their report:  
""We are witnessing significant dislocations behind the headlines about inflation, interest rates, and currency movements, which increase gold’s appeal for portfolios and support our forecast of an average gold price of $1,925 per ounce in 2022.""

UBS, Switzerland’s largest bank, offers a different perspective. Their market analysts believe that gold prices are supported by ""high demand from portfolio hedges."" Note: The word ""hedge"" is often casually used by market analysts and investors. Investopedia defines a hedge as ""an investment made with the intention of reducing the risk of adverse price movements in an asset."" In other words, ""a hedge is somewhat analogous to purchasing an insurance policy."" With this in mind, the following analysis, conducted by UBS’s main Investment Office, makes perfect sense.

The strategists reaffirm that the ""time-tested insurance properties"" of gold","Titre : Selon UBS, les « propriétés d’assurance éprouvées par le temps » de l’or brillent plus que jamais

Texte :  
UBS : L’or offre de la stabilité et possède des « propriétés d’assurance éprouvées par le temps » pour les investisseurs

Récemment, Elliot Smith de CNBC a exploré la résilience des prix de l’or lors des dernières semaines de volatilité des marchés boursiers et de hausse des taux du Trésor. En général, les niveaux des prix de l’or sont fortement influencés par deux forces — les rendements obligataires et l’indice du dollar. Il n’y a pas longtemps, les rendements du Trésor à 10 ans et l’indice du dollar ont augmenté à partir de leurs faibles niveaux maintenus pendant des mois. Historiquement, une hausse des rendements du Trésor tend à avoir un impact négatif sur le prix de l’or, car les investisseurs recherchant la sécurité préfèrent généralement percevoir des intérêts. (L’une des critiques les plus courantes à l’encontre de l’or en tant qu’investissement est qu’il ne verse ni dividendes ni intérêts). Cette critique perd de son importance dans un environnement économique où les rendements réels du Trésor américain à 10 ans sont négatifs après inflation.

L’indice du dollar (DXY) est un autre facteur. L’indice du dollar américain suit le pouvoir d’achat, ou la force, du dollar par rapport à un panier pondéré de six autres devises (l’euro, le yen, la livre sterling, le dollar canadien, la couronne suédoise et le franc suisse). Lorsque le pouvoir d’achat du dollar diminue, il faut plus de dollars pour acheter la même quantité d’or, et vice versa.

La question que Smith tente d’aborder est : comment l’or peut-il résister si bien alors que deux des forces économiques les plus puissantes tentent de le faire baisser ? Des stratégistes de deux banques différentes apportent des indices. Les stratégistes de Bank of America ont rapporté que les flux d’investissement vers l’or sont restés stables malgré la hausse des taux du Trésor et le renforcement de l’indice du dollar. Pourquoi ? Selon leur rapport :  
« Nous assistons à des déséquilibres importants derrière les gros titres concernant l’inflation, les taux d’intérêt et les mouvements de devis"
https://lesalonbeige.fr/ces-injections-ont-ete-faites-pour-blesser-les-gens-les-mutiler-et-les-tuer-deliberement/,1,1,1,1,1,1,1,1,0,"Titre :“Ces injections ont été faites pour blesser les gens, les mutiler et les tuer délibérément” texte :Un article deLifesiteNewsnous apprend que le Dr Michael Yeadon, ancien vice-président et responsable scientifique de Pfizer pour les allergies et les maladies respiratoires, a expliqué que le virus COVID et la campagne de “vaccination” qui a suivi, étaient une “opération supranationale” destinée à “blesser les gens, à les mutiler et à les tuer délibérément”. Yeadon a passé 32 ans à travailler principalement pour de grandes entreprises pharmaceutiques. Expliquant comment il en est venu à comprendre que la “pandémie” de COVID était autre chose que ce qu’elle semblait être, il souligne que “lorsque j’ai commencé à remarquer que d’anciens collègues, dont Patrick Vallance, disaient des choses à la télévision dont je savais qu’elles n’étaient pas vraies – et dont je savais qu’il savait qu’elles n’étaient pas vraies – c’est à ce moment-là que j’ai compris, probablement [en] février 2020”. Patrick Vallance a été le conseiller scientifique en chef du Royaume-Uni auprès du gouvernement de 2018 à 2023. Je me souviens avoir dit à ma femme : “Ce n’est pas ce qu’ils disent. Il se passe quelque chose”. “Et lorsque j’ai vu non seulement mon pays se verrouiller, mais des dizaines de pays se verrouiller en même temps … c’était la preuve, et c’est toujours la preuve, d’une opération supranationale”. “Il est impossible que cela se soit produit au niveau local, au niveau national. Il faut donc que cela se soit produit à un niveau supérieur. Je ne sais pas s’il s’agit de l’OMS, du Forum économique mondial ou d’un autre organisme” Selon lui, il s’agissait d’un événement planifié et non d’un événement déterminé par le hasard de l’apparition du virus. Ces gouvernements “ont tous fait les mêmes choses stupides, inefficaces, connues pour ne pas fonctionner, en même temps, et aucune d’entre elles ne figurait dans les plans de préparation à la pandémie de leurs pays, car je les ai tous lus”. Or, “les lésions causées par ces soi-disant vaccins” sont “bien pires qu’un prétendu virus”. “J’aimerais pouvoir dire que c’était accidentel, mais ce n’était pas accidentel”. Le 1er décembre 2020, Yeadon et le Dr Wolfgang Wodarg d’Allemagne ont demandé à l’Agence européenne des médicaments la suspension immédiate de toutes les études sur le vaccin COVID-19 en Europe en raison d’importants problèmes de sécurité, notamment la possibilité prévisible que de nombreuses personnes puissent “développer des réactions allergiques, potentiellement fatales, à la vaccination”. “J’ai passé 32 ans à concevoir des médicaments de manière rationnelle. Je sais, et je le savais, et je l’ai écrit, avant qu’aucune des [injections] n’ait reçu d’autorisation d’utilisation d’urgence [EUA], qu’elles étaient dangereuses”. “Et je crains d’être convaincu, et je dirais, la main sur la Bible, devant un tribunal, un juge, que ces injections ont été faites pour blesser les gens, les mutiler et les tuer délibérément”. Plus loin dans l’entretien, il explique pourquoi les injections d’ARNm biologique provoquent toute une série d’effets indésirables différents selon les personnes. “Lorsque vous injectez cet ARNm à une personne, qu’il se répand dans son corps et qu’il est absorbé par une cellule, ce message est converti en protéine”. “Et lorsque votre corps fabrique une protéine étrangère – je vous le garantis en tant qu’immunologiste – votre corps dira ‘c’est du non-soi’ et attaquera la personne qui la produit jusqu’à ce que la cellule soit morte. Et je pense que c’est la cause d’une grande partie – pas de la totalité – des réactions indésirables à ces soi-disant vaccins”. Par conséquent, ces substances “provoqueront une destruction auto-immune de l’endroit où elles se trouvent. S’il pénètre dans le cœur, il provoque une myocardite ou un infarctus. S’il pénètre dans l’utérus d’une femme enceinte, c’est la fausse couche, s’il pénètre dans le système nerveux, c’est toute une série de problèmes neurologiques. C’est le problème commun qui sous-tend de nombreuses lésions dues aux vaccins, dont certaines sont si graves que des personnes sont mortes, comme je le pensais”. Dans une correspondance séparée avec LifeSiteNews, Yeadon résume que “les vaccins allégués ont été conçus pour blesser, mutiler et tuer. De multiples toxicités évidentes ont été délibérément intégrées dans leur conception, avec pour résultat des risques élevés de caillots sanguins, d’attaques auto-immunes et de tempêtes de cytokines dans tout le corps, en fonction de l’endroit où le vaccin est administré à un individu donné. “Enfin, les agents ARNm ont été formulés dans des nanoparticules lipidiques, dont on sait depuis 2012 qu’elles s’accumulent dans certains viscères, notamment les ovaires. Des impacts négatifs sur la fertilité étaient également pratiquement assurés.” “Rien de tout cela ne peut être défendu comme une inadvertance”. En outre, il a déclaré qu’il était parfaitement sûr de ne pas être poursuivi, parce qu’ils savent qu’ils perdraient devant un tribunal. “Ils ne me poursuivront donc pas en justice. Ce qu’ils font, c’est me salir et me censurer”.","“Ces injections ont été faites pour blesser les gens, les mutiler et les tuer délibérément”","Title: “These injections were made to harm people, mutilate them, and deliberately kill them”

Text: An article from LifesiteNews informs us that Dr. Michael Yeadon, former vice president and scientific director of Pfizer for allergies and respiratory diseases, explained that the COVID virus and the subsequent “vaccination” campaign were a “supranational operation” aimed at “hurting people, mutilating them, and deliberately killing them.” Yeadon spent 32 years working primarily for major pharmaceutical companies. Explaining how he came to understand that the “COVID pandemic” was something other than what it appeared to be, he emphasizes that “when I started noticing that former colleagues, including Patrick Vallance, were saying things on television that I knew were not true – and I knew they knew they were not true – that’s when I understood, probably [in] February 2020.” Patrick Vallance was the UK’s Chief Scientific Adviser to the government from 2018 to 2023. I remember telling my wife: “It’s not what they’re saying. Something is happening.” “And when I saw not only my country go into lockdown, but dozens of countries do so at the same time… it was proof, and it still is, of a supranational operation.” “It’s impossible that this happened at a local or national level. It must have happened at a higher level. I don’t know if it’s the WHO, the World Economic Forum, or another organization.” According to him, it was a planned event, not a random occurrence of the virus’s emergence. These governments “all did the same stupid, ineffective things, known to be ineffective, at the same time, and none of these measures were part of their pandemic preparedness plans, because I have read them all.” Moreover, “the damage caused by these so-called vaccines” is “much worse than a supposed virus.” “I wish I could say it was accidental, but it was not accidental.” On December 1, 2020, Yeadon and Dr. Wolfgang Wodarg from Germany requested the European Medicines Agency to immediately suspend all COVID-19 vaccine studies in Europe due to significant safety concerns, including the foreseeable possibility that many people could “develop allergic reactions, potentially fatal, to the vaccination.” “I spent 32 years designing drugs rationally. I know, and I knew, and I wrote, before any of the [injections] received emergency use authorization","Titre : « Ces injections ont été faites pour nuire aux gens, les mutiler et les tuer délibérément »

Texte : Un article de LifesiteNews nous informe que le Dr Michael Yeadon, ancien vice-président et directeur scientifique de Pfizer pour les allergies et les maladies respiratoires, a expliqué que le virus du COVID et la campagne de « vaccination » qui a suivi étaient une « opération supranationale » visant à « faire du mal aux gens, les mutiler et les tuer délibérément ». Yeadon a passé 32 ans à travailler principalement pour de grandes entreprises pharmaceutiques. Expliquant comment il en est venu à comprendre que la « pandémie de COVID » était autre chose que ce qu’elle semblait être, il souligne que « lorsque j’ai commencé à remarquer que d’anciens collègues, dont Patrick Vallance, disaient des choses à la télévision que je savais être fausses – et je savais qu’ils savaient qu’elles l’étaient – c’est à ce moment-là que j’ai compris, probablement en février 2020. » Patrick Vallance était le conseiller scientifique en chef du gouvernement britannique de 2018 à 2023. Je me souviens avoir dit à ma femme : « Ce n’est pas ce qu’ils disent. Quelque chose se passe. » « Et quand j’ai vu non seulement mon pays entrer en confinement, mais des dizaines d’autres pays faire de même en même temps… c’était une preuve, et cela l’est toujours, d’une opération supranationale. » « Il est impossible que cela se soit produit à un niveau local ou national. Cela doit s’être produit à un niveau supérieur. Je ne sais pas si c’est l’OMS, le Forum économique mondial ou une autre organisation. » Selon lui, il s’agissait d’un événement planifié, et non d’une simple apparition aléatoire du virus. Ces gouvernements « ont tous fait les mêmes choses stupides et inefficaces, connues pour être inefficaces, en même temps, et aucune de ces mesures ne faisait partie de leurs plans de préparation à une pandémie, car je les ai tous lus. » De plus, « les dégâts causés par ces soi-disant vaccins » sont « bien pires qu’un virus supposé. » « J’aimerais pouvoir dire que c’était accidentel, mais ce n’était pas accidentel. » Le 1er décembre 2020"
https://lesalonbeige.fr/lavortement-medicalement-assiste-ne-sauve-pas-la-vie-des-femmes/,1,1,1,0,1,0,1,0,0,"Titre :L’avortement médicalement assisté ne sauve pas la vie des femmes texte :Intéressante analyse parue surIFamNews: Depuis le début de la lutte pour la légalisation de l’avortement, l’argument selon lequel l’avortement empêche une femme de mourir en cas de complications de la grossesse a été très convaincant. En réalité, la valeur thérapeutique de l’avortementn’a jamais été confirmée par des preuves scientifiques rigoureuses. John F. Murphy et Kieran O’Driscoll, auteurs d’une étude dont les résultats ont été publiés dansTherapeutic Abortion : The Medical Argument, ont conclu que l’avortement médicamenteux n’empêcherait aucun des 21 décès maternels survenus au cours des 74 317 grossesses étudiées. Dans leur étude unique, Murphy et O’Driscoll ont examiné les antécédents médicaux de femmes enceintes décédées. Sur les 21 cas, 7 n’étaient pas liés à la grossesse et ne pouvaient donc pas être évités par un avortement, 11 étaient le résultat de la grossesse mais les complications survenues ne pouvaient pas être prévues et évitées, et 3 étaient le résultat d’une maladie chronique. Après une analyse minutieuse de chacun des trois derniers cas, les chercheurs ont conclu qu’un avortement médicalement inutile n’aurait pu être recommandé dans aucun d’entre eux. L’article souligne un problème important : “Même après des décennies d’expérience en matière d’avortement, aucune étude“cas-témoins”n’a été publiéemontrant que l’avortement présente des avantages statistiquement significatifs par rapport à l’accouchement. Ceci est vrai tant pour la population générale des femmes en bonne santé que pour la population des femmes enceintes en mauvaise santé”. Plusieurs auteurs concernés par la mortalité maternelle affirment d’une seule voix que les recommandations en faveur de l’avortement pour des complications de santé ne reposent sur rien (ceci ne s’applique pas aux opérations pratiquées pendant la grossesse pour améliorer la santé de la mère au risque de l’enfant). L’experte russe Elena Gavrilova confirme que, dans la pratique, le fait d’éviter l’avortement et de gérer correctement les grossesses présentant des complications n’entraîne pas une augmentation de la mortalité. “Bien que l’on sache que certaines maladies augmentent le risque de décès pendant la grossesse ou l’accouchement, aucune étude n’a démontré un taux de mortalité inférieur chez les femmes atteintes d’un type particulier de maladie qui choisissent l’avortement. Au moins certains chercheurs ont conclu que même si les femmes souffrant de ces maladies ne souhaitent pas être enceintes, une fois qu’elles le sont, rien ne permet de penser que l’avortement présente un risque moindre pour leur santé qu’une gestion prudente de la grossesse”, déclarent John Thorpe, David Reardon et leurs co-auteurs dans “Deaths Associated with Abortion Compared to Childbirth” (Décès associés à l’avortement par rapport à l’accouchement). Les complications qui augmentent considérablement le risque de décès lors de l’accouchement, comme le syndrome d’Eisenmenger, rendent toute opération, y compris l’avortement, problématique : ses risques sont actuellement égaux ou supérieurs à ceux associés à l’accouchement spontané. Cependant, jusqu’à récemment, l’indication de l’avortement dans ce syndrome était considérée comme absolue. Les chercheurs expliquent que le taux de mortalité maternelle chez les femmes en bonne santé est extrêmement faible ; jusqu’à 90 % des décès maternels liés à l’accouchement sont dus à une césarienne. (100 décès pour 100 000 accouchements par césarienne, contre 1,1 pour 100 000 accouchements naturels). Elles confirment les conclusions de Murphy et O’Driscoll selon lesquelles aucune étude ne prouve que l’avortement peut être plus sûr pour les femmes ayant des problèmes de santé connus qui entraînent un risque de décès lors d’un accouchement naturel. Il ne s’agit que d’une hypothèse. Les chercheurs estiment que des études cas-témoins soigneusement conçues sont nécessaires pour déterminer si l’avortement peut même être considéré comme réduisant le risque de décès pendant les complications de la grossesse par rapport à l’accouchement. À cet égard, la déclaration de David Grimes ne pourrait être plus vraie : “une pensée non critique blesse les femmes et les enfants du monde entier”. Alors qu’un certain nombre d’experts médicaux continueront bien sûr à défendre l’idée que l’avortement est une alternative sûre à l’accouchement, ce point de vue ne peut plus être qualifié de “fait établi”. Il s’agit au mieux d’une opinion ou d’un espoir non fondé, et au pire d’un mantra idéologique”.",L’avortement médicalement assisté ne sauve pas la vie des femmes,"Title: Medically Assisted Abortion Does Not Save Women's Lives

Text: Interesting analysis published on IFamNews: Since the beginning of the fight for the legalization of abortion, the argument that abortion prevents a woman from dying in case of pregnancy complications has been very convincing. In reality, the therapeutic value of abortion has never been confirmed by rigorous scientific evidence. John F. Murphy and Kieran O’Driscoll, authors of a study whose results were published in *Therapeutic Abortion: The Medical Argument*, concluded that medical abortion would not prevent any of the 21 maternal deaths that occurred during the 74,317 pregnancies studied. In their unique study, Murphy and O’Driscoll examined the medical histories of women who died while pregnant. Of the 21 cases, 7 were not related to pregnancy and therefore could not have been prevented by an abortion; 11 were the result of pregnancy but the complications that arose could not have been predicted or avoided; and 3 were due to chronic illness. After a careful analysis of each of the last three cases, the researchers concluded that an unnecessary medical abortion could not have been recommended in any of them.

The article highlights an important issue: “Even after decades of experience with abortion, no ‘case-control’ studies have been published demonstrating that abortion offers statistically significant benefits compared to childbirth. This is true both for the general population of healthy women and for pregnant women in poor health.” Several authors concerned with maternal mortality unanimously state that recommendations favoring abortion for health complications are unfounded (this does not apply to procedures performed during pregnancy to improve maternal health at the risk of the child). Russian expert Elena Gavrilova confirms that, in practice, avoiding abortion and properly managing pregnancies with complications does not lead to increased mortality. “Although it is known that certain diseases increase the risk of death during pregnancy or childbirth, no study has shown a lower mortality rate among women with a particular illness who choose abortion. At least some researchers have concluded that even if women suffering from these diseases do not wish to be pregnant, once they are, there is no reason to believe that abortion poses a lower health risk than careful management of the pregnancy,” state John Thorpe, David Reardon, and their co-authors in *Deaths Associated with Abortion Compared to Childbirth*.

Complications that significantly increase the risk of death during childbirth, such as Eisenmenger syndrome, make any operation, including abortion, problematic: its risks are currently equal to or","Titre : L'Avortement Médicalement Assisté ne Sauve Pas la Vie des Femmes

Texte : Analyse intéressante publiée sur IFamNews : Depuis le début du combat pour la légalisation de l’avortement, l’argument selon lequel l’avortement empêche une femme de mourir en cas de complications de grossesse a été très convaincant. En réalité, la valeur thérapeutique de l’avortement n’a jamais été confirmée par des preuves scientifiques rigoureuses. John F. Murphy et Kieran O’Driscoll, auteurs d’une étude dont les résultats ont été publiés dans *Therapeutic Abortion: The Medical Argument*, ont conclu que l’avortement médical ne permettrait pas d’éviter aucune des 21 morts maternelles survenues lors des 74 317 grossesses étudiées. Dans leur étude unique, Murphy et O’Driscoll ont examiné les antécédents médicaux des femmes décédées pendant la grossesse. Sur les 21 cas, 7 n’étaient pas liés à la grossesse et ne pouvaient donc pas avoir été évités par un avortement ; 11 étaient le résultat de la grossesse mais les complications survenues n’auraient pas pu être prévues ou évitées ; et 3 étaient dues à une maladie chronique. Après une analyse minutieuse de chacun de ces trois derniers cas, les chercheurs ont conclu qu’un avortement médical inutile n’aurait pas pu être recommandé dans aucun d’eux.

L’article met en lumière une problématique importante : « Même après des décennies d’expérience avec l’avortement, aucune étude de type ‘cas-témoin’ n’a été publiée pour démontrer que l’avortement offre des bénéfices statistiquement significatifs par rapport à l’accouchement. Cela est vrai aussi bien pour la population générale de femmes en bonne santé que pour les femmes enceintes en mauvaise santé. » Plusieurs auteurs préoccupés par la mortalité maternelle affirment à l’unanimité que les recommandations en faveur de l’avortement en cas de complications de santé sont infondées (cela ne concerne pas les procédures effectuées pendant la grossesse pour améliorer la santé maternelle au risque de l’enfant). L’experte russe Elena Gavrilova confirme que, dans la pratique, éviter l’avortement et gérer correctement les grossesses avec complications ne conduit pas à une augmentation de la mortalité. « Bien qu"
https://lesalonbeige.fr/le-programme-dun-nouvel-ordre-mondial-presuppose-une-economisation-totale-de-lhomme/,1,1,1,1,1,1,1,1,0,"Titre :Le programme d’un nouvel ordre mondial présuppose une économisation totale de l’homme texte :Extraits d’unentretiendonné par le cardinal Müller, préfet émérite de la Congrégation pour la doctrine de la foi : Depuis quelques décennies, l’exigence selon laquelle l’ordre mondial existant doit être remplacé par un ordre qui ne connaît plus le recours à Dieu, mais seulement celui au progrès inconditionnel, hante à nouveau le discours politique. La revendication de cet ordre mondial, appelé “Nouvel ordre mondial”, se fait presque en marge du discours politique, public. Que devons-nous comprendre par “Nouvel ordre mondial” ? Aussi bien selon la confession de foi juive que chrétienne, c’est Dieu lui-même qui, dans sa souveraine bonté, a créé le monde à partir du néant et l’a ordonné dans sa parole (logos, raison) et son esprit (force, sagesse) éternels. La raison humaine est finie et en principe – en raison du péché originel – susceptible d’être perturbée par des pulsions égoïstes, comme le désir désordonné de pouvoir, d’argent, de jouissance de soi/plaisir. L’homme est donc intellectuellement et moralement faillible. Ce n’est qu’en nous laissant interpeller par la parole de Dieu et éclairer, guider et fortifier par son Saint-Esprit que nous pouvons reconnaître la vérité et choisir librement le bien comme objectif de nos actions. L’expérience historique nous apprend que toute tentative de donner un ordre au monde par le biais de l’intelligence et du pouvoir humains s’est invariablement soldée par des catastrophes. Il n’est pas nécessaire de remonter très loin dans le temps. Le colonialisme et l’impérialisme du XIXe siècle, les systèmes de domination totalitaires du national-socialisme, de la pensée japonaise de la grande puissance et du communisme léniniste-stalinien, ainsi que toutes les dictatures des petits États d’Amérique du Sud, d’Asie et d’Afrique, prouvent que la prise du pouvoir mondial, c’est-à-dire l’établissement d’un Nouvel Ordre Mondial, est le fruit d’une pensée diabolique et destructrice et non d’une pensée théologique. Le programme d’un nouvel ordre mondial présupposant une économisation totale de l’homme, dans lequel les élites financières et politiques autoproclamées restent le sujet pensant et dirigeant, a pour prix la dépersonnalisation des masses. L’être humain n’est que le produit biologique brut qui est transformé en ordinateur dans un réseau total d’informations. Il n’y a alors plus de personne, plus d’immortalité de l’âme, plus d’être vivant avec un cœur et une raison, un esprit et un libre arbitre. Il restera une construction sans patrie ni espoir. Cela implique la réduction de 99 pour cent de la population mondiale à une biomasse sur puce, à du matériel humain ou à un groupe de consommateurs, à des bots. L’être humain n’a de “valeur” (“valeur” est ici entendu au sens économique et non moral) que dans la mesure où il contribue au maintien de ce système de domination et d’exploitation et y fonctionne. La domination totalitaire est réalisée dans une bureaucratie absolue lorsque l’homme en tant qu’homme serait aboli. “Agir s’avérerait superflu dans la vie commune des hommes, lorsque tous les hommes seraient devenus un seul homme, tous les individus des exemplaires de l’espèce, toutes les actions des termes d’accélération dans l’appareil de mouvement légal de l’histoire ou de la nature, et tous les actes des exécutions de sentences de mort, que l’histoire et la nature ont de toute façon prononcées”, écrivait Hannah Arendt en 1951 (Hannah Arendt, Elemente und Ursprünge totaler Herrschaft (Munich 2021) 959), tandis que le fondateur et exploitant du Forum économique mondial de Davos a récemment signalé ainsi au monde ses utopies transhumanistes : “Les dispositifs externes actuels […] seront presque certainement implantables dans nos corps et nos cerveaux. […] Ces technologies peuvent pénétrer dans l’espace jusqu’ici privé de notre esprit, en lisant nos pensées et en influençant notre comportement”. (Klaus Schwab/Nicholas Davis, Shaping the Future of the Forth Industrial Revolution (New York 2018) 39 ; 28 ; le même, Die Vierte Industrielle Revolution (Munich 2016)). Le totalitarisme est toujours la haine de la vie, la préférence pour ce qui est mécaniquement réductible plutôt que pour ce qui est vivant et sacré. C’est le groupe de contrôle qui décide qui peut vivre ou qui doit mourir. Dans la guerre d’agression contre l’Ukraine, Poutine fait transporter ses troupes par des crématoriums mobiles afin de ne pas mettre en danger son pouvoir sur le plan de la politique intérieure par les images de cercueils rentrant chez eux. Aux Etats-Unis, Biden annonce des bus mobiles pour l’avortement, y compris l’incinération des cadavres d’enfants, afin de contourner le jugement de la Cour suprême. Il s’agit de la démonstration d’un pouvoir moralement délié et du droit de tuer des enfants jusqu’à peu de temps avant leur naissance. C’est d’autant plus grave pour le témoignage de la vérité naturelle et révélée de Dieu que tous deux – Poutine et Biden – se présentent comme chrétiens. Mais devant le jugement de Dieu, “les malfaiteurs n’hériteront pas du royaume de Dieu”. (cf. 1 Corinthiens 6, 10). En Russie, on punit celui qui appelle l’invasion brutale de l’Ukraine une guerre plutôt qu’une “opération militaire spéciale”. En Occident, on traîne en justice celui qui appelle l’infanticide dans le ventre de la mère un meurtre ou qui manifeste contre lui devant les cliniques d’homicide. En Chine, le trafic d’organes se fait au mépris cruel de l’autodétermination des personnes auxquelles les organes sont dérobés. Avec la détresse des femmes dans les pays pauvres, des agences “occidentales” dans les pays riches font le sale boulot de la maternité de substitution. Ce ne sont pas des cauchemars qui se dissolvent dans la réalité au réveil, mais la réalité qui est devenue un cauchemar. […] Le mondialisme résulte des possibilités offertes par les communications modernes, les moyens de transport qui réduisent les distances, la technologie qui rend possible une immense augmentation de la production de biens de consommation et donc une élévation du niveau de vie pour des milliards de personnes. Mais de tout temps, la concentration du pouvoir politique, des finances et des moyens de communication dans la tête et les mains d’un petit nombre – qu’il s’agisse d’un parti, d’un groupe financier ou d’un nabab des médias – a été un malheur pour le reste de l’humanité. Les centres mondiaux de pouvoir et de finance qui se présentent comme un gouvernement mondial mondialisent également leur part d’ombre. Ils ne fonctionnent que dialectiquement avec leur contraire. Les surhommes ont besoin de leurs sous-hommes, les super-riches de leur clientèle dépendante qu’ils alimentent à bas niveau. Les souverains absolus ont besoin de leurs sujets consentants et craignent les citoyens libres et conscients d’eux-mêmes comme le diable l’eau bénite. Au Haut Conseil du pouvoir terrestre absolu, Pierre et le pape, son successeur, opposent en tout temps : “Il faut obéir à Dieu plutôt qu’aux hommes”. (Actes 5, 29). L'”Occident” sécularisé et officiellement antichrétien admet tout au plus le christianisme comme religion civile. Mais les célébrités qui ont résolument renoncé à l’Eglise utilisent volontiers une église de grande valeur historique et artistique comme décor de leur mariage, bien qu’elles ne veuillent pas considérer le mariage comme une institution divine et une promesse de sa grâce. En Chine, le parti d’État athée persécute les chrétiens et utilise leurs rassemblements comme une occasion d’endoctrinement contre la foi en Christ, le véritable sauveur du monde. Qui compte encore sur des ruses diplomatiques et des compromis politiques avec le diable, le “maître de ce monde” (Jn 12, 31 2 Co 4, 4), pour pouvoir obtenir quelque chose de bon pour le christianisme ? La différence essentielle est que le Christ a donné sa vie pour que nous vivions, alors que les dirigeants de ce monde, consomment la vie de leurs sujets pour qu’ils vivent quelques instants de plus et avec plus d’opulence, pour finir dans l’enfer qu’ils ont préparé pour les autres sur terre, “où leur ver (de conscience) ne meurt pas et où le feu (de l’amour non allumé) ne s’éteint pas”. (Mc 9,48) Par cette métaphore, Jésus-Christ veut dire que la conscience ronge ces personnes comme un ver. Les fauteurs de guerre en Ukraine, à cause desquels des dizaines de milliers de personnes meurent, n’ont pas de conscience, mais cela ne peut pas leur servir d’excuse devant le jugement de Dieu. […] Le Nouvel Ordre Mondial fondé sur le pouvoir du marché est-il démocratiquement légitimé ? C’est le problème que les super-milliardaires, par le biais de leurs fondations “caritatives” et de leur influence dans les organisations internationales, rendent dépendants d’eux les gouvernements nationaux qui – au moins dans un tiers des États – sont démocratiquement élus. Ils sont reçus comme de grands hommes d’État ou des célébrités et des VIP et sont flattés par les dirigeants locaux dans le vain espoir d’obtenir un peu de leur éclat et de leurs paillettes. Un entrepreneur qui réussit sur le plan économique, même s’il s’est enrichi en toute légalité et sans être contesté sur le plan moral, n’est pas pour autant un philosophe, et encore moins le Messie. Et si c’était le cas ? Les philosophes-rois de Platon n’étaient pas non plus les sauveurs du monde. Seul le Fils de Dieu, qui a pris notre humanité, pouvait changer le monde en bien une fois pour toutes, parce qu’il a vaincu le péché, la mort et le diable et nous a apporté la connaissance et le salut de Dieu. Mais chacun peut, s’il a réussi dans sa profession et son entreprise, contribuer à une amélioration relative de notre existence mondaine. En tant que chrétiens, nous avons la responsabilité de contribuer à la construction d’un monde respectueux de l’homme grâce à nos compétences et à notre expérience dans les différents secteurs de l’artisanat et de la culture, sans pour autant nous poser en sauveurs et en rédempteurs. Il faut garder à l’esprit que dans une démocratie, chaque citoyen adulte dispose d’une voix pour élire librement les députés et les gouvernants. Le vote libre est tout autre chose que la consultation des humeurs qui changent tous les jours. L’un vient de la responsabilité du citoyen pour le bien commun, l’humeur ne fait que refléter un sentiment instantané. Depuis quelques années, on soupçonne que non seulement la liberté du discours scientifique, mais aussi la liberté d’expression dans son ensemble, sont réduites par le fait que l’on est immédiatement accusé de promouvoir une théorie du complot si l’on argumente en dehors du courant dominant. Peut-on accepter que la liberté d’expression soit réduite à ce point ? Staline et Hitler craignaient continuellement les conspirations, que ce soit par calcul, pour intimider et éliminer l’opposition, ou par leur paranoïa, qui était le terreau de leur tyrannie. On considérait au 18e siècle dans les cours bourboniennes les jésuites, au 19e siècle dans les milieux libéraux-anticléricaux le Vatican et au 20e siècle les juifs – selon les “Protocoles des Sages de Sion” falsifiés – comme les porteurs d’un complot mondial. Ou bien on considérait l’Église et les capitalistes comme les ennemis du progrès vers le paradis des travailleurs, que seule la révolution communiste mondiale pourrait arrêter. Dans ma jeunesse, on parlait de théories du complot chez des contemporains excentriques qui voyaient des OVNI partout ou qui bricolaient des explications du monde invérifiables à partir des événements de l’époque. Aujourd’hui, le mot “conspirationniste” est un terme de combat idéologique utilisé par des antifascistes mentalement sous-dotés, qui mènent leur “combat contre la droite” avec des méthodes nazies, c’est-à-dire en intimidant les médias, en menaçant de recourir à la violence, comme par ex. contre les juges de la Cour suprême qui ont nié le droit humain à l’avortement, ou contre une enseignante de l’université Humboldt – autrefois l’incarnation du standard scientifique allemand – qui voulait expliquer le fait biologiquement évident de la bisexualité de la nature humaine, sans laquelle il n’y aurait pas d’être humain individuel, ni même ceux qui s’insurgent contre cela. Critiquer le Nouvel Ordre Mondial est globalement qualifié de conspiration, afin d’étouffer la discussion dans l’œuf. Pouvez-vous expliquer les raisons de cette interdiction de discussion ? L’idéologue ne connaît que l’ami, qui se soumet à lui comme un crétin avec des hourras, ou l’ennemi, qu’il s’agit d’anéantir – de préférence physiquement, si le système le permet, ou de manière un peu plus civilisée par la mort sociale comme le shitstorm, l’ostracisme public, le licenciement ou en le faisant disparaître dans la spirale du silence. Lorsqu’une personne persécutée physiquement et psycho-terroristement se suicide dans sa détresse, ses bourreaux se voient encore justifiés de manière perverse dans l’élimination des nuisibles, comme c’était précisément la manière de parler dans l’Allemagne nazie et la Russie soviétique. L’impiété et la misanthropie vont de pair. […] Le discours philosophique/politique sur le Nouvel Ordre Mondial est-il un discours nécessaire pour montrer où le pouvoir économique indomptable de certaines personnes peut mener les sociétés et les États ? La domination moralement débridée des idéologues, des politiciens et des économistes sur les hommes dans un seul monde doit nécessairement conduire à l’absence de liberté, à l’oppression et à l’extermination des opposants indésirables ou des personnes inutiles pour le système. La culture de la mort souffle sur le monde entier avec le délire idéologique du droit à l’avortement, du droit à l’automutilation (dans le changement de sexe irréversible), de l’euthanasie, de la prétendue mort gracieuse pour les personnes dépassées par la vie, les malades incurables et les personnes âgées qui végètent soi-disant inutilement et dont le meurtre serait un acte de compassion. […] Vous avez affirmé dans le discours que des personnes très riches comme Bill Gates ou l’investisseur George Soros veulent imposer le nouvel ordre mondial. Quelles sont précisément les intentions de ces deux personnes et de quelles possibilités disposent-elles pour imposer leurs idées ? Ces deux personnes représentent, de leur propre aveu, le Nouvel Ordre Mondial qu’ils veulent instaurer à leur image et à leur ressemblance. Nul autre que Dieu ne peut juger de leurs motivations personnelles. Mais leur programme et leurs actions sont accessibles à tous, de sorte que nous pouvons également les juger en fonction de leurs effets positifs ou négatifs. Le contenu intellectuel de leurs contributions est plutôt modeste, si l’on se réfère à l’histoire intellectuelle et culturelle de l’humanité, et il est facilement atteint par n’importe quel étudiant normal des premiers semestres, quelle que soit la matière. En réaction à ma remarque critique, certains porte-parole en Allemagne se sont bruyamment et spirituellement abaissés à trouver des schémas antisémites dans la relativisation des propos de M. Soro, simplement parce qu’il est né juif. Au regard de l'”antisémitisme” politique et raciste des XIXe et XXe siècles, teinté d’antichristianisme et défendu par Heinrich Treitschke, Bernhard Förster, le mari de la sœur de Nietzsche, Richard Wagner, Houston Chamberlain, Alfred Rosenberg et Adolf Hitler, la seule chose que l’on puisse dire en tant que chrétien, c’est que Jésus est également né juif, et que c’est en lui que nous, chrétiens de quelque nation que ce soit, mettons tout notre espoir dans notre vie et nos aspirations. En Allemagne, le paysage intellectuel n’est pas seulement contaminé idéologiquement, mais il gémit également sous l’incompétence intellectuelle et morale de ses hurleurs totalitaires les plus bruyants. […]",Le programme d’un nouvel ordre mondial présuppose une économisation totale de l’homme,"Title: The program of a new world order presupposes total economization of man

Text: Excerpts from an interview given by Cardinal Müller, Emeritus Prefect of the Congregation for the Doctrine of the Faith:

For several decades, the demand that the existing world order be replaced by one that no longer appeals to God but only to unconditional progress has once again haunted political discourse. The claim for this world order, called the “New World Order,” is made almost on the margins of public political discourse.

What should we understand by “New World Order”? According to both Jewish and Christian confessions of faith, it is God himself who, in his sovereign goodness, created the world from nothing and ordered it through his word (logos, reason) and his eternal spirit (force, wisdom). Human reason is finite and, in principle—due to original sin—susceptible to disturbance by selfish impulses, such as the disordered desire for power, money, or self-pleasure. Man is therefore intellectually and morally fallible.

It is only by allowing ourselves to be challenged by God's word and illuminated, guided, and strengthened by his Holy Spirit that we can recognize the truth and freely choose good as the goal of our actions. Historical experience teaches us that every attempt to impose an order on the world through human intelligence and power has invariably resulted in catastrophes. We do not need to look far back in time. Colonialism and 19th-century imperialism, totalitarian systems of domination such as National Socialism, Japanese imperial thought, Leninist-Stalinist communism, as well as all dictatorships in small states of South America, Asia, and Africa, demonstrate that the seizure of global power—that is, the establishment of a New World Order—is the fruit of diabolical and destructive thinking rather than theological.

The program of a new world order presupposing total economization of man, in which self-proclaimed financial and political elites remain the thinking and ruling subject, comes at the cost of depersonalizing the masses. Human beings are merely raw biological products transformed into computers within a total network of information. There are no longer persons, no soul immortality, no living beings with hearts and reason, spirit, and free will. What remains is a construct without homeland or hope. This implies reducing 99 percent of the world population to a chip-based biomass, human material, or a group of consumers, or to bots. Human beings have “value” (here","Titre : Le programme d’un nouvel ordre mondial suppose une totalisation de l’homme

Texte : Extraits d’une interview donnée par le cardinal Müller, ancien préfet de la Congrégation pour la Doctrine de la Foi :

Depuis plusieurs décennies, la revendication selon laquelle l’ordre mondial existant doit être remplacé par un ordre qui ne fait plus appel à Dieu mais uniquement au progrès inconditionnel hante à nouveau le discours politique. La revendication pour cet ordre mondial, appelé « Nouvel Ordre Mondial », est formulée presque en marge du discours politique public.

Que devons-nous comprendre par « Nouvel Ordre Mondial » ? Selon les confessions de foi juives et chrétiennes, c’est Dieu lui-même qui, dans sa souveraine bonté, a créé le monde à partir de rien et l’a ordonné par sa parole (logos, raison) et son esprit éternel (force, sagesse). La raison humaine est finie et, en principe — en raison du péché originel — susceptible de perturbations par des impulsions égoïstes, telles que le désir désordonné de pouvoir, d’argent ou de plaisir personnel. L’homme est donc faillible intellectuellement et moralement.

Ce n’est qu’en nous laissant interpeller par la parole de Dieu, en étant illuminés, guidés et renforcés par son Saint-Esprit, que nous pouvons reconnaître la vérité et choisir librement le bien comme but de nos actions. L’expérience historique nous enseigne que toute tentative d’imposer un ordre au monde par l’intelligence et le pouvoir humains a invariablement conduit à des catastrophes. Il n’est pas nécessaire de remonter loin dans le temps. Le colonialisme et l’impérialisme du XIXe siècle, les systèmes totalitaires de domination tels que le national-socialisme, la pensée impériale japonaise, le communisme leniniste-stalinien, ainsi que toutes les dictatures dans de petits États d’Amérique du Sud, d’Asie et d’Afrique, démontrent que la prise de pouvoir mondiale — c’est-à-dire l’établissement d’un Nouvel Ordre Mondial — est le fruit d’une pensée diabolique et destructrice plutôt que théologique.

Le programme d’un nouvel ordre mondial supposant une totalisation de l’homme, dans lequel les élites financières et politiques autoproclamées restent les sujets pensants et gouvernants, se fait au prix de la"
https://lesalonbeige.fr/le-sinn-fein-en-tete-en-irlande-du-nord/,0,0,0,0,1,0,0,0,0,"Titre :Le Sinn Fein en tête en Irlande du Nord texte :D’Olivier Bault dansPrésent: […] On aurait toutefois tort de croire que la victoire du Sinn Féin serait le prélude à un référendum sur la réunification avec la république d’Irlande. Si le Sinn Féin est arrivé premier, c’est d’abord à cause de la division du vote unioniste. Sa majorité n’est que relative, avec 27 sièges seulement sur 90. Le DUP, parti unioniste conservateur et pro-vie, qui dominait jusqu’ici, est arrivé deuxième avec 25 sièges. Mais, en tout, les partis unionistes ont obtenu 37 sièges contre 34 pour les partis « nationalistes ». On note par ailleurs une forte progression de l’Alliance, un parti centriste libéral qui a obtenu 17 sièges, contre huit précédemment. La particularité de ce parti est qu’il se revendique comme étant neutre sur le sujet du maintien ou non de la province au sein du Royaume-Uni et va chercher ses voix aussi bien au sein des communautés d’obédience catholique (majoritairement républicaines) que protestante (majoritairement unionistes). Le Sinn Féin avait de toute façon mis en sourdine la question de la réunification de l’Irlande pendant cette campagne, préférant se concentrer sur les questions plus prosaïques liées au pouvoir d’achat. Après la victoire de son parti, Michelle O’Neill, vice-présidente du Sinn Féin (dont la présidente, Mary Lou McDonald, est une Irlandaise de la république d’Irlande) et vice-Premier ministre d’Irlande du Nord jusqu’en février dernier, a appelé les unionistes à travailler ensemble pour l’Irlande du Nord en adoptant un ton très conciliant. Car, depuis février, la province d’Ulster est à nouveau sans gouvernement après la démission du Premier ministre du DUP Paul Givan qui cherchait ainsi à contraindre le gouvernement britannique à changer le protocole nord-irlandais régulant le commerce avec la Grande-Bretagne et la république d’Irlande depuis le Brexit. Aujourd’hui encore, le DUP pose comme condition pour former un gouvernement avec le Sinn Féin une refonte ou la dénonciation de ce protocole nord-irlandais qui prévoit des contrôles douaniers entre la Grande-Bretagne et l’Irlande du Nord. Sans participation du DUP qui a droit au poste de vice-Premier ministre, le Sinn Féin ne pourra pas gouverner, la participation des principaux partis représentant les deux camps, républicain et unioniste, étant, en vertu des accords de paix de 1998, la conditionsine qua nonà la formation d’un gouvernement.",Le Sinn Fein en tête en Irlande du Nord,"Title: Sinn Féin Leads in Northern Ireland

Text: From Olivier Bault in Présent: [...] However, it would be a mistake to believe that Sinn Féin's victory is a prelude to a referendum on reunification with the Republic of Ireland. While Sinn Féin finished first, this is primarily due to the division of the unionist vote. Its majority is only relative, with just 27 seats out of 90. The DUP, a conservative and pro-life unionist party that had dominated until now, came in second with 25 seats. Overall, unionist parties secured 37 seats, compared to 34 for the nationalist parties. Additionally, there was a significant increase in support for the Alliance Party, a centrist liberal party that obtained 17 seats, up from eight previously. 

The unique aspect of this party is that it claims to be neutral on the issue of whether the province should remain part of the United Kingdom or not, and it seeks votes from both Catholic communities (mainly republican) and Protestant communities (mainly unionist). Sinn Féin had, in any case, downplayed the question of Irish reunification during this campaign, choosing instead to focus on more pragmatic issues related to purchasing power.

Following his party's victory, Michelle O’Neill, vice-president of Sinn Féin (whose president, Mary Lou McDonald, is an Irishwoman from the Republic of Ireland), and vice-prime minister of Northern Ireland until last February, called on unionists to work together for Northern Ireland in a very conciliatory tone. Since February, the province of Ulster has been without a government again after the resignation of DUP Prime Minister Paul Givan, who sought to pressure the British government to change the Northern Ireland Protocol regulating trade between Great Britain, Northern Ireland, and the Republic of Ireland since Brexit.

Even today, the DUP conditions the formation of a government with Sinn Féin on a rewrite or denunciation of this Northern Ireland Protocol, which provides for customs controls between Great Britain and Northern Ireland. Without the participation of the DUP, which is entitled to the position of deputy prime minister, Sinn Féin will not be able to govern. The participation of the main parties representing both camps—republican and unionist—is, under the 1998 peace agreements, an essential condition for the formation of a government.","Titre : Sinn Féin en tête en Irlande du Nord

Texte : De Olivier Bault dans Présent : [...] Cependant, il serait une erreur de croire que la victoire de Sinn Féin est un prélude à un référendum sur la réunification avec la République d’Irlande. Bien que Sinn Féin ait terminé en première position, cela est principalement dû à la division du vote unioniste. Sa majorité est seulement relative, avec seulement 27 sièges sur 90. Le DUP, un parti unioniste conservateur et pro-vie qui dominait jusqu’à présent, est arrivé en deuxième position avec 25 sièges. Au total, les partis unionistes ont obtenu 37 sièges, contre 34 pour les partis nationalistes. De plus, on a assisté à une augmentation significative du soutien au Parti de l’Alliance, un parti libéral centriste qui a obtenu 17 sièges, contre huit auparavant.

L’aspect unique de ce parti est qu’il prétend être neutre sur la question de savoir si la province doit rester partie du Royaume-Uni ou non, et il cherche à obtenir des voix à la fois des communautés catholiques (principalement républicaines) et des communautés protestantes (principalement unionistes). Sinn Féin a, en tout cas, minimisé la question de la réunification irlandaise lors de cette campagne, préférant se concentrer sur des enjeux plus pragmatiques liés au pouvoir d’achat.

Suite à la victoire de son parti, Michelle O’Neill, vice-présidente de Sinn Féin (dont la présidente, Mary Lou McDonald, est une Irlandaise de la République d’Irlande), et vice-première ministre de l’Irlande du Nord jusqu’en février dernier, a appelé les unionistes à travailler ensemble pour l’Irlande du Nord dans un ton très conciliant. Depuis février, la province d’Ulster est à nouveau sans gouvernement après la démission du Premier ministre du DUP, Paul Givan, qui cherchait à faire pression sur le gouvernement britannique pour qu’il modifie le Protocole d’Irlande du Nord régissant le commerce entre la Grande-Bretagne, l’Irlande du Nord et la République d’Irlande depuis le Brexit.

Même aujourd’hui, le DUP conditionne la formation d’un gouvernement avec Sinn Féin à une réécriture ou à une dénonciation de ce Protocole d’Irlande"
https://lesalonbeige.fr/sacre-de-charles-iii-par-sar-le-prince-charles-emmanuel-de-bourbon-parme/,0,1,1,0,0,0,0,0,0,"Titre :Sacre de Charles III par SAR le Prince Charles-Emmanuel de Bourbon-Parme texte :Cet article est une tribune libre, non rédigée par la rédaction du Salon beige. Si vous souhaitez, vous aussi, publier une tribune libre, vous pouvez le faire en cliquant sur« Proposer un article »en haut de la page. Je présente mes vœux d’unité, de continuité et d’avenir radieux dans la sérénité aux Britanniques et aux peuples fidèles à Charles III qui l’ont accompagné par le cœur dans la joie et l’allégresse, lors de son couronnement et de celui de son épouse, la Reine Camilla. Le souverain a reçu, par le sacramentel, une charge lourde et inaliénable, qui le hisse au rang de Serviteur, celui du peuple dans sa globalité et celui de son prochain dans son individualité. Il est entré dans la cathédrale comme Prince… il en est ressorti ROI ! Je souhaite à Charles de poursuivre avec amour, courage et abnégation sa vocation offerte par la transcendance du sacre, au service de son royaume et de ses sujets. Je le remercie très profondément de cet exemple, en faveur de ses compatriotes, qu’il donne à tous, et souhaite qu’il puisse continuer à mettre sa vie, comme il nous le démontre par son œuvre caritative « The Prince Fondation », au service des jeunes qui en font la demande afin qu’ils s’épanouissent dans leurs vocations personnelles. Si les personnes politiques gèrent le quotidien et le court terme avec comme échéance les élections à venir, en revanche, un Roi œuvre et travaille pour les générations futures… Une couronne ne donne pas des droits mais des devoirs. Un Roi sert le peuple, rend justice, impose ses arbitrages dans l’intérêt de ses compatriotes, du bien commun et de la dignité humaine. Un souverain garantit l’unité du pays et assure la sécurité extérieure. Il n’est pas servi par le peuple mais il est au service du peuple et de son pays par son engagement indéfectible qui prouve sa légitimité sacramentelle. Un Roi montre la voie dans son pays et tente par l’exemple d’assurer le respect de la famille, de la pratique de la prédilection pour les plus pauvres, défavorisés et handicapés, de l’instruction des plus jeunes et de l’épanouissement individuel et collectif à travers l’art, la culture, le sport et l’ouverture vers de nouveaux horizons. Le bon sens guide ses choix. Son arbitrage assure un équilibre entre les pouvoirs. Le cœur de son implication en faveur du peuple se révèle alors comme mission essentielle… Charles-Emmanuel de Bourbon-Parme",Sacre de Charles III par SAR le Prince Charles-Emmanuel de Bourbon-Parme,"Title: Coronation of Charles III by His Royal Highness Prince Charles-Emmanuel of Bourbon-Parma

Text: This article is a free opinion piece, not written by the editorial team of Salon Beige. If you also wish to publish a free opinion piece, you can do so by clicking on ""Propose an article"" at the top of the page.

I extend my wishes for unity, continuity, and a bright future in serenity to the British people and to those faithful to Charles III, who have accompanied him wholeheartedly with joy and gladness during his coronation and that of his wife, Queen Camilla.

The sovereign has received, through the sacrament, a heavy and inalienable charge that elevates him to the rank of Servant—servant of the people as a whole and of others as individuals. He entered the cathedral as a Prince... and he emerged as KING!

I wish Charles to continue with love, courage, and self-sacrifice his vocation bestowed by the transcendence of the sacred anointing, in service of his kingdom and his subjects. I am deeply grateful for this example he sets for his compatriots, which he offers to all, and I hope he can continue to dedicate his life, as demonstrated through his charitable work ""The Prince’s Foundation,"" serving young people who seek it so they can flourish in their personal vocations.

While political leaders manage daily affairs and short-term concerns with upcoming elections in mind, a King works and strives for future generations... A crown does not grant rights but imposes duties. A King serves the people, administers justice, makes decisions in the interest of his compatriots, the common good, and human dignity.

A sovereign guarantees national unity and ensures external security. He is not served by the people but serves the people and his country through unwavering commitment, which proves his sacramental legitimacy. A King shows the way in his country and, by example, seeks to uphold the respect for the family, prioritize the needs of the poorest, the disadvantaged, and the disabled, promote education for the young, and foster individual and collective fulfillment through art, culture, sports, and openness to new horizons.

Common sense guides his choices. His arbitration ensures a balance of powers. The core of his involvement in favor of the people is then revealed as an essential mission...

Charles-Emmanuel of Bourbon-Parma","Titre : Couronnement de Charles III par Son Altesse Royale le Prince Charles-Emmanuel de Bourbon-Parme

Texte : Cet article est une tribune d’opinion gratuite, non rédigée par l’équipe éditoriale de Salon Beige. Si vous souhaitez également publier une tribune d’opinion gratuite, vous pouvez le faire en cliquant sur « Proposer un article » en haut de la page.

Je souhaite à tout le peuple britannique, ainsi qu’à ceux qui lui sont fidèles et qui l’ont accompagné de tout cœur avec joie et allégresse lors de son couronnement et celui de sa femme, la reine Camilla, l’unité, la continuité et un avenir radieux dans la sérénité.

Le souverain a reçu, par le sacrement, une charge lourde et inaliénable qui l’élève au rang de Serviteur — serviteur du peuple dans son ensemble et des autres en tant qu’individus. Il est entré dans la cathédrale en tant que Prince... et il en est sorti en tant que ROI !

Je souhaite à Charles de poursuivre avec amour, courage et autodiscipline sa vocation conférée par la transcendance de l’onction sacrée, au service de son royaume et de ses sujets. Je suis profondément reconnaissant pour l’exemple qu’il donne à ses compatriotes, qu’il offre à tous, et j’espère qu’il pourra continuer à consacrer sa vie, comme il le montre à travers son œuvre caritative « The Prince’s Foundation », au service des jeunes qui cherchent à s’épanouir dans leurs vocations personnelles.

Alors que les dirigeants politiques gèrent les affaires quotidiennes et les préoccupations à court terme en vue des prochaines élections, un roi travaille et s’efforce pour les générations futures... Une couronne n’accorde pas de droits mais impose des devoirs. Un roi sert le peuple, administre la justice, prend des décisions dans l’intérêt de ses compatriotes, du bien commun et de la dignité humaine.

Un souverain garantit l’unité nationale et assure la sécurité extérieure. Il n’est pas au service du peuple, mais il sert le peuple et son pays par un engagement sans faille, qui prouve sa légitimité sacramentelle. Un roi montre la voie dans son pays et, par l’exemple, cherche à préserver le respect de la famille, à donner la priorité aux besoins des plus pauvres, des défavorisés et"
https://lesdeqodeurs.fr/70-000-personnes-manifestent-a-prague-contre-le-gouvernement-tcheque-lue-et-lotan/,0,0,0,0,1,0,0,0,0,"Titre :70 000 personnes manifestent à Prague contre le gouvernement tchèque, l’UE et l’OTAN texte :Environ 70 000 personnes ont manifesté samedi à Prague contre le gouvernement tchèque, demandant à la coalition au pouvoir de faire davantage pour contrôler la flambée des prix de l’énergie et exprimant leur opposition à l’Union européenne et à l’OTAN. Les organisateurs de la manifestation, issus d’un certain nombre de groupes politiques d’extrême droite et marginaux, y compris le parti communiste, ont déclaré que la nation d’Europe centrale devrait être neutre sur le plan militaire et assurer des contrats directs avec les fournisseurs de gaz, y compris la Russie. Selon les estimations de la police, le nombre de manifestants s’élevait à environ 70 000 en milieu d’après-midi. « L’objectif de notre manifestation est d’exiger un changement, principalement en résolvant la question des prix de l’énergie, notamment de l’électricité et du gaz, qui vont détruire notre économie cet automne », a déclaré Jiri Havel, co-organisateur de la manifestation, au site d’informationiDNES.cz. La manifestation sur la place Wenceslas, dans le centre de la ville, a eu lieu un jour après que le gouvernement a survécu à un vote de défiance, l’opposition affirmant son inaction face à l’inflation et aux prix de l’énergie. Le vote a montré comment la crise énergétique de l’Europe alimente l’instabilité politique alors que la flambée des prix de l’électricité alimente l’inflation, déjà à des niveaux inégalés depuis trois décennies. Le Premier ministre Petr Fiala, qui dirige la coalition de centre-droit composée de cinq partis, a déclaré samedi au service de presse CTK que les manifestants n’avaient pas à cœur les intérêts du pays. « La manifestation sur la place Venceslas a été convoquée par des forces qui sont pro-russes, proches des positions extrêmes et qui sont contre les intérêts de la République tchèque », a-t-il déclaré.","70 000 personnes manifestent à Prague contre le gouvernement tchèque, l’UE et l’OTAN","Title: 70,000 People Protest in Prague Against the Czech Government, the EU, and NATO

Text: About 70,000 people demonstrated on Saturday in Prague against the Czech government, demanding that the ruling coalition do more to control the surge in energy prices and expressing their opposition to the European Union and NATO. The organizers of the protest, coming from a number of far-right and fringe political groups, including the Communist Party, stated that Central European nations should remain militarily neutral and establish direct contracts with gas suppliers, including Russia. According to police estimates, the number of protesters was around 70,000 by mid-afternoon. 

""Our goal with this demonstration is to demand change, primarily by addressing the issue of energy prices, especially electricity and gas, which will destroy our economy this fall,"" said Jiri Havel, co-organizer of the protest, to the news site iDNES.cz. The demonstration took place on Wenceslas Square in the city center, one day after the government survived a vote of no confidence, with the opposition criticizing its inaction on inflation and energy prices. 

The vote highlighted how Europe's energy crisis is fueling political instability, as the surge in electricity prices is driving inflation, already at levels not seen in three decades. Prime Minister Petr Fiala, who leads a center-right coalition of five parties, stated on Saturday to the CTK press service that the protesters did not have the country's interests at heart. 

""The demonstration on Wenceslas Square was organized by forces that are pro-Russian, close to extreme positions, and against the interests of the Czech Republic,"" he said.","Titre : 70 000 personnes manifestent à Prague contre le gouvernement tchèque, l'UE et l'OTAN

Texte : Environ 70 000 personnes ont manifesté samedi à Prague contre le gouvernement tchèque, exigeant que la coalition au pouvoir fasse davantage pour contrôler la hausse des prix de l’énergie et exprimant leur opposition à l’Union européenne et à l’OTAN. Les organisateurs de la manifestation, issus de plusieurs groupes politiques d’extrême droite et marginaux, dont le Parti communiste, ont déclaré que les nations d’Europe centrale devraient rester militairement neutres et établir des contrats directs avec les fournisseurs de gaz, y compris la Russie. Selon les estimations de la police, le nombre de manifestants était d’environ 70 000 en milieu d’après-midi.

« Notre objectif avec cette manifestation est d’exiger un changement, principalement en abordant la question des prix de l’énergie, notamment l’électricité et le gaz, qui vont détruire notre économie cet automne », a déclaré Jiri Havel, co-organisateur de la manifestation, au site d’informations iDNES.cz. La manifestation a eu lieu sur la place Venceslas dans le centre-ville, un jour après que le gouvernement a survécu à un vote de défiance, l’opposition critiquant son inaction face à l’inflation et aux prix de l’énergie.

Ce vote a mis en lumière comment la crise énergétique en Europe alimente l’instabilité politique, car la hausse des prix de l’électricité entraîne une inflation déjà à des niveaux que l’on n’avait pas vus depuis trois décennies. Le Premier ministre Petr Fiala, qui dirige une coalition de centre-droit composée de cinq partis, a déclaré samedi à la presse CTK que les manifestants ne défendaient pas les intérêts du pays.

« La manifestation sur la place Venceslas a été organisée par des forces pro-russes, proches de positions extrêmes, et contre les intérêts de la République tchèque », a-t-il dit."
https://lesdeqodeurs.fr/les-affaires-benghazi/,1,1,1,0,1,1,1,1,0,"Titre :Pilule Rouge : Les affaires Benghazi texte :Extrait dulive du 13 octobre 2020 « Benghazi? Le nom me dit quelque chose. Ils en ont causé dans les médias non? » En effet, On a beaucoup parlé de l’affaire Benghazi dans les médias. C’était en 2012. Pourquoi ressortir un truc aussi vieux? Et bien parce que les multiples zones d’ombre que cette affaire comporte nous montre des activités pas vraiment très jolies-jolies de la part de l’administration Obama. Et parce que l’actualité récente vient tout juste de nous confirmer ce que les gens qui se sont penché sur le sujet ont pressenti depuis bien longtemps déjà: L’affaire Benghazi constituera un sérieux clou à planter dans le cercueil du Deep State. Benghazi est la 2eme plus grande ville de Libye. Elle se situe sur la cote méditerranéenne et recense plus de 630 000 habitants. C’est dans cette ville que se sont déroulés des évènements qui ont eu une influence cruciale sur la géopolitique américaine au Moyen Orient, avec toutes les ramifications que cela implique sur le reste du monde. En 2012, Benghazi accueille du personnel diplomatique américain et notamment l’ambassadeur US en Libye Christopher Stevens. Ce dernier avait quitté Tripoli, la capitale et siège de l’ambassade US, en 2011. En effet, en 2011, tout le Moyen Orient est dans une situation de tension extrême. Le Colonel Kadhafi, qui avait règne d’une main ferme sur la Libye depuis la fin des années 60, vient d’être renverse à la suite d’un « printemps arabe » et d’une intervention militaire de l’OTAN. (Petite parenthèse ici, le premier artisan et défenseur de cette intervention militaire n’est nul autre que le président en fin de règne Nicolas Sarkozy) Après une tentative d’assassinat à la voiture piégée, puis l’incendie de son ambassade ainsi que celles de plusieurs autres pays occidentaux, Christopher Stevens, qui n’est pas encore ambassadeur, semble considérer que résider à Tripoli pourrait avoir des effets néfastes sur sa santé, et part s’installer avec une partie de son personnel à Benghazi. Là-bas, ils occuperont des bâtiments civils qui seront aménagés pour les besoins de l’activité diplomatique qui y sera effectuée. Retenez ce détail, il aura son importance par la suite. La nuit du 11 au 12 septembre 2012, les bâtiments diplomatiques US de Benghazi font l’objet d’une violente attaque. Un article du Figaro décrit le déroulement de l’attaque: « Selon le récit reconstitué parLe Figaro[…] l’offensive s’est en fait déroulée en deux temps. En début de soirée, une centaine d’hommes lourdement armés ont d’abord pris d’assaut la représentation américaine, provoquant la fuite de la quasi-totalité du personnel ainsi que la mort par asphyxie de l’ambassadeur, resté seul à l’intérieur. Le deuxième acte ne se serait joué que plusieurs heures après, dans une maison distante d’un kilomètre environ où ces ressortissants avaient trouvé refuge, lorsqu’une équipe des forces spéciales américaines tout juste arrivée de Tripoli pour leur porter secours s’est à son tour trouvée prise pour cible. Un scénario qui atteste la détermination et l’acharnement dont ont fait preuve les assaillants. » Quatre américains trouveront la mort au cours de cette attaque: L’ambassadeur Christopher Stevens, le diplomate Sean Smith, et deux contractants de la CIA, Tyrone S. Woods et Glen Doherty. Cette affaire est pleine de questions qui, prises dans leur ensemble, jettent une lumière trouble sur les agissements de l’administration Obama. Notons qu’en Septembre 2012, Obama est en pleine campagne pour sa propre succession a la présidence des US. L’élection aura lieu en Novembre. La première question que l’on se pose est bien évidemment celle-ci: Qui est responsable de cette attaque? Et bien la réponse a cette simple question est bien complexe. Mais en quatre mots: « On ne sait pas. » On peut être à même de se questionner sur l’incapacité des services de renseignements les plus puissants et les mieux informes de la planète à trouver les coupables d’une attaque d’une telle envergure, alors que, 11 ans auparavant (jour pour jour), ils identifiaient en quelques heures les terroristes responsables de l’attaque contre le World Trade Center, en retrouvant par chance les passeports des responsables au milieu des milliers de tonnes de décombres. Toujours est-il que la responsabilité de l’attaque fut d’abord attribuée à un groupe de musulmans en colère suite à la diffusion du trailer d’un film de série B « L’innocence des musulmans », dont le contenu ne leur aurait visiblement pas plu du tout. Je laisse aux curieux le soin de consulter des extraits de ce film sur Internet. La date du 11 septembre serait évidemment purement fortuite. Mais cette théorie tombe rapidement à l’eau suite aux récits des nombreux témoins qui décriront une attaque minutieusement planifiée et l’emploi de matériel militaire par des troupes visiblement entraînées. On accusera alors à tour de bras Al Qaeda, le Hezbolah ou encore Bashar El Assad, mais il semblerait bien qu’on ne sache toujours pas qui a commandité cette attaque. MêmeWikipédia, le dépositaire de la pensée mainstream et des versions officielles déclare dans son article sur l’évènement : « Il n’existe aucune preuve définitive qu’Al-Qaida ou toute autre organisation terroriste internationale ait participé à l’attentat de Benghazi ». Dommage qu’ils n’aient pas laissé leurs passeports sur place. Il est toutefois pertinent de mentionner l’existence d’uneenquêteapprofondie sur la question, réalisée par les journalistes Mark Robertson et Finian Cunningham. Selon eux « L’explication la plus évidente est que des cadres – la Green Resistance – fidèles à Kadhafi et opposés au régime imposé par l’OTAN ont mené l’attaque. L’OTAN et ses législateurs libyens ne veulent pas admettre cette réalité subversive. Le fait qu’il y ait une résistance – une résistance puissante et croissante – doit être nié, effacé du dossier. » Toujours est-il que personne ne semble avoir de certitudes sur la question. Mais le fait qu’on ne sache pas qui a commandité ces attaques n’empêchera pas Hillary Clinton de donner différentes versions à différents chefs d’états alliés, et ce, a seulement quelques heures d’intervalle. Mais tiens, justement, si on parlait d’Hillary? En Septembre 2012, Hillary Clinton occupe poste de Secretary of State dans l’administration Obama. D’aprèsWikipédia, « Dans le gouvernement fédéral des États-Unis, le terme « secrétaire d’État » désigne le fonctionnaire responsable de l’exécution des aspects non militaires et non liés à la sécurité intérieure de la politique étrangère ». En gros, c’est elle la boss de toute la diplomatie américaine. Autant dire que cette affaire la concerne au premier plan. Une dizaine d’enquêtes parlementaires auront lieu, sur les agissements d’Obama, d’Hillary, et de Susan Rice (alors ambassadeur US aux nations Unis). Elles donneront toute plus ou moins à la même conclusion : En dépit de la responsabilité que ces personnes doivent assumer, eu égard à leur rôle dans l’administration fédérale, aucun agissement inapproprié n’a été relevé. Ils nous ont ressorti le classique « Responsable mais pas coupable » en somme. Mais creusons un peu plus dans le détail, notamment, le cas d’Hillary. Déjà, elle finira officiellement par accepter la responsabilité totale de cette débâcle, servant ainsi commodément de paratonnerre pour Obama en pleine campagne. Mais qu’en est-il vraiment des agissements inappropriés? Et bien l’affaire Benghazi a déjà permis de mettre en lumièrel’existence du fameux serveur privé des emails d’Hillary Clinton, qui a déjà fait couler tellement d’encre. Petit rappel: il faut savoir qu’Hillary Clinton a décidé un beau jour, alors qu’elle servait activement en politique, que les consignes de sécurité informatiques, c’était pour les autres, et qu’elle allait plutôt utiliser son propre serveur d’emails, installé dans les toilettes du sous-sol de sa maison. Parce que c’est plus pratique apparemment. Et elle échangeait gaillardement sur des sujets classifies et hautement sensibles de géopolitique et de diplomatie, sur un serveur qui, selon les dires de la CIA, pourrait facilement être pirate.Et d’ailleurs il a été piraté. La justice a voulu saisir ces courriels mais Hillary a plutôt décidéde soigneusement détruire toutes ces preuves. Elle est toujours supposée rendre des comptes à ce sujet maisJUSQU’ICI, elle a toujours réussi à passer à travers les mailles du filet. Dans ces courriels, outre les versions divergentes des évènements données à des chefs d’état alliés mentionnes plus haut, on trouve aussi plusieurs courriels qui fournissent des informations assez précises sur….Benghazi. On trouve pêle-mêle mentionnées dans plusieurs courriels des informations sur la présence du personnel diplomatique, des éléments d’emploi du temps, de localisation… bref, des trucs qui pourraient avoir une certaine utilité si l’on souhaitait organiser une attaque contre du personnel diplomatique américain. (Ce serveur contient tout un tas d’autres informations intéressantes, notamment ayant trait à la fameuse histoire du Pizzagate, mais ceci est une autre histoire…) Dans la colonne « suspect potentiel », on pourrait mettre une petite croix devant le nom d’Hillary Clinton, vous ne pensez pas? Attaquer une ambassade américaine? Quiconque s’est déjà baladé sur la place de la Concorde à Paris a peut-être déjà remarque dans une petite rue adjacente un discret, mais très strict dispositif de sécurité, avec hommes en armes, caméras, portiques de sécurité et tout ce qui s’en suit. Et ça, c’est à Paris, ville alliée de longue date des US. Qui plus est, il est de notoriété publique que lorsqu’il est question de dépenses de sécurité, les américains sont rarement timides en la matière. Comment alors se figurer les bâtiments occupes par des diplomates américains, dans un pays qu’ils viennent juste de renverser et qui est en proie au chaos. Qui plus est, souvenons-nous, que ces bâtiments ont été occupés suite à plusieurs menaces directes contre la vie de l’ambassadeur. On serait en droit de s’imaginer une espèce de forteresse blindée hyper sécurisée, non? Et bien non, en effet. Rappelons-nous que les bâtiments ont été occupés et adaptés pour le personnel diplomatique, mais ne sont pas, à la base, des bâtiments diplomatiques. C’est à dire qu’ils n’ont pas été pensés et conçus avec à l’esprit les enjeux de sécurités propres à ces missions diplomatiques en zones instables. Le dispositif de sécurité a donc fait partie des aménagements effectués pour l’accueil du personnel diplomatique. Et bien ce dispositif de sécurité n’était pas juge suffisant, par certains, et notamment par le fraîchement nommé ambassadeur Stevens, qui, à plusieurs reprises,a adressé de multiples demandes (entre 500 et 600!!) auprès de sa hiérarchie pour que la sécurité des lieux soit augmentée. Et bien ces demandes n’ont pas été prises en compte. Au contraire, plutôt que de renforcer la sécurité des lieux,celle-ci a même été amoindrie! Et qui trouve-t-on dans la hiérarchie de Stevens ? On trouve aux deux échelons supérieurs Hillary Clinton et Barack Obama. Alors évidemment, Hillary dira qu’elle ne savait pas, mais bon… En ce qui me concerne je mets une deuxième petite croix à Hillary. « Parce que moi je croyais que Benghazi ca renvoyait aux histoires avec le général Flynn, c’est pas ça? » Si! Tout à fait! En 2012, le général Flynn est en service actif auprès de l’administration Obama. En avril 2012, il est nommé directeur de la Defense Intelligence Agency (ou DIA, une agence de renseignement du gouvernement fédéral américain, spécialisée dans la défense et le renseignement militaire). Autant dire qu’à un tel rôle, Flynn a un accès direct a une masse d’information classifiées à laquelle le commun des mortels n’a pas accès. Comme le mentionne Q a plusieurs reprises « Flynn sait où sont enterrés les cadavres ». On parle ici de cadavres au sens figuratif: Flynn connaît plusieurs des vilains petits secrets que l’état profond souhaite ardemment protéger. En particulier, il a bien senti que le Moyen Orient est le cadre d’opérations qui pourraient avoir des conséquences très funestes pour la sécurité et les intérêts américains. Il a même écrit plusieurs mémos sur le sujet. Dans un de ces mémos, on apprend que Kadhafi avait un arsenal militaire important, désormais sous contrôle occidental. Que cet arsenal militaire est transféré, avec le support des US vers des groupes de rebelles syriens. Que cette opération semble sur le point de dégénérer vers la création d’un un califat jihadiste dans la région frontalière de l’Irak et Syrie. Et que tout ceci se fait avec la bénédiction de l’administration Obama, dans le but d’amorcer un changement de régime en Syrie, comme il l’avait annoncé en 2011. Et l’avenir donnera raison à Flynn sur toute la ligne. Et vous avez deviné comment ce califat djihadiste sera appelé? DAESH (ou ISIS dans les pays anglophones). Ça ressemble à de la grosse théorie du complot, pas vrai? « Assad doit partir », déclarait Obama en 2011 : Obama: « Avec les mesures que j’ai ordonnées le mois dernier, nous accélérons la formation des forces ISIS avec des volontaires sunnites » du Tweet Suspendu) Donc Flynn aurait-il compris que les armes qui ont servi à assassiner Stevens à Benghazi sont possiblement les mêmes armes que celles transférées aux rebelles syriens par les US? Avait-il anticipé le calvaire de ISIS au moyen orient, qu’Obama nous a promisimpossible à éradiquer pour plusieurs générations? Toujours est-il que c’est le point de départ de la guerre personnelle que semblent se livrer Flynn et Obama depuis cette époque. Guerre qui est encore loin d’être terminée. Ainsi, la DIA va commencer à publier des mémos qui seront autant d’attaques politiques de Flynn contre Obama. Conscient des enjeux et des risques pour le pays qu’il s’est engagé à défendre, Flynn publie des mémos accablants contre la politique étrangère de l’administration Obama au Moyen Orient. Plusieurs observateurs font valoir qu’il est intéressant de noter que Flynn publie ces mémos a des moments cruciaux, là ou il aurait eu toute la latitude de ne pas les publier s’il avait voulu rendre service à Obama. Les mémos de la DIA vont être utilisés comme autant de munitions par d’autres généraux haut placés dans l’appareil militaire (citons Hagel et Dempsey). Ces munitions seront utilisées avec succès en 2013, pour mettre un frein à certaines opérations militaires qui auraient amené les US en confrontation directe contre la Syrie, et donc par le jeu des alliances, contre la Russie, et possiblement la Chine. Avec le recul de l’histoire on peut peut-être considerer ceci comme la première attaque perceptible des patriotes contre l’État Profond. Et ce fut une remarquable victoire. En effet, que constate-t-on cinq ans après? Bashar El Assad est toujours au pouvoir et les États Unis ont perdu leur hégémonie militaire dans la région, notamment face à un Vladimir Poutine qui a su restaurer la position de joueur de premier plan de la Russie sur l’échiquier géopolitique et militaire. Voilà le portrait qu’on pouvait dresser en fouillant un peu dans les recoins de cette sombre affaire. Mais de nouveaux éléments ont émergés récemment au sujet de cette affaire. Le 12 octobre 2020, un lanceur d’alerte ayant longuement collaboré avec la CIA, Allen Parrot, a déclaré dans une vidéo rapidement devenue virale sur YouTube avoir de grandes quantités de preuves (térabytes de vidéos, audios et documents) décrivant jusqu’où va cette affaire. Voilà l’histoire qu’il nous raconte: Toute cette affaire est connectée à une autre affaire notoirement célèbre et qui a fait la une des médias: La mise à mort d’Oussama Ben Laden. Retour fin 2001: Officiellement, Oussama Ben Laden est planqué quelque part au Moyen Orient, et les US vont faire tout ce qu’ils peuvent pour le débusquer. Allen Parrot nous révèle que cette information est fausse. Depuis fin 2001, Ben Laden est sous protection américaine. Le but de la manœuvre est de le garder sous le coude jusqu’à un moment opportun, afin de s’assurer un avantage politique. Quel intérêt les US auraient-ils dans cette manœuvre? Utiliser Ben Laden comme un croque-mitaine pour étoffer et illustrer le narratif de guerre contre le terrorisme qui a été un des fers de lance des administrations Bush et Obama, puis, le moment venu, annoncer sa mort pour susciter chez le peuple américain un sentiment de vengeance accomplie afin d’en tirer un avantage politique significatif. Il y a probablement plusieurs autres raisons, mais celles-ci sont celles qui me semblent plausibles. Ben Laden aurait donc été sous contrôle US dès la fin de 2001, rendant ainsi caduques toutes les justifications qui ont été utilisées pour aller détruire l’Irak et l’Afghanistan. L’Iran était supposée le placer en résidence surveillée à Abbottabad, au Pakistan, avec sa famille, et une centaine d’autres dirigeants d’Al Qaeda et leur famille, et ce pendant 10 ans. Cette opération de « protection » était effectuée par l’Iran. Relisez bien ce passage.Les États Unis ont décidé de sous-traiter la captivité de l’ennemi public numéro 1 à l’Iran. Qu’est ce qui pourrait mal tourner? Le 2 mai 2011 (quelques mois avant l’attaque de Benghazi et la réélection d’Obama), une opération coordonnée par Hillary Clinton etLeon Panettaest lancée pour aller finalement éliminer Ben Laden. C’est la Seal Team 6, une unité d’élite américaine, qui aurait été chargée d’effectuer cette mission. Mais tout ne s’est pas vraiment déroulé comme prévu. Notre lanceur d’alerte affirme même que cette opération a été faite sans l’accord d’Obama, et que c’est seulement une fois que la Team Seal 6 derrière les défenses iraniennes qu’Obama a été mis devant le fait accompli et menacé par Hillary de destruction politique s’il ne donnait pas son feu vert à posteriori pour cette opération. La Seal Team 6 arrive donc en Iran, dans les lieux de résidence supposée de Ben Laden à Abbottabad, au Pakistan. Or on apprend que Ben Laden n’est pas à Abbottabad. L’Iran avait déjà joué un jeu trouble dans toute cette histoire, en déplaçant Ben Laden depuis le Pakistan vers l’Iran, sans le dire aux US. Puis apprenant que l’opération US est en cours, Ben Laden est replacé à Abbottabad pour se faire exécuter. Mais il est remplacé au dernier moment par un sosie. La mission est accomplie, le sosie de Ben Laden est tué. Pendant ce temps, aux US, on célèbre en grande pompe la mort de l’ennemi public numéro un. Comprenant ce qui se passe (à savoir qu’ils n’ont pas tué la bonne cible), la Seal Team 6 se serait débarrassée du corps en le jetant, par morceaux, dans la montagne. Toute cette histoired’obsèques maritimes conformes aux préceptes musulmansne serait que pure fadaise. Ceci explique pourquoi une seule photo de la dépouille de Ben Laden a été rendue publique et quecette photo a été reconnue comme fausse. (Attention, ce lien contient des images difficiles à regarder.) Quelle différence avec le traitement réservé à Saddam Hussein, drogue, humilie et condamne à mort à grand renfort de couverture médiatique: Donc l’Iran est au courant, et possède les preuves irréfutables (à savoir Ben Laden bien vivant) que l’administration Obama a ouvertement et publiquement menti sur la mort de Ben Laden, et décide d’en tirer avantage. L’Iran réclame donc pour son silence, la somme de 152 milliards de dollars US(!!!!), dont 2 milliards en cash destine à payer quiconque aurait pu avoir envie de parler de cette affaire. Il y a un phénomène étrange qui semble avoir été confirmé à mainte reprises dans l’histoire récente des US : la durée de vie des personnes détenant des secrets compromettant pour Hillary Clinton est souvent très courte. Ainsi,toute la Seal Team 6 est tuée, leur hélicoptère abattu, et ce à peine trois mois après l’assassinat manque de Ben Laden. L’hélicoptère aurait été abattu par un missile Stinger dont le numéro de série est lié à l’arsenal de Kadhafi confisque par les US à Benghazi. (Par ailleurs, le témoignage disponible en fin de vidéo de comment cet hélicoptère a été abattu semble pointer très clairement vers une mise à mort provoquée). Donc on résume: Ça fait un joli scandale politique quand même. Toujours selon la même source, Stevens aurait été envoyé à Benghazi, notamment pour couvrir les traces qui auraient permis de relier l’assassinat présumé de la Seal Team 6 à l’activité diplomatique délirante de l’administration Obama aux US, qui, rappelons-le, a été à l’origine de l’établissement et du développement de Daesh/ISIS. L’attaque des installations US de Benghazi ne serait-elle pas elle aussi une attaque délibérée pour faire taire Stevens et son équipe, devenus les derniers à pouvoir relier Obama et Hillary a toute cette histoire? C’est ce qu’affirme Allen Parrot. Nous allons voir comment cette histoire va se dérouler dans les prochaines semaines et nous pourrons alors valider ou non si Parrot constitue une source fiable. Mais toujours est-il que Trump vient tout juste de retweeter un article a propos de cette histoire. On vous aurait bien mis letweet original, mais il a mystérieusement disparu de Twitter semble-t-il. Rudy, pour les DéQodeurs",Pilule Rouge : Les affaires Benghazi,"Title: Red Pill: The Benghazi Affair

Text:
Excerpt from the book of October 13, 2020

""Benghazi? The name rings a bell. They talked about it in the media, didn't they?""

Indeed, the Benghazi affair was widely discussed in the media. It happened in 2012. Why bring up something so old? Well, because the multiple ambiguities surrounding this incident reveal some not-so-nice activities on the part of the Obama administration. And because recent news has just confirmed what those who have studied the subject have suspected for a long time: The Benghazi affair will be a serious nail in the coffin of the Deep State.

Benghazi is the second-largest city in Libya. It is located on the Mediterranean coast and has over 630,000 inhabitants. It was in this city that events took place which had a crucial influence on American geopolitics in the Middle East, with all the ramifications this entails for the rest of the world.

In 2012, Benghazi hosted American diplomatic personnel, including the U.S. ambassador to Libya, Christopher Stevens. He had left Tripoli, the capital and the U.S. embassy headquarters, in 2011. At that time, the entire Middle East was in a state of extreme tension. Colonel Gaddafi, who had ruled Libya with an iron fist since the late 1960s, was overthrown following the Arab Spring and NATO military intervention. (A side note here: the primary architect and supporter of this military intervention was none other than the then-President Nicolas Sarkozy.)

After an attempt on his life with a car bomb, and the burning of his embassy along with several other Western countries' embassies, Christopher Stevens—who was not yet an ambassador—seems to have considered that residing in Tripoli could be dangerous for his health, and he moved with some of his staff to Benghazi. There, they occupied civilian buildings adapted for diplomatic activities. Keep this detail in mind; it will be important later.

On the night of September 11-12, 2012, U.S. diplomatic buildings in Benghazi were violently attacked. An article from Le Figaro describes the attack as follows:

""According to the account reconstructed by Le Figaro[…] the assault actually took place in two stages. Early in the evening, about a hundred heavily armed men first stormed the American compound, causing almost all personnel to flee","Titre : Pilule Rouge : L'Affaire de Benghazi

Extrait du livre du 13 octobre 2020

« Benghazi ? Ce nom me dit quelque chose. On en a parlé dans les médias, n’est-ce pas ? »

En effet, l’affaire de Benghazi a été largement évoquée dans les médias. Cela s’est produit en 2012. Pourquoi évoquer quelque chose d’aussi ancien ? Eh bien, parce que les nombreuses ambiguïtés entourant cet incident révèlent certaines activités pas très nettes de la part de l’administration Obama. Et parce que l’actualité récente a confirmé ce que ceux qui ont étudié le sujet soupçonnaient depuis longtemps : l’affaire de Benghazi sera un sérieux clou dans le cercueil du Deep State.

Benghazi est la deuxième plus grande ville de Libye. Elle est située sur la côte méditerranéenne et compte plus de 630 000 habitants. C’est dans cette ville que se sont déroulés des événements qui ont eu une influence cruciale sur la géopolitique américaine au Moyen-Orient, avec toutes les ramifications que cela implique pour le reste du monde.

En 2012, Benghazi accueillait du personnel diplomatique américain, y compris l’ambassadeur des États-Unis en Libye, Christopher Stevens. Il avait quitté Tripoli, la capitale et le siège de l’ambassade américaine, en 2011. À cette époque, tout le Moyen-Orient était en état de tension extrême. Le colonel Gaddafi, qui dirigeait la Libye d’une main de fer depuis la fin des années 1960, avait été renversé à la suite du Printemps arabe et de l’intervention militaire de l’OTAN. (Une petite note ici : l’architecte principal et soutien de cette intervention militaire n’était autre que le président de l’époque, Nicolas Sarkozy.)

Après une tentative d’assassinat à l’aide d’une bombe dans une voiture, et l’incendie de son ambassade ainsi que de plusieurs autres ambassades de pays occidentaux, Christopher Stevens — qui n’était pas encore ambassadeur — semble avoir considéré que résider à Tripoli pouvait être dangereux pour sa santé, et il a déménagé avec certains de ses collaborateurs à Benghazi. Là, ils ont occupé des bâtiments civils adaptés aux activités diplomatiques. Gardez ce détail en tête ; il sera"
https://lesdeqodeurs.fr/louverture-des-sceaux-de-lapocalypse/,0,1,1,0,1,0,0,1,0,"Titre :L’ouverture des sceaux de l’Apocalypse texte :Et Moïse se rendit à nouveau auprès du Seigneur et lui dit : Seigneur, tu as vu comme la sainte Loi a été profanée. Tes enfants ont perdu la foi et se sont prosternés devant les ténèbres; ils se sont fabriqués un veau d’or. Pardonne-leur, car ils sont aveugles à la lumière. Le Seigneur lui répondit :«A l’aube des temps, Dieu et l’homme étaient unis par une alliance et la sainte flamme du créateur pénétra en l’homme qui devint le fils de Dieu. Il reçut pour mission de préserver son héritage de premier-né et de faire fructifier la terre sacrée de son père. Celui qui s ’éloigne de son Créateur méprise son droit de naissance et commet le péché le plus grave qui soit aux yeux de Dieu. Et le Seigneur dit encore : Seuls les enfants de la lumière peuvent suivre les commandements de la Loi. Ecoute mes paroles : les Tables que tu as brisées ne seront plus jamais écrites dans la langue des hommes. Puisque tu les as rendues à la terre et au feu, elles vivront désormais invisibles dans le cœur de ceux qui sont capables de suivre la Loi. A ton peuple de peu de foi, qui a péché contre son Créateur alors que tu étais venu sur le sol sacré, devant ton Dieu, je donnerai une autre loi. Ce sera en vérité une loi austère, qui les enchaînera, car ils ne connaissent pas encore le Royaume de la Lumière.« Cet extrait nous apprend l’existence de deux différents enseignements. L’un est un enseignement vivant qui s’adresse aux enfants de la lumière, enfants du Père Céleste et de la Mère Terrestre, alors que l’autre s’adresse à ceux qui ont besoin des « veaux d’or », c’est à dire, des suiveurs conscients ou inconscients de toutes sortes de forces, en échange de sécurité et de confort. Les uns sont actifs face à la vie et les autres sont passifs. Les uns sont libres et autonomes et les autres vivent dans un rapport de dominant/dominé. Les uns sont adultes aux yeux du Père Céleste, les autres sont des enfants. Ce double enseignement est mentionné dans plusieurs passages de la Bible : Pour moi, frères, ce n’est pas comme à des hommes spirituels (enfants de lumière) que j’ai pu vous parler, mais comme à des hommes charnels, comme à des enfants en Christ. Je vous ai donné du lait, non de la nourriture solide, car vous ne pouviez pas la supporter; et vous ne le pouvez pas même à présent, parce que vous êtes encore charnels. En effet, puisqu’il y a parmi vous de la jalousie et des disputes, n’êtes-vous pas charnels, et ne marchez-vous pas selon l’homme? Quand l’un dit: Moi, je suis de Paul! et un autre: Moi, d’Apollos! n’êtes-vous pas des hommes? On va approfondir plus dans un des prochain lives. Là il fallait juste établir l’existence de ces deux enseignements. Puis je vis dans la main droite de celui qui était assis sur le trône un livre écrit en dedans et en dehors, scellé de sept sceaux. Et je vis un ange puissant, qui criait d’une voix forte: Qui est digne d’ouvrir le livre, et d’en rompre les sceaux? Et personne dans le ciel, ni sur la terre, ni sous la terre, ne put ouvrir le livre ni le regarder. Et je pleurai beaucoup de ce que personne ne fut trouvé digne d’ouvrir le livre ni de le regarder. Et l’un des vieillards me dit: Ne pleure point; voici,le lion de la tribu de Juda, le rejeton de David, a vaincu pour ouvrir le livre et ses sept sceaux.Et je vis, au milieu du trône et des quatre êtres vivants et au milieu des vieillards,un agneau qui était là comme immolé. Il avait sept cornes et sept yeux, qui sont les sept esprits de Dieu envoyés par toute la terre. Il vint, et il prit le livre de la main droite de celui qui était assis sur le trône. Quand il eut pris le livre, les quatre êtres vivants et les vingt-quatre vieillards se prosternèrent devant l’agneau, tenant chacun une harpe et des coupes d’or remplies de parfums, qui sont les prières des saints. Et ils chantaient un cantique nouveau, en disant: Tu es digne de prendre le livre, et d’en ouvrir les sceaux; car tu as été immolé, et tu as racheté pour Dieu par ton sang des hommes de toute tribu, de toute langue, de tout peuple, et de toute nation; tu as fait d’eux un royaume et des sacrificateurs pour notre Dieu, et ils régneront sur la terre… Je regardai, quand l’agneau ouvrit un des sept sceaux, et j’entendis l’un des quatre êtres vivants qui disait comme d’une voix de tonnerre: Viens. Je regardai, et voici, parut un cheval blanc. Celui qui le montait avait un arc; une couronne lui fut donnée, et il partit en vainqueur et pour vaincre.Quand il ouvrit le second sceau, j’entendis le second être vivant qui disait: Viens. Et il sortit un autre cheval, roux. Celui qui le montait reçut le pouvoir d’enlever la paix de la terre, afin que les hommes s’égorgeassent les uns les autres; et une grande épée lui fut donnée.Quand il ouvrit le troisième sceau, j’entendis le troisième être vivant qui disait: Viens. Je regardai, et voici, parut un cheval noir. Celui qui le montait tenait une balance dans sa main. Et j’entendis au milieu des quatre êtres vivants une voix qui disait: Une mesure de blé pour un denier, et trois mesures d’orge pour un denier; mais ne fais point de mal à l’huile et au vin.Quand il ouvrit le quatrième sceau, j’entendis la voix du quatrième être vivant qui disait: Viens. Je regardai, et voici, parut un cheval d’une couleur pâle. Celui qui le montait se nommait la mort, et le séjour des morts l’accompagnait. Le pouvoir leur fut donné sur le quart de la terre, pour faire périr les hommes par l’épée, par la famine, par la mortalité, et par les bêtes sauvages de la terre.Quand il ouvrit le cinquième sceau, je vis sous l’autel les âmes de ceux qui avaient été immolés à cause de la parole de Dieu et à cause du témoignage qu’ils avaient rendu. Ils crièrent d’une voix forte, en disant: Jusques à quand, Maître saint et véritable, tardes-tu à juger, et à tirer vengeance de notre sang sur les habitants de la terre? Une robe blanche fut donnée à chacun d’eux; et il leur fut dit de se tenir en repos quelque temps encore, jusqu’à ce que fût complet le nombre de leurs compagnons de service et de leurs frères qui devaient être mis à mort comme eux.Je regardai, quand il ouvrit le sixième sceau; et il y eut un grand tremblement de terre, le soleil devint noir comme un sac de crin, la lune entière devint comme du sang, et les étoiles du ciel tombèrent sur la terre, comme lorsqu’un figuier secoué par un vent violent jette ses figues vertes. Le ciel se retira comme un livre qu’on roule; et toutes les montagnes et les îles furent remuées de leurs places. Les rois de la terre, les grands, les chefs militaires, les riches, les puissants, tous les esclaves et les hommes libres, se cachèrent dans les cavernes et dans les rochers des montagnes. Et ils disaient aux montagnes et aux rochers: Tombez sur nous, et cachez-nous devant la face de celui qui est assis sur le trône, et devant la colère de l’agneau; car le grand jour de sa colère est venu, et qui peut subsister? Le premier sceaux nous indique l’arrivée d’un pouvoir monarchique ou oligarchique. L’Arc et la couronne sont des indices :« Dans les royaumes orientaux de l’Antiquité, l’arc était considéré comme une arme puissante, dont les rois se servaient, avec les flèches et le carquois, pour renforcer leur pouvoir sur leurs sujets et leurs ennemis. Dans cet article, j’étudie l’arc et ses attributs avant tout comme des symboles du pouvoir monarchique. Au contraire, à Rome, l’arc était l’arme des lâches et des étrangers. Mais progressivement, dès le début de l’Empire, dans les mains des empereurs et des dieux, il est devenu un des symboles du pouvoir impérial romain. »–Source avec l’article complet On a pu voir l’arrivée de ce pouvoir autoritaire, contrôlé par peu de personnes non élues démocratiquement, avec l’arrivée du virus en Chine, fin 2019. Le « corona-virus ». Ce n’est pas la virus lui-même le roi qui part en vainqueur mais ceux qui ont profité de cette pandémie pour prendre les rênes du pouvoir. Ceux-ci ont bloqué la planète entière, ont confiné les peuples, puis les ont utilisés pour une expérimentation médicale à l’échelle mondiale… Si cela n’est pas une démonstration de « leur » pouvoir, je ne vois pas ce que c’est. Les 3 sceaux suivants et les 3 chevaliers qui en suivent sont les conséquences de l’arrivée de ce pouvoir monarchique ou oligarchique. D’abord la guerre avec le deuxième sceau et le deuxième chevalier, puisque le pouvoir du premier chevalier n’est pas désiré par tous. L’actualité est en train de nous montrer que ça chauffe de partout. Pensez Ukraine, Taiwan, Iran… Le troisième chevalier est celui qui annonce les pénuries et la famine, qui sont les conséquences du virus et des conflits diplomatiques ou armés dans ce monde de transition. Le quatrième et le dernier, c’est celui de la mort. Cette mort sera une conséquence de la « vaxxination » forcée, des guerres et des pénuries, des persécutions politiques, sans oublier les malades qui succomberont à leurs maladies et les suicides de ceux qui ne pourront pas rester dans ce monde qui sera dans sa plus grande transformation depuis Adam. Le cinquième sceau est celui de la prise de conscience d’une grande majorité qui se tournera vers la spiritualité. Ceux-là vont se repentir et leurs « robes » seront lavés = leurs pêchés seront pardonnés. Ils vont devoir attendre à ce que d’autres « meurent » afin qu’ils puissent renaitre comme des enfants de lumière. Il ne s’agit pas d’une mort physique, mais d’une transformation totale des individus. Le fameux baptême par le feux, la mort et la renaissance. Ignorez-vous, frères, -car je parle à des gens qui connaissent la loi, -que la loi exerce son pouvoir sur l’homme aussi longtemps qu’il vit? Ainsi, une femme mariée est liée par la loi à son mari tant qu’il est vivant; mais si le mari meurt, elle est dégagée de la loi qui la liait à son mari. Si donc, du vivant de son mari, elle devient la femme d’un autre homme, elle sera appelée adultère; mais si le mari meurt, elle est affranchie de la loi, de sorte qu’elle n’est point adultère en devenant la femme d’un autre.De même, mes frères, vous aussi vous avez été, par le corps de Christ, mis à mort en ce qui concerne la loi, pour que vous apparteniez à un autre, à celui qui est ressuscité des morts, afin que nous portions des fruits pour Dieu. Car, lorsque nous étions dans la chair, les passions des péchés provoquées par la loi agissaient dans nos membres, de sorte que nous portions des fruits pour la mort. Mais maintenant, nous avons été dégagés de la loi, étant morts à cette loi sous laquelle nous étions retenus, de sorte que nous servons dans un esprit nouveau, et non selon la lettre qui a vieilli. L’ouverture du sixième sceau annonce LA Révélation de la véritable nature humaine, et de sa relation avec le Créateur et la création. Je ne peux pas encore aller plus dans le détail de celui-ci car il demandera un livre entier pour être expliqué et le temps n’est pas encore venu. Le choc de l’arrivée du virus en 2019 et de ses conséquences à commencé à réveiller beaucoup de monde et ce n’est qu’un début. Chaque sceaux ouvert transformera de plus en plus « d’enfants » à des « adultes ». Dans cette période remplie de toutes sortes de souffrances, il y aura ceux qui vont se renforcer spirituellement et ceux qui vont s’enfermer de plus en plus dans le matérialisme des « veaux d’or ». Pendant cette période, la « bête » sera en train d’essayer de marquer un maximum d’humains et à la fin de cette période, ceux qui auront résisté auront la marque de Dieu. Après cela, je vis quatre anges debout aux quatre coins de la terre; ils retenaient les quatre vents de la terre, afin qu’il ne soufflât point de vent sur la terre, ni sur la mer, ni sur aucun arbre. Et je vis un autre ange, qui montait du côté du soleil levant, et qui tenait le sceau du Dieu vivant; il cria d’une voix forte aux quatre anges à qui il avait été donné de faire du mal à la terre et à la mer, et il dit: Ne faites point de mal à la terre, ni à la mer, ni aux arbres, jusqu’à ce que nous ayons marqué du sceau le front des serviteurs de notre Dieu. Un livre couvert d’inscriptions à l’intérieur et au dos,Et scellé de sept sceaux.J’entendis un ange demander d’une voix forte:Qui est digne d’ouvrir ce livreEt d’en défaire les sceaux?Et personne au ciel, sur la terre, sous la terre,N’était à même d’ouvrir le livre, ni de le lire.Je pleurai, car le livre ne pouvait être ouvert,Et j’étais incapable de lire ce qui y était écrit.L’un des aînés me dit :Ne pleure pas.Etends la main et prends le livre,Oui, le livre aux sept sceaux, et ouvre-le,Car il a été écrit pour toiQui es à la fois le dernier des derniersEt le premier des premiers.Je tendis la main vers le livre.Soudain la couverture se soulevaEt mes doigts touchèrent les pages dorées……J’ouvris le premier sceauEt contemplai l’ange de l’air.Entre ses lèvres coulait le souffle de vie.Il s ’agenouilla au-dessus de la terreEt donna à l’homme le vent de la sagesse.L’homme inspira.Quand il expira, le ciel s ’assombrit,L’air doux devint vicié et fétide,Des nuages de fumée malfaisante recouvrirenttoute la terreEt je me détournai plein de honte.J’ouvris le deuxième sceauEt contemplai l’ange de l’eau.Entre ses lèvres coulait l’eau de la vie.Il s’agenouilla au-dessus de la terreEt donna à l’homme un océan d’amour.L’homme pénétra dans les eaux claires et brillantes.A son contact, les flots s’assombrirent,Les eaux de cristal s’épaissirent de vase,Le poisson agonisa dans l’obscurité infecte,Toutes les créatures moururent de soifEt je me détournai plein de honte.J’ouvris le troisième sceauEt contemplai l’ange du soleil.Entre ses lèvres coulait la lumière de la vie.Il s ’agenouilla au-dessus de la terre,Donna à l’homme les feux de la puissanceEt la force du soleil pénétra le cœur de l’homme.De cette puissance, l’homme créa un faux soleil ;Il répandit les feux de la destruction,Brûlant les forêts, dévastant les vertes vallées,Ne laissant que les os carbonisés de ses frères,Et je me détournai plein de honte.J’ouvris le quatrième sceauEt contemplai l’ange de la joie.Entre ses lèvres coulait la musique de la vie.Il s ’agenouilla au-dessus de la terreEt donna à l’homme le chant de la paix.Paix et joie vibraient dans l’âme de l’hommeComme des notes de musique.Mais celui-ci n’entendit que les dissonancesDe la tristesse et du mécontentement.Il brandit son épéeEt coupa les mains des artisans de paix.Il la brandit à nouveauEt coupa les têtes des chanteurs,Et je me détournai plein de honte.J’ouvris le cinquième sceauEt contemplai l’ange de la vie.Entre ses lèvresCoulait la sainte alliance entre Dieu et l’homme.Il s’agenouilla au-dessus de la terreEt donna à l’homme le don de la création.L’homme créa une faucille de fer en forme de serpentEt sa récolte fut la faim et la mort,Et je me détournai plein de honte.J’ouvris le sixième sceauEt contemplai l’ange de la terre.Entre ses lèvres coulait la rivière de la vie éternelle.Il s ’agenouilla au-dessus de la terreEt donna à l’homme le secret de l’éternité.Il l’invita à ouvrir les yeuxPour contempler le mystérieux arbre de viedans l’océan cosmique.Mais l’homme leva les mains et s ’arracha les yeux,Disant qu’il n’y avait pas d’éternité,Et je me détournai plein de honte.J’ouvris le septième sceauEt contemplai l’ange de la mère terrestre.Il apportait, émanant du père céleste,Un message de lumière étincelanteExclusivement destiné à l’hommeQui vit entre ciel et terre.Le message fut murmuré à son oreille,Mais il ne l’entendit point.Cette fois-ci je ne me détournai pas plein de honte,Mais je tendis les bras vers les ailes de l’angeEt m’adressai au ciel:Dis-moi le message, car je veux goûter au fruitDe l’arbre de vie qui se dresse dans l’océan cosmique.Et l’ange me regarda avec une infinie tristesse.Un grand silence se fit dans les cieux,Puis résonna une voixA l’éclat de trompette :O homme, désires-tu voir le mal que tu as engendréLorsque tu t’es détourné du trône de Dieu,Lorsque tu as négligé les donsDes anges de la mère terrestreEt des anges du père céleste?… Le message ici est très diffèrent que l’Apocalypse qu’on trouve dans la Bible car l’Homme prend conscience de son erreur et voit les conséquences dévastatrices de son arrogance. Il a la maturité spirituelle de comprendre et d’accepter. Il n’y a pas besoin de plus d’explications. Aujourd’hui, ce texte qui date d’environs 2000 ans est plus pertinent que jamais. Il suffit de voir le monde aujourd’hui et de constater…",L’ouverture des sceaux de l’Apocalypse,"Title: The Opening of the Seals of the Apocalypse

Text: And Moses went again to the Lord and said to Him: Lord, you have seen how the Holy Law has been profaned. Your children have lost faith and have bowed before darkness; they have made themselves a golden calf. Forgive them, for they are blind to the light. The Lord replied: “At the dawn of time, God and man were united by an alliance, and the holy flame of the Creator entered man, who became the Son of God. He was given the mission to preserve his inheritance as the firstborn and to make the sacred land of his father flourish. He who turns away from his Creator despises his birthright and commits the gravest sin in the eyes of God.” And the Lord said again: “Only the children of the light can follow the commandments of the Law. Listen to my words: the Tablets you broke will never again be written in the language of men. Since you returned them to the earth and fire, they will now live invisibly in the hearts of those capable of following the Law. To your people of little faith, who sinned against their Creator while you were on the sacred ground before your God, I will give another law. Truly, it will be a stern law, which will bind them, for they do not yet know the Kingdom of Light.”

This excerpt teaches us about the existence of two different teachings. One is a living teaching addressed to the children of the light, children of the Heavenly Father and the Earthly Mother, while the other is aimed at those who need the “golden calves,” that is, followers conscious or unconscious of all kinds of forces, in exchange for security and comfort. Some are active in life and others are passive. Some are free and autonomous, while others live in a relationship of dominance/submission. Some are adults in the eyes of the Heavenly Father, others are children.

This dual teaching is mentioned in several passages of the Bible:  
“For me, brothers, I could not speak to you as to spiritual men (children of light), but as to men of flesh, as to children in Christ. I gave you milk, not solid food, because you could not bear it; and even now you are not able, because you are still fleshly. For since there is among you jealousy and disputes, are you not fleshly, and do you not walk according to man? When one says: I am","Titre : L’Ouverture des Seaux de l’Apocalypse

Texte : Et Moïse retourna vers le Seigneur et lui dit : Seigneur, tu as vu comment la Sainte Loi a été profanée. Tes enfants ont perdu la foi et se sont inclinés devant l’obscurité ; ils se sont fabriqué un veau d’or. Pardonne-leur, car ils sont aveugles à la lumière. Le Seigneur répondit : « Au lever du soleil, Dieu et l’homme étaient unis par une alliance, et la flamme sacrée du Créateur entra en l’homme, qui devint le Fils de Dieu. Il reçut la mission de préserver son héritage en tant que premier-né et de faire prospérer la terre sacrée de son père. Celui qui se détourne de son Créateur méprise son droit d’aînesse et commet le péché le plus grave aux yeux de Dieu. » Et le Seigneur dit encore : « Seuls les enfants de la lumière peuvent suivre les commandements de la Loi. Écoutez mes paroles : les Tables que vous avez brisées ne seront plus jamais écrites dans la langue des hommes. Puisque vous les avez rendues à la terre et au feu, elles vivront désormais invisiblement dans le cœur de ceux qui sont capables de suivre la Loi. À votre peuple de peu de foi, qui a péché contre son Créateur pendant que vous étiez sur la terre sacrée devant votre Dieu, je donnerai une autre loi. En vérité, ce sera une loi sévère, qui les liera, car ils ne connaissent pas encore le Royaume de la Lumière. »

Cet extrait nous enseigne l’existence de deux doctrines différentes. L’une est une doctrine vivante adressée aux enfants de la lumière, enfants du Père Céleste et de la Mère Terrestre, tandis que l’autre vise ceux qui ont besoin des « veaux d’or », c’est-à-dire des adeptes conscients ou inconscients de toutes sortes de forces, en échange de sécurité et de confort. Certains sont actifs dans la vie et d’autres sont passifs. Certains sont libres et autonomes, tandis que d’autres vivent dans une relation de domination/submission. Certains sont adultes aux yeux du Père Céleste, d’autres sont des enfants.

Cette doctrine duale est mentionnée dans plusieurs passages de la Bible :  
« Car, frères, je ne"
https://lesdeqodeurs.fr/six-usines-britanniques-sur-dix-risquent-de-faire-faillite-en-raison-de-la-flambee-des-factures/,0,0,0,1,1,0,0,0,0,"Titre :Six usines britanniques sur dix risquent de faire faillite en raison de la flambée des factures texte :La flambée des factures d’énergie menace de mettre six fabricants britanniques sur dix en faillite, selon une enquête qui met à nu l’ampleur de la crise à laquelle est confronté le prochain premier ministre. MakeUK, le groupe de lobbying des usines britanniques, a déclaré que près de la moitié des fabricants ont connu une hausse de plus de 100 % de leurs factures d’électricité au cours de l’année écoulée. « La crise actuelle place les entreprises devant un choix difficile », indique le rapport. « Réduire la production ou fermer carrément le magasin si l’aide n’arrive pas rapidement ». Le nom du nouveau Premier ministre britannique sera annoncé lundi, Liz Truss devant battre Rishi Sunak, son rival dans la course à la direction du Parti conservateur. Le gouvernement subit une pression intense pour annoncer des mesures de soutien plus large afin d’aider les consommateurs et les entreprises à faire face à une flambée sans précédent des coûts énergétiques mondiaux. Le secteur manufacturier britannique est déjà en déclin, selon un indice des directeurs d’achat publié par S&P Global cette semaine. L’enquête de MakeUK indique que 13 % des usines ont désormais réduit leurs heures de fonctionnement ou évitent les périodes de pointe, tandis que 7 % arrêtent la production pendant de plus longues périodes. « Une action urgente est nécessaire de la part du nouveau gouvernement », a déclaré Stephen Phipson, directeur général de MakeUK. « Nous sommes déjà à la traîne par rapport à nos concurrents mondiaux ».",Six usines britanniques sur dix risquent de faire faillite en raison de la flambée des factures,"Title: Six out of ten British factories risk bankruptcy due to soaring bills

Text: The surge in energy bills threatens to push six out of ten British manufacturers into bankruptcy, according to a survey that reveals the extent of the crisis facing the next Prime Minister. MakeUK, the lobbying group for British factories, stated that nearly half of manufacturers experienced an increase of over 100% in their electricity bills over the past year. ""The current crisis places businesses at a difficult crossroads,"" the report indicates. ""Reduce production or completely shut down if aid does not arrive quickly."" The name of the new British Prime Minister will be announced on Monday, with Liz Truss expected to defeat Rishi Sunak, her rival in the Conservative Party leadership race. The government is under intense pressure to announce broader support measures to help consumers and businesses cope with an unprecedented surge in global energy costs. The British manufacturing sector is already in decline, according to a purchasing managers' index published by S&P Global this week. MakeUK's survey shows that 13% of factories have now reduced their operating hours or avoid peak periods, while 7% have halted production for longer periods. ""Urgent action is needed from the new government,"" said Stephen Phipson, CEO of MakeUK. ""We are already falling behind our global competitors.""","Titre : Six usines britanniques sur dix risquent la faillite en raison de la flambée des factures

Texte : La hausse des factures d'énergie menace de pousser six fabricants britanniques sur dix à la faillite, selon une enquête qui révèle l'ampleur de la crise à laquelle le prochain Premier ministre devra faire face. MakeUK, le groupe de lobbying pour les usines britanniques, a déclaré que près de la moitié des fabricants ont connu une augmentation de plus de 100 % de leurs factures d'électricité au cours de l'année écoulée. « La crise actuelle place les entreprises à un carrefour difficile », indique le rapport. « Réduire la production ou fermer complètement si l'aide ne arrive pas rapidement. » Le nom du nouveau Premier ministre britannique sera annoncé lundi, Liz Truss étant pressentie pour battre Rishi Sunak, son rival dans la course à la direction du Parti conservateur. Le gouvernement est sous une pression intense pour annoncer des mesures de soutien plus larges afin d'aider les consommateurs et les entreprises à faire face à une hausse sans précédent des coûts mondiaux de l'énergie. Le secteur manufacturier britannique est déjà en déclin, selon un indice des directeurs d'achat publié par S&P Global cette semaine. L'enquête de MakeUK montre que 13 % des usines ont désormais réduit leurs heures d'ouverture ou évitent les périodes de pointe, tandis que 7 % ont suspendu leur production pendant de plus longues périodes. « Une action urgente est nécessaire de la part du nouveau gouvernement », a déclaré Stephen Phipson, PDG de MakeUK. « Nous sommes déjà en retard par rapport à nos concurrents mondiaux. »"
https://lesdeqodeurs.fr/tous-complotistes-en-2022/,1,1,1,0,1,1,1,1,1,"Titre :Tous complotistes en 2022 !!! texte :En octobre dernier, on vous annonçait que les déclarations de Fauci étaient mises à mal par certains documents provenant de la DARPA: Ces affirmations viennent d’être confirmées par une source secondaire de la DARPA: Project Veritas a obtenu un rapport distinct adressé à l’inspecteur général du ministère de la Défense, rédigé par le major du Corps des Marines américain, Joseph Murphy, un ancien boursier de la DARPA.Le rapport indique qu’EcoHealth Alliance a approché la DARPA en mars 2018, demandant un financement pour mener des recherches sur le gain de fonction des coronavirus transmis par les chauves-souris. La proposition, nommée Project Defuse, a été rejetée par la DARPA pour des raisons de sécurité et parce qu’elle violait le moratoire sur la recherche sur le gain de fonction. Bon réflexe : on se met les documents dans un coin… Le SARS-CoV-2 est un vaccin recombinant de chauve-souris créé par les Américains, ou son virus précurseur.Il a été créé par un programme de l’Alliance EcoHealth à l’Institut de virologie de Wuhan(WIV), comme le suggèrent les rapports entourant l’hypothèse de la fuite du laboratoire.Les détails de ce programme ont été dissimulés depuis le début de la pandémie.Ces détails se trouvent dans la réponse de la proposition de l’Alliance EcoHealth à la Broad Agency Announcement (BAA) HR00118S0017 du programme PREEMPT de la DARPA, datée de mars 2018 – un document qui n’a pas encore été divulgué publiquement.La DARPA a rejeté la proposition parce que les travaux étaient trop proches de la violation du moratoire sur le gain de fonction, malgré ce que Peter Daszak dit dans la proposition (que les travaux ne le seraient pas). Comme on le sait, le Dr Fauci du NIAID n’a pas rejeté la proposition.Les travaux ont eu lieu au WIV et dans plusieurs sites aux États-Unis, identifiés en détail dans la proposition.En raison de sa nature (désormais) connue, la maladie du SRASr-CoV-WIV est facilement résolue avec un traitement précoce qui inhibe la réplication virale qui propage les protéines de pointe dans le corps (qui induisent une réponse immunitaire hyperactive nuisible lorsque le corps tente d’éliminer les pointes des récepteurs ACE2).Un grand nombre de ces protocoles de traitement précoce inhibent également l’action de la protéine spike fabriquée. Par exemple, l’ivermectine (identifiée comme curative en avril 2020) fonctionne pendant toutes les phases de la maladie car elle inhibe la réplication virale et module la réponse immunitaire. Il convient de noter que le phosphate de choloroquine (Hydroxychloroquine, identifié comme curatif en avril 2020) est identifié dans la proposition comme un inhibiteur du SRAS-CoV, tout comme l’interféron (identifié comme curatif en mai 2020).Les vaccins codés par un gène, ou « ARNm », fonctionnent mal car ils sont une réplication synthétique de la protéine de pointe du SRASr-CoV-WIV déjà synthétique et ne possèdent pas d’autres épitopes. L’ARNm demande aux cellules de produire des copies synthétiques de la protéine synthétique du SRASr-CoV-WIV directement dans la circulation sanguine, où elles se propagent et produisent la même tempête immunitaire ACE2 que le vaccin recombinant.De nombreux médecins du pays ont constaté que les symptômes des réactions au vaccin reflètent les symptômes de la maladie,ce qui corrobore la nature et la fonction similaires des protéines de pointe respectives.Un défi technologique aussi difficile que l’inoculation de chauves-souris en Chine serait d’abord tenté au DARPA.La suppression massive d’informations, du niveau du « Projet Manhattan », exécutée par le gouvernement et la Trusted News Initiative, indique qu’elle serait dissimulée si quelque chose de grave se produisait.L’hypothèse de la fuite du laboratoire et la querelle entre le sénateur Paul et le Dr Fauci indiquent que la dissimulation était plus localisée. De plus, une couverture réelle serait plus disciplinée dans sa paperasse. J’ai donc supposé que les fichiers non classifiés seraient dissimulés sur un réseau supérieur et je les ai trouvés là où je m’y attendais. J’ai compris ce qu’ils étaient et leur contenu, j’ai poussé les fichiers hors du site et j’ai compilé le rapport. To read excerpts of emails released today, click here. 2/2👇 🚨BREAKING🚨 Nous avons publié des courriels jamais vus auparavant montrant que le Dr Fauci pourrait avoir dissimulé des informations sur #COVID19 provenant du laboratoire de Wuhan & minimisé intentionnellement la théorie de la fuite du laboratoire.@RepJamesComer & @Jim_Jordan veulent que Fauci soit sous serment. Il est temps d’obtenir des réponses.Pour lire des extraits des courriels publiés aujourd’hui, cliquezici Les courriels publiés aujourd’hui soulèvent des questions importantes, notamment, mais sans s’y limiter : NOUVEAU – Le Dr Fauci, le directeur du CDC, M. Walensky, et d’autres personnes témoigneront lors d’une audience du Sénat qui débutera aujourd’hui à 10 heures. BOOOOOOOM!!!pic.twitter.com/y5xkcTBdNt Une théorie infondée qui prend racine en ligne suggère que des millions de personnes ont été « hypnotisées » pour croire les idées reçues sur le COVID-19,y compris les mesures de lutte contre cette maladie telles que les tests et la vaccination.Dans des messages largement partagés sur les médias sociaux cette semaine,les efforts pour combattre la maladie ont été rejetés avec seulement trois mots : « psychose de formation de masse ».[…]Le terme a attiré l’attention après avoir été lancé par le Dr Robert Malone dans le podcast« The Joe Rogan Experience »du 31 décembre. Le Dr Malone est un scientifique qui a fait des recherches sur la technologie ARNm, mais qui est aujourd’hui un sceptique convaincu des vaccins COVID-19 qui l’utilisent.[…]«À ma connaissance, il n’existe aucune preuve de ce concept », a déclaréJay Van Bavel, professeur adjoint de psychologie et de sciences neuronales à l’université de New York. jusqu’à ce qu’on ait un vaccin, nos seuls vrais outils sont comportementaux. Nous devons réfléchir à travers le prisme de la science comportementale. Que pouvons-nous faire pour pousser, encourager, cajoler et motiver les gens à faire ce qu’il faut ? « Je pense que c’est un problème parce que si les gens se désintéressent de ce qui se passe sur le câble… la population générale… vous savez, elle ignore tout et vit sa vie et nous ne lui transmettons pas vraiment les informations dont elle a besoin », a déclaré Oliver Darcy.",Tous complotistes en 2022 !!!,"Title: All Conspiracy Theorists in 2022!!!

Text:  
Last October, we announced that Fauci’s statements were being challenged by certain documents from DARPA: These claims have now been confirmed by a secondary source from DARPA: Project Veritas obtained a separate report addressed to the Inspector General of the Department of Defense, written by Major Joseph Murphy of the U.S. Marine Corps, a former DARPA scholar.  

The report states that EcoHealth Alliance approached DARPA in March 2018, requesting funding to conduct gain-of-function research on coronaviruses transmitted by bats. The proposal, named Project Defuse, was rejected by DARPA for security reasons and because it violated the moratorium on gain-of-function research. Good move: they tucked the documents away…  

SARS-CoV-2 is a recombinant bat vaccine created by Americans, or its precursor virus. It was developed through an EcoHealth Alliance program at the Wuhan Institute of Virology (WIV), as suggested by reports surrounding the lab leak hypothesis. The details of this program have been concealed since the start of the pandemic. These details are found in the response to EcoHealth Alliance’s proposal to the Broad Agency Announcement (BAA) HR00118S0017 of DARPA’s PREEMPT program, dated March 2018 — a document that has not yet been publicly disclosed.  

DARPA rejected the proposal because the work was too close to violating the gain-of-function moratorium, despite what Peter Daszak states in the proposal (that it would not be). As we know, Dr. Fauci of NIAID did not reject the proposal.  

The work took place at WIV and at several sites in the United States, detailed in the proposal. Due to its (now known) nature, the disease caused by SARSr-CoV-WIV can be easily treated with early intervention that inhibits viral replication, which spreads spike proteins in the body (triggering an overly active immune response that is harmful when the body tries to eliminate the spike proteins from ACE2 receptors).  

Many early treatment protocols also inhibit the action of the spike protein itself. For example, ivermectin (identified as curative in April 2020) works throughout all stages of the disease because it inhibits viral replication and modulates the immune response. It’s worth noting that chloroquine phosphate (hydroxychloroquine, identified as curative in April 2020) is listed in the proposal as an inhibitor","Titre : Tous les Théoriciens du Complot en 2022 !!!

Texte :  
En octobre dernier, nous avons annoncé que les déclarations de Fauci étaient remises en question par certains documents provenant de la DARPA : ces affirmations ont maintenant été confirmées par une source secondaire de la DARPA : Project Veritas a obtenu un rapport distinct adressé à l’Inspecteur Général du Département de la Défense, rédigé par le Major Joseph Murphy du Corps des Marines des États-Unis, ancien chercheur de la DARPA.

Le rapport indique que l’EcoHealth Alliance a approché la DARPA en mars 2018, sollicitant un financement pour mener des recherches de gain de fonction sur des coronavirus transmis par les chauves-souris. La proposition, nommée Project Defuse, a été rejetée par la DARPA pour des raisons de sécurité et parce qu’elle violait le moratoire sur les recherches de gain de fonction. Bonne décision : ils ont mis les documents de côté…

Le SARS-CoV-2 est un vaccin recombinant de chauve-souris créé par des Américains, ou son virus précurseur. Il a été développé dans le cadre d’un programme de l’EcoHealth Alliance au Wuhan Institute of Virology (WIV), comme le suggèrent les rapports entourant l’hypothèse de fuite du laboratoire. Les détails de ce programme ont été dissimulés depuis le début de la pandémie. Ces détails se trouvent dans la réponse à la proposition de l’EcoHealth Alliance dans le cadre de l’Appel à Projets de l’Annexe Générale (BAA) HR00118S0017 du programme PREEMPT de la DARPA, datée de mars 2018 — un document qui n’a pas encore été rendu public.

La DARPA a rejeté la proposition car le travail était trop proche de violer le moratoire sur le gain de fonction, malgré ce que déclare Peter Daszak dans la proposition (qu’il ne le ferait pas). Comme nous le savons, le Dr Fauci du NIAID n’a pas rejeté la proposition.

Les travaux ont eu lieu au WIV et sur plusieurs sites aux États-Unis, comme détaillé dans la proposition. En raison de sa nature (maintenant connue), la maladie causée par SARSr-CoV-WIV peut être facilement traitée par une intervention précoce qui inhibe la réplication vir"
https://lesobservateurs.ch/2022/07/31/soyez-vous-meme-une-fallaci/,0,1,1,0,1,0,0,0,0,"Titre :Soyez vous-même une Fallaci ! texte :Nous essayons toujours de transmettre la réalité de toutes nos forces Soyez aussi Fallaci!- par László Zöldi Szentesi 27.07.2022 Le premier article de notre nouvelle série est consacré à une question importante. Une question dont j'ai fait l'expérience personnelle, mais que je n'ai jamais partagée avec d'autres jusqu'à présent. Alors : que suggérerais-je aux jeunes journalistes ? Cela fait plusieurs jours que je lis des articles sur Oriana Fallaci, notamment l'excellent livre de Krisztina Wéber sur elle, mais aussi les écrits de la journaliste italienne elle-même, décédée en 2006. En attendant - que puis-je faire, je suis né hongrois - je pense surtout aux leçons qui sont importantes pour nous. Par exemple, qu'est-ce que la liberté, la liberté d'expression, la représentation inébranlable de la vérité. En un mot, ce que tout journaliste devrait considérer comme le phare de sa vie, au lieu de se perdre dans un monde de demi-vérités et d'autocensure. Alors je lis Fallaci, je me demande quelle femme, quelle personne elle était. Elle a représenté avec une honnêteté impitoyable tout ce qui lui tenait à cœur dans le monde occidental, et dans ses entretiens, elle n'a pas suivi les attentes de la cour ou les revendications préalables. Le moment venu, elle a fait la leçon au président Kadhafi (qu'elle a ensuite traité d'idiot clinique dans une interview), a jeté la robe traditionnelle des femmes iraniennes à l'Ayatollah Khomeini, en disant qu'elle ne portait pas cette tenue barbare, et a «mouché» l'abasourdi Kissinger, qui était assis là en état de choc, ainsi que n'importe lequel de ses interlocuteurs de renommée mondiale. Rétrospectivement, elle considère comme l'événement le plus douloureux de sa vie le fait de ne pas avoir exprimé ses impressions négatives sur Lech Walesa, un homme odieux, arrogant et stupide, car elle ne voulait pas donner un avantage à l'Union soviétique à l'époque, en 1981. Elle a déclaré par la suite, avec beaucoup de peine d'ailleurs, qu'elle n'aurait jamais dû s'asseoir avec la principale figure de Solidarité, car elle ne pouvait pas transmettre toute la vérité à ses lecteurs. Les Noirs à la Maison Blanche Le livre de Krisztina Wéber sur Oriana Fallaci est excellent. C'est une œuvre intemporelle. Je le recommande aux experts et aux connaisseurs. C'est l'esquisse d'une époque, dont Fallaci est à juste titre le centre. Fallaci, bien sûr, a vécu, comme il se doit, une vie privée tout aussi troublée et amère qu'elle est devenue grande en tant que journaliste. Néanmoins, elle n'a fait aucun marché, elle ne s'est pas laissé influencer. Si elle le souhaite, elle discute avec Ariel Saron, dont elle s'identifie facilement aux ambitions, tout en vivant avec un combattant grec de la liberté, en recherchant les secrets personnels de l'astronautique et - peut-être - de l'un ou l'autre de ses beaux interviewers astronautes américains. À la fin de sa vie, elle a adopté une ligne dure contre l'Islam. Elle n'a pas puisé dans les livres d'autres personnes, mais dans ses propres expériences de vie, lorsqu'elle a perçu le système politique, économique et moral d'une religion mondiale en pleine expansion comme la plus grande menace pour la civilisation occidentale. Les étapes de cette vie riche et colorée pourraient s'étendre à l'infini. Mais le plus important pour nous, journalistes hongrois, est que la lecture de Fallaci révèle à quel point nous nous sommes éloignés des questions professionnelles les plus importantes. La façon dont nous pouvons être justes et corrects est un sujet sur lequel les théoriciens nous ont éblouis depuis le début de ma carrière, avec l'opposition objectif-subjectif plus la mention insaisissable et tout à fait fallacieuse de l'indépendance. C'est-à-dire, regarder les faits avec un œil méfiant. Qu'un bon journaliste qui cache ses émotions ne montre pas son savoir, mais se fond dans la masse, dans les jeux d'ennui lâches et vides déguisés en professionnalisme. Ce que nous appelons la chronique n'est, en fait, rien d'autre qu'une médiation sans âme des événements du monde et de notre pays. Fallaci vivait dans un système interne complètement différent ; pour elle, l'information était avant tout une question d'honnêteté, en essayant toujours de transmettre la vérité de toutes ses forces. On peut légitimement se demander quelle part de son œuvre est consacrée à elle-même. N'a-t-elle pas renforcé ses tendances narcissiques par ses discours et ses écrits belliqueux ? Il est vrai que la plupart des journalistes et écrivains aiment se dévoiler sans cryptage, sans lequel il n'y a pas d'art d'écrire. Fallaci, cependant, a eu la chance, en travaillant à partir du milieu des années soixante, de ne pas avoir à prouver quoi que ce soit. Elle a parcouru le monde, visitant des nations opprimées et des peuples spoliés, non pas parce qu'elle voulait polir sa propre image, mais - comme elle le décrit elle-même - pour servir le lecteur, pour chercher ses revendications. Mon cher jeune ami journaliste, il ressort de ce qui précède que je vous recommande avant tout le courage. Ne pas croire à la matière morte, rejeter l'absurdité – à laquelle personne ne croit – que vous seriez bon que si vous ne croyez en rien. Soyez vous-même, présentez votre opinion ! Cette approche doit être un test décisif pour l'ensemble de votre travail, en tenant compte des limites du genre. Il faut être un journaliste respecté ou détesté, précisément parce qu'il a son propre style, mais qui n'aime pas seulement briller, mais qui va au fond des choses. Quelqu'un qui sert la vérité, pas une tape dans le dos. Qui ne crée pas de scandales (comme Fallaci), mais qui est prêt à affronter les siens, ceux de son peuple, de sa civilisation, de tous les hommes de bonne volonté en général. Oriana Fallaci, dont la technique d'interview fait désormais partie des écoles de journalisme américaines, a travaillé en tant qu'auteur totalement subjectif. Elle a fait un grand pari sur qui pensait quoi d'elle, a fermement proclamé sa propre vérité, a défendu avec audace ses propres opinions. Lorsqu'elle a été menacé et condamné à mort par des islamistes pour ses articles après le 11 septembre, elle leur a dit avec défi de venir la voir, qu'elle avait servi comme partisan italien pendant la Seconde Guerre mondiale et qu'elle se défendrait.C'était eux ou elle - c'était plus ou moins sa réponse, et on pourrait dire que son emportement serait drôle s'il n'y avait pas la nature sinistre et mortelle de la menace. Et donc nous ne rions pas, nous ne réprimandons pas, mais nous nous demandons quelle est cette civilisation occidentale qui est menacée par des envahisseurs barbares, ici, sur son propre territoire, en piétinant son propre système de valeurs ? Et nous, Occidentaux, pourrions-nous critiquer l'Islam dans son propre environnement en tant qu'invités ? Un bon journaliste ne peut éviter les heurts. Nous devons toujours, toujours défendre nos opinions. Nous pouvons parfois nous taire lorsque nous ne pouvons pas dire la vérité, mais il est bon de savoir qu'il est toujours préférable de parler et d'écrire librement. Et il ne faut jamais mentir, quelles que soient les circonstances. Nous faisons du bon travail lorsque le lecteur qui s'insurge contre nous ne soulève pas d'objections spécifiques à nos articles, à nos émissions de télévision ou de radio, mais se contente de dénigrer et de personnaliser. Si c'est tout ce que nous obtenons, nous faisons correctement notre travail (n'espérez pas éviter les attaques, le journalisme est le plus souvent affaire de controverse). Il est évident qu'Oriana Fallaci, précisément en raison de sa grande liberté personnelle, ne peut être rangée dans un camp idéologique sectaire. Son athéisme et les idéaux de sa jeunesse l'éloignaient des conservateurs, et de la gauche le fait qu'elle croyait vraiment à la liberté, elle n'en faisait pas que d'en parler, elle dénonçait publiquement tous les clubs dégénérés, des féministes à l'islamisme. Voilà donc la leçon. Oriana Fallaci a vécu et est morte comme quelqu'un qui regardait le monde avec compréhension, qui pouvait faire la distinction entre le bien et le mal, et qui appréciait la justice plutôt que les plaisirs mesquins de l'esclavage. Elle est née libre, elle est morte libre. Efforçons-nous de faire de son histoire quelque chose qui nous ressemble, afin qu'au terme du voyage, nous ne nous demandions pas avec un sentiment de perte et de douleur si nous avons fait bon usage de nos talents. source: traduction: Albert Coroz",Soyez vous-même une Fallaci !,"Title: Be Yourself Like a Fallaci!

Text:  
We always try to convey reality with all our strength. Be as Fallaci!  
— by László Zöldi Szentesi, 27.07.2022

The first article of our new series is dedicated to an important question. A question I have personally experienced, but which I have never shared with others until now. So: what would I suggest to young journalists?

For several days, I have been reading articles about Oriana Fallaci, including the excellent book by Krisztina Wéber about her, as well as the writings of the Italian journalist herself, who passed away in 2006. In the meantime — what can I do, I am Hungarian — I mainly think about the lessons that are important for us. For example, what is freedom, freedom of expression, the unwavering representation of truth. In a word, what every journalist should consider as the lighthouse of their life, instead of getting lost in a world of half-truths and self-censorship.

So I read Fallaci, I wonder what kind of woman, what kind of person she was. She represented with ruthless honesty everything that mattered to her in the Western world, and in her interviews, she did not follow court expectations or preconceptions. When the moment came, she gave a lesson to President Gaddafi (whom she later called a clinical idiot in an interview), threw off the traditional dress of Iranian women to Ayatollah Khomeini, saying she did not wear that barbaric attire, and “blew her nose” at the stunned Kissinger, who sat there in shock, as well as any of her renowned international interlocutors.

Retrospectively, she considers the most painful event of her life to be not expressing her negative impressions of Lech Walesa, a despicable, arrogant, and stupid man, because she did not want to give an advantage to the Soviet Union at the time, in 1981. She later declared, with much regret, that she should never have sat down with the main figure of Solidarity, because she could not transmit the full truth to her readers.

The Blacks at the White House  
Krisztina Wéber’s book on Oriana Fallaci is excellent. It is a timeless work. I recommend it to experts and connoisseurs. It sketches an era, of which Fallaci is rightly the center.

","Titre : Soyez vous-même comme une Fallaci !

Texte :  
Nous essayons toujours de transmettre la réalité de toutes nos forces. Soyez comme Fallaci !  
— par László Zöldi Szentesi, 27.07.2022

Le premier article de notre nouvelle série est consacré à une question importante. Une question que j’ai personnellement vécue, mais que je n’ai jamais partagée avec d’autres jusqu’à présent. Alors : que conseillerais-je aux jeunes journalistes ?

Depuis plusieurs jours, je lis des articles sur Oriana Fallaci, y compris l’excellent livre de Krisztina Wéber à son sujet, ainsi que les écrits de la journaliste italienne elle-même, décédée en 2006. En attendant — que puis-je faire, je suis hongrois — je pense principalement aux leçons qui sont importantes pour nous. Par exemple, qu’est-ce que la liberté, la liberté d’expression, la représentation inébranlable de la vérité. En un mot, ce que chaque journaliste devrait considérer comme le phare de sa vie, au lieu de se perdre dans un monde de demi-vérités et d’autocensure.

Alors je lis Fallaci, je me demande quel genre de femme, quel genre de personne elle était. Elle représentait avec une honnêteté impitoyable tout ce qui comptait pour elle dans le monde occidental, et dans ses interviews, elle ne suivait pas les attentes ou préjugés du tribunal. Quand le moment est venu, elle a donné une leçon au président Gaddafi (qu’elle a ensuite qualifié d’idiot clinique dans une interview), a enlevé la tenue traditionnelle des femmes iraniennes pour l’ayatollah Khomeini, disant qu’elle ne portait pas cette tenue barbare, et a « snobé » Kissinger, qui était là, choqué, ainsi que tous ses interlocuteurs internationaux renommés.

Rétrospectivement, elle considère que l’événement le plus douloureux de sa vie n’a pas été d’exprimer ses impressions négatives sur Lech Walesa, un homme méprisable, arrogant et stupide, parce qu’elle ne voulait pas donner un avantage à l’Union soviétique à l’époque, en 1981. Elle a ensuite déclaré, avec beaucoup de regret, qu’elle n’aurait jamais dû s’asseoir avec la figure principale de Solidarnosc,"
https://lesobservateurs.ch/2022/09/21/les-vert-e-s-sont-decus-du-contre-projet-de-simonetta-a-linitiative-sur-les-glaciers-pas-assez-ambitieux-trop-frileux-pas-assez-aligne-sur-lue/,0,1,0,1,1,0,0,0,0,"Titre :Les Vert.e.s sont déçus du contre-projet de Simonetta Sommaruga à l’initiative sur les glaciers: « pas assez ambitieux », « trop frileux », « pas assez aligné sur l’UE » texte :Guillaume Chillier - le 17 septembre 2022 Chez les Verts, c’est la déception. «Le Conseil fédéral semble à contre-courant du Parlement, critique la conseillère nationale genevoiseDelphine Klopfenstein Broggini. Jeudi, c’était de bonnes nouvelles pour l’approvisionnement en énergie durable et le climat. Aujourd’hui (hier, ndlr), le gouvernement se montre trop frileux et n’est pas à la hauteur des enjeux.» [...] réservé aux abonnés: ***** Delphine Klopfenstein: La solution à la pénurie, c'est l'économie d'énergie, qui est en plus bon marché RTS - La Matinale, 15 août 2022: La Suisse doit-elle construire de nouvelles centrales à gaz ? Interview de Delphine Klopfenstein (1:14) Journaliste:Les Suisses doivent-ils construire de nouvelles centrales à gaz ? Face à la crise énergétique, en tout cas, deux anciens projets ressortent des tiroirs: Chavalon (VS) et Cornaux (NE). Le directeur de Gaznat a confirmé des infos de la presse alémanique; à ce stade, rien n'est encore décidé. Mais pour la Conseillère nationale Verte Delphine Klopfenstein, ce n'est pas après le gaz qu'il faut courir. Delphine Klopfenstein: Aujourd'hui on doit très clairement débrancher le fossile et surtout pas, alors qu'on est en situation possible de pénurie, d'essayer de se raccrocher encore au fossile. Au contraire, on doit vraiment trouver des alternatives, elles existent. C'est notamment celle des économies d'énergie. Des économies d'énergie, c'est à la fois une solution qui est très rapide, c'est-à-dire que déjà pour l'hiver prochain et l'hiver suivant, on peut avoir des solutions. Et puis en plus, elles sont bon marché, parce qu'au fond c'est de l'énergie qu'on ne consommera pas. On doit aujourd'hui vraiment travailler sur cette lutte contre le gaspillage énergétique, travailler sur l'efficience, l'efficacité, mais aussi, évidemment, sur la sobriété énergétique. Conclusion du journaliste: Il serait par ailleurs judicieux pour la Suisse de s'aligner sur l'Union Européenne, dont les membres doivent économiser 15% de gaz d'ici le printemps prochain.Les mots de Simonetta Sommaruga, la ministre de l'énergie, hier dans le Blick: ""le Conseil fédéral décidera "". lien vers l'audio: 523 références à la RTS avec Delphine Klopfenstein: **** Une autre génieconseillère aux Etats socialiste: Elisabeth Baume-Schneider RTS:Une initiative commune est lancée par les Vert.e.s et le PS pour l'allocation d'un fonds climat de 3,5 à 7 milliards par an pour développer la transition énergétique vers une économie plus durable.","Les Vert.e.s sont déçus du contre-projet de Simonetta Sommaruga à l’initiative sur les glaciers: « pas assez ambitieux », « trop frileux », « pas assez aligné sur l’UE »","Title: The Greens are disappointed with Simonetta Sommaruga's counter-proposal to the glacier initiative: ""not ambitious enough,"" ""too cautious,"" ""not aligned enough with the EU""  
Text: Guillaume Chillier - September 17, 2022  

Among the Greens, there is disappointment. ""The Federal Council seems to be going against the trend of Parliament,"" criticizes Geneva National Councillor Delphine Klopfenstein Broggini. On Thursday, there was good news for sustainable energy supply and climate. Today (yesterday, ed.), the government appears too cautious and is not meeting the challenges."" [...]  

Subscribers only: *****  

Delphine Klopfenstein: The solution to the shortage is energy saving, which is also cheaper  
RTS - La Matinale, August 15, 2022: Should Switzerland build new gas plants? Interview with Delphine Klopfenstein (1:14)  

Journalist: Should Switzerland build new gas plants? In the face of the energy crisis, two former projects are emerging from the drawers: Chavalon (VS) and Cornaux (NE). Gaznat's director confirmed information from the German-speaking press; at this stage, nothing has been decided yet. But for Green National Councillor Delphine Klopfenstein, it's not about rushing to build more gas plants.  

Delphine Klopfenstein: Today, we must very clearly disconnect from fossil fuels and especially not, while we are in a possible shortage situation, try to cling to fossil fuels. On the contrary, we really need to find alternatives—they exist. One of these is energy savings. Energy savings is both a very quick solution—meaning that solutions can be in place already for next winter and the following winter—and they are also inexpensive because, ultimately, it’s energy that we will not consume. Today, we really need to work on fighting energy waste, improving efficiency, and, of course, on energy sobriety.  

Journalist's conclusion: It would also be wise for Switzerland to align with the European Union, whose members are required to save 15% of gas by next spring.  

Words from Simonetta Sommaruga, the Minister of Energy, yesterday in Blick: ""The Federal Council will decide.""  
Link to audio: 523 references to RTS with Delphine Klopfenstein: ****  

Another Green State Councillor, socialist: Elisabeth Baume-Schneider  

RTS:","Titre : Les Verts déçus par la contre-proposition de Simonetta Sommaruga à l’initiative sur le glacier : « pas assez ambitieuse », « trop prudente », « pas suffisamment alignée avec l’UE »

Texte : Guillaume Chillier - 17 septembre 2022

Parmi les Verts, il y a de la déception. « Le Conseil fédéral semble aller à l’encontre de la tendance du Parlement », critique la conseillère nationale genevoise Delphine Klopfenstein Broggini. Jeudi, il y avait de bonnes nouvelles pour l’approvisionnement en énergie durable et le climat. Aujourd’hui (hier, ndlr), le gouvernement paraît trop prudent et ne répond pas aux défis. » [...]

Abonnés uniquement : *****

Delphine Klopfenstein : La solution à la pénurie est la sobriété énergétique, qui est aussi moins chère  
RTS - La Matinale, 15 août 2022 : La Suisse doit-elle construire de nouvelles centrales à gaz ? Interview de Delphine Klopfenstein (1:14)

Journaliste : La Suisse doit-elle construire de nouvelles centrales à gaz ? Face à la crise énergétique, deux projets sortent des tiroirs : Chavalon (VS) et Cornaux (NE). Le directeur de Gaznat a confirmé des informations de la presse germanophone ; à ce stade, rien n’a encore été décidé. Mais pour la conseillère nationale verte Delphine Klopfenstein, il ne s’agit pas de se précipiter pour construire davantage de centrales à gaz.

Delphine Klopfenstein : Aujourd’hui, il faut très clairement se désolidariser des combustibles fossiles et surtout ne pas, en situation de pénurie possible, essayer de s’y accrocher. Au contraire, il faut vraiment chercher des alternatives — elles existent. L’une d’elles est la sobriété énergétique. La sobriété énergétique est à la fois une solution très rapide — c’est-à-dire que des solutions peuvent être en place dès l’hiver prochain et celui d’après — et elles sont aussi peu coûteuses, car, en fin de compte, c’est de l’énergie que l’on ne consomme pas. Aujourd’hui, il faut vraiment travailler à lutter contre le gaspillage énergétique, améliorer l’efficacité et, bien sûr, promouvoir la sobriété énergétique.

Conclusion du journaliste : Il serait également sage pour la Suisse de s’aligner sur l"
https://lesobservateurs.ch/2022/09/24/conflit-dinteret-bill-gates-recompense-officiellement-ursula-von-der-leyen-pour-son-soutien-financier/,0,1,1,0,1,0,1,1,0,"Titre :Conflit d’intérêt : Bill Gates récompense officiellement Ursula von der Leyen pour son soutien financier texte :Il faut lirela présentation que la Fondation Gates donne du prix remis à Ursulaest sans ambiguïté : In June 2020, at the Global Vaccine Summit, von der Leyen also announced a new European Commission’s contribution of €300 million to Gavi, the Vaccine Alliance. This is more than the sum of all previous EU contributions to Gavi. (En juin 2020, lors du Sommet mondial sur les vaccins, von der Leyen a également annoncé une nouvelle contribution de la Commission européenne de 300 millions d’euros à Gavi, l’Alliance du vaccin. C’est plus que la somme de toutes les contributions précédentes de l’UE à Gavi.) Autrement dit, d’un côté,Ursula von der Leyen verse 300 millions € d’argent public à une fondation créée par Bill Gates, de l’autre, la fondation Gates donne un prix (d’un montant non précisé…) à Ursula von der Leyen, pour son intervention. Voilà qui s’appelle un conflit d’intérêt, dont le principal mérite est de ne pas être caché, mais totalement assumé et proclamé. Dans son discours de remerciement, Ursula von der Leyen a osé déclarer : we introduced a transparency mechanism. This created trust. (Nous avons introduit un mécanisme de transparence . Cela a créé de la confiance) Cette affirmation est une véritable provocation aprèsle rapport spécial de la Cour des Comptes européennequi a dénoncé l’opacité du processus communautaire. Rappelons quela députée Virginie Joron menace de lancer une procédure pénale contre la présidente de la Commissionsur ce sujet. source:",Conflit d’intérêt : Bill Gates récompense officiellement Ursula von der Leyen pour son soutien financier,"Title: Conflict of Interest: Bill Gates Officially Awards Ursula von der Leyen for Her Financial Support

Text:  
It is necessary to read the presentation that the Gates Foundation gives of the prize awarded to Ursula von der Leyen, which is unambiguous:  
In June 2020, at the Global Vaccine Summit, von der Leyen also announced a new European Commission contribution of €300 million to Gavi, the Vaccine Alliance. This is more than the sum of all previous EU contributions to Gavi. (In June 2020, at the Global Vaccine Summit, von der Leyen also announced a new contribution of €300 million from the European Commission to Gavi, the Vaccine Alliance. This is more than the total of all previous EU contributions to Gavi.)  

In other words, on one hand, Ursula von der Leyen is allocating €300 million of public money to a foundation created by Bill Gates; on the other hand, the Gates Foundation is awarding a prize (the amount of which is unspecified…) to Ursula von der Leyen for her involvement. This is what is called a conflict of interest, whose main merit is not to be hidden but to be fully acknowledged and proclaimed.  

In her thank-you speech, Ursula von der Leyen dared to declare: ""We introduced a transparency mechanism. This created trust.""  
This statement is a real provocation after the special report by the European Court of Auditors, which denounced the opacity of the community process.  

Let us recall that Deputy Virginie Joron threatens to initiate criminal proceedings against the President of the Commission on this subject.  

Source:","Titre : Conflit d'intérêts : Bill Gates remet officiellement un prix à Ursula von der Leyen pour son soutien financier

Texte :  
Il est nécessaire de lire la présentation que la Fondation Gates donne du prix décerné à Ursula von der Leyen, qui est sans ambiguïté :  
En juin 2020, lors du Sommet mondial sur les vaccins, von der Leyen a également annoncé une nouvelle contribution de la Commission européenne de 300 millions d'euros à Gavi, l'Alliance pour les vaccins. Il s'agit de plus que la somme de toutes les contributions précédentes de l'UE à Gavi. (En juin 2020, lors du Sommet mondial sur les vaccins, von der Leyen a également annoncé une nouvelle contribution de 300 millions d'euros de la Commission européenne à Gavi, l'Alliance pour les vaccins. Il s'agit de plus que le total de toutes les contributions précédentes de l'UE à Gavi.)  

En d'autres termes, d'une part, Ursula von der Leyen alloue 300 millions d'euros de fonds publics à une fondation créée par Bill Gates ; d'autre part, la Fondation Gates remet un prix (dont le montant n'est pas précisé…) à Ursula von der Leyen pour son implication. C'est ce qu'on appelle un conflit d'intérêts, dont le principal mérite n'est pas d'être dissimulé mais d'être pleinement reconnu et proclamé.  

Dans son discours de remerciement, Ursula von der Leyen a osé déclarer : « Nous avons instauré un mécanisme de transparence. Cela a créé de la confiance. »  
Cette déclaration est une véritable provocation après le rapport spécial de la Cour des comptes européenne, qui a dénoncé l'opacité du processus communautaire.  

Rappelons que la députée Virginie Joron menace d'engager des poursuites pénales contre le président de la Commission à ce sujet.  

Source :"
https://lezarceleurs.blogspot.com/2021/02/le-dispositif-anti-covid-nest-pas-un.html,1,1,1,0,1,1,1,1,0,"Titre :Le dispositif anti-Covid n'est pas un vaccin texte :Le dispositif à ARNm anti-Covid n'est PAS un « vaccin », ni même un médicament, un traitement ou une thérapie — Alors, c'est quoi ? Makia Freeman — The Freedom Articles Sott.net mer., 20 jan. 2021 14:22 UTC La substance anti-Covid à ARNm préparée en laboratoire et désormais déployée par des militaires dans de nombreux pays du monde, n'est PAS un « vaccin ». Je le répète : ce n'est pas un « vaccin ». On peut certes le qualifier de beaucoup de choses, mais certainement pas de « vaccin ». Nous devons prendre conscience du fait que la fraudémique du Covid a rapidement accéléré les aspects technocratiques et transhumanistes du Nouvel Ordre mondial au point que des milliers de personnes font aveuglément la queue pour se faire injecter un « traitement » qui est aussi [et avant tout ? - NdT] undispositif chimique, unsystème d'exploitation, unagent pathogène synthétiqueet undispositif de production d'agents pathogènes chimiques. Comme nous l'avons vudans un article précédent, cette nouvelle «concoction bizarre» anti-Covid constitue un tout nouveau type de technologie, potentiellement encore plus dangereux que le toxique vaccin moyen. Dans cet article, nous allons explorer plus en profondeur ce qu'est cette « concoction » à ARNm. Note du traducteur :Le choix a été fait de parler de « vaccin » uniquement pour définir que dans le cas de l'ARNm ce n'en est pas un, et pour parler de ce qu'il est dans son sensusuel. Dans tous les autres cas, le mot « vaccin » utilisé par l'auteur a été remplacé par d'autres mots ou expressions. Quant àl'article précédent mentionné par l'auteur(publié le 10 janvier dernier), il fait le point sur les 10 choses à savoir sur cette « concoction » injectée dans le cadre del'expérience qui constitue un viol du Code de Nuremberget qui est dite « vaccinale » — poursoi-disantlutter contre le Covid-19 alors que les raisons sont selon toute apparence tout autres. Les sources en anglais ont été ajoutées pour permettre au lecteur de creuser plus loin : Sur les différents sujets listés ci-dessus, voir les articles suivants : Les docteurs David Martin et Judy Mikovits expliquent que la « substance » anti-Covid n'est pas un « vaccin » Voici le courtextrait d'un échangeentre les docteurs David Martin et Judy Mikovits (qui ont tous deux jusqu'à présent été très éloquents pour mettre en lumière les éléments relatifs à la soi-disant-pandémie de Covid) qui s'entretiennent avec Robert Kennedy Jr. et l'avocat Rocco Galati, lequel représente un groupe canadien de défense de la liberté qui poursuit en justice le gouvernement quant à la vaste escroquerie que constitue le Covid. David Martin fait valoir des points extrêmement importants sur le fait quenous ne pouvons pasétiqueter avec précision le dispositif que Moderna et Pfizer/BioNTechprésentent de manière coercitivecomme un « vaccin », puisquetant sur le plan médical que juridique, ça n'en est pas un: « Il ne s'agit pas d'unvaccin[...] le termevaccinest utilisé pour rendre cette substance subrepticement acceptable en vertu d'une autorisation d'utilisation d'urgence dans le cadre de la santé publique [...] Il s'agit d'un ARNm encapsulé dans une enveloppe de graisse qui doit pénétrer une cellule. C'est un dispositif [soi-disant - NdT] médical conçu pour stimuler la cellule humainede manière à ce qu'elle puisse produire elle-même des agents pathogènes.Ce n'est pas unvaccin!Le vaccin en tant que tel est en fait un terme défini de manière légale [...] en vertu de la loi sur la santé publique [...] et en vertu des normes du CDC et de la FDA, un vaccin doit spécifiquement stimuler à la fois l'immunité de la personne qui le reçoit, mais il doit également perturber la transmission [...]Ils se sont montré très clairs en disant que le brin d'ARNm qui entre dans la cellule n'est pas conçu pour arrêter la transmission[de la maladie]. Il s'agit d'un traitement. Mais si on en parlait comme d'un traitement, il ne recevrait pas l'oreille compatissante des autorités de santé publique, car les gens diraient alors : Existe-t-il d'autres traitements ? L'utilisation du terme « vaccin » est inadmissible [...] car il s'agit en fait d'un argument massue qui vise à pouvoir en parler comme s'il en était un [...] Moderna a été créée en tant que société de chimiothérapie pour le cancer, et non en tant que fabricant de vaccins contre le Sras [...] si nous disions que nous allons administrer aux gens une chimiothérapie prophylactique pour un cancer qu'ils n'ont pas, on vous rirait au nez, car c'est une idée stupide. C'est exactement la même chose !Il s'agit d'un dispositif mécanique, sous la forme d'un très petit concentré de technologie, qui est inséré dans le système humain pour stimuler la cellule [cible] afin qu'elle produise elle-même des agents pathogènes. La seule raison pour laquelle ce terme [vaccin] est utilisé est d'exploiter [et de s'appuyer sur] l'affaire Jacobson de 1905 qui a été déformée dès son origine. L'honnêteté nous oblige à nommer cette « substance » en fonction de ce qu'elle est vraiment :un dispositif chimique pathogène destiné en fait à déclencher un processus qui oblige la cellule à produire elle-même un pathogène chimique.Il s'agit d'undispositif[soi-disant - NdT] « médical », pas d'unmédicament, pour la bonne et simple raison qu'il répond à la définition dedispositifconformément au CDRH [Center for Devices and Radiological Health]. Notes du traducteur :Selon Wikipedia, l'affaire « Jacobson versus Massachusetts », est allé jusqu'à la Cour suprême des États-Unis, une affaire dans laquelle cette dernière a confirmé l'autorité des États à appliquer les lois sur la vaccination obligatoire. La décision de la Cour a exprimé l'opinion selon laquellela liberté individuelle n'est pas absolue et qu'elle est soumise au pouvoir de police de l'État. Cette affaire a également constitué un précédent permettant au gouvernement fédéral de justifier le port du masque obligatoire et les mesures de confinement qui ont cours depuis début 2020 dans le cadre du Covid. Le CDRH [Centre des dispositifs radiologiques dédiées à la santé] est une branche de la FDA responsable de l'approbation préalable à la mise sur le marché de tous lesdispositifs médicaux, ainsi que de la supervision de la fabrication, des performances et de la sécurité de cesdispositifs. Il est fait pour vous rendre malade [...] 80 % des personnes qui sont exposées au prétendu virus [Sras-Cov-2] n'ont aucun symptôme [...] 80 % des personnes qui se font injecter cette [substance] développent un effet indésirable clinique. On vous injecte une substance chimique pour vous rendre malade, et non pour provoquer une réponse immuno-transmissive. En d'autres termes, rien de tout cela ne vous empêchera de transmettre quoi que ce soit.Il s'agit de vous rendre malade, et que ce soit vos propres cellules qui le fassent toutes seules. » Note du traducteur: Ce qui constitue évidemment un summum dans la perversité de ce qui est présenté de manière coercitive comme étant un « vaccin »... Judy Mikovits ajoute : « Il s'agit d'un pathogène synthétique. Ils ont littéralement injecté cette partie pathogène du virus dans chaque cellule du corps [...] il peut en fait directement entraîner une sclérose en plaques, la maladie de Lou Gehrig, la maladie d'Alzheimer [...] il peut provoquer un cancer accéléré [...] c'est ce que l'expression de ce morceau de virus [...] fait et on le sait depuis des décennies. » Selon Moderna, leur « soi-disant-vaccin » Covid est un système d'exploitation © Moderna - Sott.net pour la traduction française Le « logiciel de la vie » du système d'exploitation du vaccin à ARNm Le « soi-disant-vaccin » Covid à ARNm est unsystème d'exploitation qui peut programmer votre ADN— et donc vous programmer — au niveau le plus fondamental de ce qui constitue votre profil génétique. Est-ce une exagération ? Non, ce n'est pas exagéré.Moderna déclare sur son site Web que sa plateforme technologique à ARNm est un « logiciel de vie » et « fonctionne comme un système d'exploitation sur un ordinateur ». Ce qui suitprovient directement de leur site Web: «Il est conçu de manière à pouvoir de manière interchangeable se brancher sur et utiliser différents programmes.Dans notre cas, le ""programme"" ou ""app"" correspond à notre médicament à ARNm — la séquence unique d'ARNm qui code pour une protéine » Note du traducteur :Ce sujet est particulièrement développé dans l'article «Covid-19 — Le fer de lance pour la mise en place d'une « nouvelle ère » de VACCINS à haut risque, génétiquement MODIFIÉS»: Les approches ARNm semblent attirer les scientifiques pourvus d'une vision très mécaniste de l'être humain. L'une de ces personnes fait l'éloge de l'ARNm pour son « inhérente capacité de programmation », en déclarant :« Tout comme un ordinateur [système d'exploitation],la thérapie par ARNm peutreprogrammer[un] corps pour qu'il produise ses propres thérapies »[mis en gras dans le texte original]. Les approches ARNm — qui utilisent des brins d'ARNm « sur mesure » pour « transformer les cellules du corps en usines à médicamentsad hoc» — sont comparés par le PDG de Moderna à «un logiciel : il suffit de tourner la manivelle et de mettre au point toute une kyrielle de produits». De même, la revueNature— qui commente la technologie de l'ARNm « d'un point de vue biotechnologique et industriel » — s'enthousiasme du fait quecette approche « permet un peaufinage rapide avecdes combinaisons dérivées presque illimitées». L'objectif planifié : faire de chaque humain une unité numérique sur la grille de contrôle Nous entrons rapidement dans le monde de la transhumanisation, où nos corps biologiquement naturels sont infiltrés et piratés par des éléments synthétiques, et en tout premier lieu au niveau des nanoparticules. Les agents à la manette du Nouvel Ordre mondial ont pour objectif de télécharger une sorte de système ou de logiciel Microsoft Office dans notre corps et notre cerveau, et de nous connecter au Cloud JEDI et/ou à celui d'Amazon-CIA, afin de pouvoir accéder directement à notre cerveau. Ensuite, pour régulièrement nous mettre à jour, tout comme les logiciels informatiques sont périodiquement mis à jour,ils pourront déployer des « soi-disant-vaccins » qui n'en sont pas.Les virus, réels ou non, et les vaccins, réels ou non, ne sont que des vecteurs pour atteindre cet objectif. Note du traducteur :À propos de la grille de contrôle, voir notre article «Corbett Report : Bill Gates et la grille de contrôle de la population». Et à propos d'un autre objectif planifié derrière le Covid, voir aussi« Vaccins » à ARN et conquête commerciale planétaire — Le plan derrière le Covid-19: « Un jour viendra donc où chaque personne passera systématiquement un test ADN pour établir un profil, et chaque profil sera adapté à des séries de vaccins personnalisés. » Transformer les êtres humains en marchandises grâce au système « monétaire » du crédit social Alison McDowell résume ci-dessous ce qui constitue la voie la plus probable actuellement empruntée par le Nouvel Ordre mondial pour favoriser le transhumanisme, laquelle implique de manière à induire une conformité à l'échelle de la planète le crédit social, la 5G, le réseau intelligent et l'intelligence artificielle : « Au sein du système tech-no-logique, un engagement strict sera exigé. Adopter un comportement conforme devient une monnaie d'échange, symbolisée par des jetons [ou des coins,les deux étant propres au système de crypto-monnaie- NdT] dans une blockchain [ouchaîne de blocs- NdT] et surveillée par des capteurs et une intelligence artificielle. Ils nous préparent à un avenir où nous serons en compétition les uns avec les autres et ce sera à qui adoptera le meilleur comportement et sera le plus docile. Pour survivre, il faudra se conformer aux termes véhéments des modalités financières imposées par les psychopathes. Pour obtenir les données nécessaires à la vérification des affirmations contenues dans les combines tordues de « rémunération selon la performance », notre mère, la Terre, doit être transformée en une prison numérique géo-délimitée grâce à la 5G et aux constellations de satellites. Toutes vos données seront ajoutées à votre « dossier permanent » afin d'évaluer la valeur de votre capital humain pour les portefeuilles des investisseurs. Les milliardaires envisagent un avenir où la liberté serait un privilège strictement limité à leurs personnes, à leurs fonctionnaires et aux robots qu'ils contrôlent. Soyez assuré que l'intelligence artificielle veille déjà au grain et que l'enregistrement des scores associés au crédit social est en cours. » Note du traducteur :Plus d'informations avec cet article «Le Covid-19 sert de prétexte pour établir une surveillance de masse et un traçage numérique de tous impossibles sans la 5G» L'aggravation effrayante de l'emprise des Technologies de l'information et de la communication (TIC) sur nos vies et son corollaire constitué par les projets de traçage électronique des populations au nom de la nécessité de limiter la contagion du Covid-19, constituent deux évolutions caractérisées par une accélération des Pouvoirs en place dans l'usage massif des technologies.Dès lors, la bascule de nos sociétés vers un nouveau régime social doublé d'un totalitarisme mortifère n'a plus rien d'une science-fiction. Notre unique fenêtre sur le monde s'ouvrira-t-elle sur nos seuls écrans, froids et inhumains ? C'est un avenir sombre, mais il n'est pas gravé dans le marbre. Je suis absolument d'accord avec McDowell pour dire qu'il est possible de ne PAS l'accepter comme une fatalité ni même vivre une période aussi douloureuse, SI et SEULEMENT SI nous pouvons nous réveiller rapidement et en modifier l'issue.Nous devons toutefois et en tout premier lieu accepter le fait que nous sommes probablement engagés sur cette voie. Que cela nous plaise ou pas, c'est la trajectoire actuelle. Comment pouvons-nous la modifier ? Tout d'abord en regardant à l'intérieur de nous-mêmes. Pour nous changer nous-mêmes, nous devons changer notre monde intérieur et changer notre perception, et donc changer notre réalité : « Cet avenir planifié n'est cependant PAS prédestiné. Le transhumanisme totalitaire n'est pas une fatalité. Le remède de Trudell ? - Changer notre perception de la réalité par une non-coopération active. - Manifester dans nos cœurs, nos esprits et nos actions le monde que nous désirons. - Là où ils se déconnectent, les RECONNECTEZ avec intention ; non seulement les uns avec les autres, mais avec TOUTES nos relations, et la Terre, et les êtres spirituels qui existent au-delà de nos sens. - Nous devons nous synchroniser pour changer la réalité vibratoire, et ce pouvoir existe en nous en tant qu'enfants de la Terre. » Il ne s'agit pas d'un discours farfelu, mais plutôt d'une prise de conscience de notre coopération [même inconsciente- NdT] à la co-création d'un monde cauchemardesque, par le simple fait d'autoriser [même inconsciemment, voire justement parce que c'est inconscient- NdT] que notre perception soit programmée pour permettre au Nouvel Ordre mondial d'émerger. Pour y parvenir, ils utilisent notre énergie ! Si nous voulons récupérer notre souveraineté, nous devons nous réapproprier notre perception en déconstruisant la programmation qui nous a été implantée. Note du traducteur :Changer sa perception intérieure ne peut se faire qu'en parallèle d'un changement de perception que l'on se fait du monde extérieur tel qu'il est, à savoirune pseudo-réalité. Sans elle, les psychopathes mentionnés par l'auteur n'ont aucun pouvoir sur les masses. Pour nous changer nous-même, il faut donc être capable de voirque ce qui nous est présenté comme une réalité n'en est pas uneet que le seul moyen d'en modifier l'issue esten tout premier lieude reconnaître l'existence de cette pseudo-réalité psychopathique pour ce qu'elle est: « Quelle pourrait donc être la réponse à cet imbroglio périlleux et permanent ?Heureusement, la première étape s'avère— pour le moins — très simple. Elle consiste tout simplement à en prendre conscience: apprendre à reconnaître la pseudo-réalité artificielle pour ce qu'elle est — une simulation de la réalité forgée de toutes pièces et inadaptée aux sociétés humaines — et entreprendre de rejeter sans aucune ambiguïté tout appel à y participer.Autrement dit, il faut refuser l'analyse de la paralogie — en discernant ses contradictions — et s'opposer à la paramoralité qui entretient le mensonge — en reconnaissant son caprice, sa malveillance et son caractère néfaste. [...] Avoir en mémoire le fait que la pseudo-réalitén'est pas réelle, que sa paralogien'est pas logiqueet que sa paramoralitén'est pas moralepermet de trouver le courage nécessaire de résister.» La psychopathie et les origines du totalitarisme Nous ne saurions trop recommander la lecture de l'article ici mentionné, tant il nous apparaît comme fondamental et de la plus haute importance dans la compréhension des événements que nous vivons aujourd'hui. Dernières réflexions — L'outil technocratique et transhumaniste Il est essentiel de savoir, et de dire aux autres, que l'actuel produit à ARNm anti-Covid n'est pas un « vaccin ». Ce n'est pas seulement important pour toutes les raisons énumérées ci-dessus mais aussiparce que Big Pharma s'est assuré d'une immunité juridique contre les dommages que ce dispositif engendre par le simple fait de l'appeler « vaccin ». Ces dispositifs sont conçus pour vous reprogrammer au niveau le plus fondamental. Ce ne sont pas des « vaccins », ce ne sont pas des médicaments, et à mon avis, ce ne sont même pas des traitements ou des thérapies. Je ne me contenterai pas de les qualifier dedispositifs chimiques,systèmes d'exploitation,agents pathogènes synthétiquesetdispositifs de production d'agents pathogènes chimiques, qui sont déjà des termes en soi révélateurs et assez horribles. Je les qualifierais d'outils technocratiques et transhumanistes destinés à modifier en permanence notre génétique et à nous transformer en un humain synthétique. Ils sont le symbole de la rapidité avec laquelle le programme du Nouvel Ordre mondial se manifeste dans notre réalité physique [grâce à leurpseudo-réalité- NdT] et, espérons-le, un appel à tous pour que chacun s'efforce davantage de mettre fin à ce sombre et infâme programme tant qu'il est encore temps. Sources : À propos de l'auteur :Makia Freeman est la rédactrice en chef du site de médias alternatifs/information indépendanteThe Freedom Articleset chercheuse principale à ToolsForFreedom.com. Makia est surSteemitetFB. Source de l'article initialement publié en anglais le 14 janvier 2021 :The Freedom Articles Traduction: Sott.net Articles Liés",Le dispositif anti-Covid n'est pas un vaccin,"Title: The anti-Covid device is not a vaccine

Text:
The mRNA anti-Covid device prepared in laboratories and now deployed by military personnel in many countries around the world is NOT a ""vaccine."" I repeat: it is not a ""vaccine."" While it can certainly be described in many ways, it is definitely not a ""vaccine."" We must become aware that the Covid pandemic has rapidly accelerated the technocratic and transhumanist aspects of the New World Order to the point that thousands of people are blindly lining up to be injected with a ""treatment"" that is also [and primarily? - Ed.] a chemical device, an operating system, a synthetic pathogen, and a device for producing chemical pathogens.

As we saw in a previous article, this new ""bizarre concoction"" anti-Covid represents a completely new type of technology, potentially even more dangerous than the average toxic vaccine. In this article, we will explore in greater depth what this mRNA ""concoction"" really is.

Translator's note: The choice was made to refer to it as a ""vaccine"" only to clarify that, in the case of mRNA, it is not one, and to discuss what it is in its true sense. In all other cases, the word ""vaccine"" used by the author has been replaced by other words or expressions. The previous article mentioned by the author (published on January 10) reviews the 10 things to know about this ""concoction"" injected as part of an experiment that constitutes a violation of the Nuremberg Code and is called ""vaccinal""— purportedly to fight Covid-19, though the reasons appear to be quite different.

English sources have been added to allow readers to explore further:

On the various topics listed above, see the following articles:

Doctors David Martin and Judy Mikovits explain that the ""anti-Covid substance"" is not a ""vaccine""

Here is a brief excerpt from a discussion between Doctors David Martin and Judy Mikovits (both of whom have been very eloquent in highlighting elements related to the so-called Covid pandemic) who are speaking with Robert Kennedy Jr. and lawyer Rocco Galati, who represents a Canadian freedom advocacy group suing the government over the massive fraud that Covid represents.

David Martin makes very important points about how we cannot accurately label the device that Moderna and Pfizer/BioNTech are coercively presenting as a ""vaccine,"" because medically and legally,","Titre : Le dispositif anti-Covid n’est pas un vaccin

Texte :
Le dispositif anti-Covid à base d’ARNm préparé en laboratoire et désormais déployé par le personnel militaire dans de nombreux pays à travers le monde N’EST PAS un « vaccin ». Je le répète : ce n’est pas un « vaccin ». Bien qu’il puisse être décrit de plusieurs façons, il n’est absolument pas un « vaccin ». Nous devons prendre conscience que la pandémie de Covid a rapidement accéléré les aspects technocratiques et transhumanistes du Nouvel Ordre Mondial au point que des milliers de personnes font la queue aveuglément pour se faire injecter un « traitement » qui est aussi [et principalement ? - NdT] un dispositif chimique, un système d’exploitation, un agent pathogène synthétique, et un dispositif de production d’agents pathogènes chimiques.

Comme nous l’avons vu dans un article précédent, cette nouvelle « concoction » anti-Covid représente un type de technologie totalement nouveau, potentiellement encore plus dangereuse que le vaccin toxique moyen. Dans cet article, nous explorerons plus en profondeur ce qu’est réellement cette « concoction » à base d’ARNm.

Note du traducteur : Le choix a été fait de la désigner comme un « vaccin » uniquement pour préciser qu’en ce qui concerne l’ARNm, il ne l’est pas, et pour discuter de ce qu’il est dans son sens véritable. Dans tous les autres cas, le mot « vaccin » utilisé par l’auteur a été remplacé par d’autres mots ou expressions. L’article précédent mentionné par l’auteur (publié le 10 janvier) passe en revue les 10 choses à savoir sur cette « concoction » injectée dans le cadre d’une expérience qui constitue une violation du Code de Nuremberg et qui est appelée « vaccinale » — prétendument pour lutter contre la Covid-19, bien que les raisons semblent être tout à fait différentes.

Des sources en anglais ont été ajoutées pour permettre aux lecteurs d’approfondir :

Sur les différents sujets évoqués ci-dessus, voir les articles suivants :

Les docteurs David Martin et Judy Mikovits expliquent que la « substance anti-Covid » n’est pas un « vaccin »

Voici un bref extrait d’une discussion entre les docteurs David Martin et Judy Mikovits (tous deux très éloquents pour mettre en lumière des éléments liés à la soi-dis"
https://lezarceleurs.blogspot.com/2021/05/surveiller-tout-le-monde-ne-proteger.html,0,1,1,0,0,0,1,1,0,"Titre :Surveiller tout le monde, ne protéger personne texte : D’Avignon au pass sanitaire : le naufrage d’un Etat intrusif mais impuissant Après l'assassinat d'un policier en service, hier, en Avignon, l'impuissance de l'État régalien est à nouveau au coeur de l'actualité. D'un côté, un État intrusif qui, avec le pass sanitaire, veut tout contrôler sans limite. De l'autre, un État incapable de faire respecter la sécurité la plus élémentaire dans les rues des banlieues et même des villes désormais. Depuis de nombreuses années, les déclarations se succèdent pour annoncer un retour de l'ordre. Et depuis des années, la fuite en avant continue pour surveiller sans protéger. Deux salles, deux ambiances : dans l’une, l’obsession du contrôle, dans l’autre, l’impuissance à faire respecter la loi. En Avignon, le naufrage de l’État régalien L’assassinat d’un policier en Avignon illustre une nouvelle fois la faillite grandissante de l’État régalien. Partout, les attaques contre les policiers se multiplient, et partout les délinquants les craignent de moins en moins et leur disputent de plus en plus les territoires. Le décès du policier est intervenu malgré l’intervention du SAMU. Terrassé de deux balles dont l’une dans la poitrine, il laisse derrière lui deux fillettes. L’intervention mobilisait trois équipes de police après un appel téléphonique indiquant que des troubles avaient lieu dans le centre d’Avignon. On retrouve ici la chronique du délitement ordinaire de l’État, que nous évoquions hier dans nos colonnes. Nul ne sait où cette impuissance à assurer la sécurité dans certains quartiers peut conduire… À l’Assemblée, le gouvernement veut le pass sanitaire Autre salle, autre ambiance, donc. Pendant que les policiers exposent leur vie dans des interventions ordinaires, le gouvernement tente de faire passer, à l’Assemblée Nationale, les mesures les plus coercitives possibles pour mettre en place le pass sanitaire, outil qu’Emmanuel Macron a sorti de derrière les fagots après avoir annoncé que la vaccination ne serait pas obligatoire. L’affaire est débattue dans le cadre du projet de loi relatif à la gestion de la crise sanitaire. Même la majorité parlementaire est contre ce dispositif liberticide, qui n’empêchera pas à ses porteurs de devoir porter le masque et de respecter les gestes barrière. Le pass sera, dans un premier temps, nécessaire pour accéder à des événements réunissant plus de 1.000 personnes (comme un concert, ou une salle de cinéma). Le pass indiquera si la personne est vaccinée, si elle est négative, ou si elle a été positive dans les deux mois précédents l’événement. La France entre de plein pied dans le capitalisme de la surveillance. Surveiller tout le monde, ne protéger personne La confrontation des deux événements donne l’étrange sensation que le gouvernement plonge les deux mains en avant dans la société du traçage généralisé des personnes (avec reconnaissance faciale dont la survenue est déjà annoncée, et même effective), au nom d’une protection des personnes qu’il est incapable d’assurer. Plus l’État prétend nous protéger, plus nous sommes surveillés, et plus nos rues sont dangereuses.","Surveiller tout le monde, ne protéger personne","Title: Monitoring Everyone, Protecting No One

Text: From Avignon to the Health Pass: The Shipwreck of an Intrusive but Powerless State

After the murder of a police officer on duty yesterday in Avignon, the helplessness of the sovereign state is once again at the center of the news. On one side, an intrusive state that, with the health pass, seeks to control everything without limits. On the other, a state incapable of enforcing the most basic security in the streets of suburbs and even cities nowadays.

For many years, declarations have followed one after another promising a return to order. And for years, the reckless pursuit continues—monitoring without protecting. Two different atmospheres: one obsessed with control, the other powerless to enforce the law.

In Avignon, the downfall of the sovereign state

The murder of a police officer in Avignon once again illustrates the growing failure of the sovereign state. Everywhere, attacks against police officers are increasing, and everywhere, delinquents are increasingly less afraid of them and are contesting territories more and more. The officer's death occurred despite the intervention of emergency services. Shot twice—once in the chest—he leaves behind two young girls.

The intervention involved three police teams following a phone call reporting disturbances in the center of Avignon. This is a reflection of the ongoing deterioration of the state, as we discussed yesterday in our columns. No one knows where this inability to ensure security in certain neighborhoods might lead...

In Parliament, the government pushes for the health pass

Another room, another atmosphere. While police officers risk their lives in routine interventions, the government is trying to pass, in the National Assembly, the most coercive measures possible to implement the health pass—an instrument that Emmanuel Macron introduced after announcing that vaccination would not be mandatory.

This matter is being debated as part of the bill related to managing the health crisis. Even the parliamentary majority opposes this liberty-restricting device, which will not prevent its holders from having to wear masks and respect barrier gestures.

Initially, the pass will be required to attend events with more than 1,000 people (such as concerts or cinemas). The pass will indicate whether the person is vaccinated, has tested negative, or has been positive within the two months prior to the event.

France is fully entering the surveillance capitalism era.

Monitoring Everyone, Protecting No One

The confrontation of these two events gives a strange feeling that the government is plunging both hands forward into a society","Titre : Surveiller tout le monde, ne protéger personne

Texte : D’Avignon au Pass Sanitaire : Le Naufrage d’un État Intrusif mais Incompétent

Après le meurtre d’un policier en service hier à Avignon, l’impuissance de l’État souverain est une fois de plus au centre de l’actualité. D’un côté, un État intrusif qui, avec le pass sanitaire, cherche à tout contrôler sans limites. De l’autre, un État incapable d’assurer la sécurité la plus élémentaire dans les quartiers et même en ville de nos jours.

Depuis de nombreuses années, les déclarations se succèdent promettant un retour à l’ordre. Et depuis des années, la poursuite effrénée continue — surveiller sans protéger. Deux atmosphères différentes : l’une obsédée par le contrôle, l’autre impuissante à faire respecter la loi.

À Avignon, la chute de l’État souverain

Le meurtre d’un policier à Avignon illustre une fois de plus l’échec croissant de l’État souverain. Partout, les attaques contre les policiers augmentent, et partout, les délinquants sont de plus en plus peu effrayés par eux et contestent des territoires de plus en plus. La mort de l’agent s’est produite malgré l’intervention des secours. Touché par balle à deux reprises — une fois au thorax — il laisse derrière lui deux jeunes filles.

L’intervention a mobilisé trois équipes de police suite à un appel signalant des troubles au centre d’Avignon. C’est le reflet de la détérioration continue de l’État, comme nous en discutions hier dans nos colonnes. Personne ne sait où pourrait mener cette incapacité à assurer la sécurité dans certains quartiers...

Au Parlement, le gouvernement pousse pour le pass sanitaire

Une autre salle, une autre ambiance. Alors que les policiers risquent leur vie lors d’interventions de routine, le gouvernement tente de faire adopter à l’Assemblée nationale les mesures les plus coercitives possibles pour mettre en œuvre le pass sanitaire — un instrument que Emmanuel Macron a introduit après avoir annoncé que la vaccination ne serait pas obligatoire.

Ce sujet est débattu dans le cadre du projet de loi relatif à la gestion de la crise sanitaire. Même la majorité parlementaire s’oppose à cet outil qui restreint les libertés, qui n’empê"
https://lezarceleurs.blogspot.com/2021/12/emmanuel-olivier-tiens-bon-on-les-aura.html,1,1,1,0,1,1,1,1,1,"Titre :Emmanuel à Olivier : « Tiens bon, on les aura ces connards » texte :Depuis letextode Macron à Véran, en janvier 2021, la feuille de route a bien avancé. Du pass sanitaire, le gouvernement est passé au pass vaccinal, de l’état d’urgence à celui de vigilance, du vaccin annuel au rappel tous les quatre mois. Si on ne prend pas de recul, cela peut dérouter. Pourtant, comme les batailles napoléoniennes, en survolant les soldats de plomb, on peut comprendre la stratégie impériale. On vous propose un challenge. Si vous arrivez à trouver la logique de lacitationci-dessous, vous avez gagné ! « Il n’est pas admissible que le refus de quelques millions de Français de se faire vacciner, mette en risque la vie de tout un pays », a déclaré Jean Castex.« Nous assumons faire peser la contrainte sur les non-vaccinés, car les services de soins critiques et de réanimation de nos hôpitaux sont remplis, pour l’essentiel, de personnes non vaccinées. » Analysez l’argumentation du Premier ministre et développez ses conséquences logiques, en vous servant des documents fournis ci-dessous. Vous avez une heure. Bon courage ! – En 2020, 2 % de l’activité des hôpitaux ont été consacrés au Covid-19.– Pendant la période de crise sanitaire dite majeure, aucune surmortalité pour les personnes âgées de moins de 65 ans, soit 80 % de la population française, n’a été constatée. La surmortalité des plus de 65 ans a été inférieure à 4 %.Chiffres établisselon les données du rapport de l’ATIH(Agence technique de l’information sur l’hospitalisation). « La propagande de McKinsey, a dit Macron, est une de nos armes de guerre les plus efficaces. »Cette citation attribuée à Hitler à propos de Goebbels est toujours d’actualité. Voici les principes de cette propagande.–La stratégie du pompier pyromane: menacer la sécurité, la stabilité (« Nous sommes en guerre »), tout en provoquant une inhibition de l’action en dramatisant de manière disproportionnée. Saccager l’économie et offrir des aides : inhiber les révoltes et ajouter de la dépendance.–Diviser pour mieux régner: rompre les liens familiaux, amicaux, à l’aide de la distanciation et d’ordres contradictoires.–Une minorité solidaire peut soumettre une majorité.Si la minorité possède les médias, c’est un plus indispensable. Pfizer a étécondamnéà 2,6 milliards d’amende pour pratiques commerciales frauduleuses concernant le Bextra, le Zyvox, le Geodon, le Lyrica et pour avoir versé des commissions à des pédiatres. Le détail des quarante condamnations a été rendu public dans la vidéo ci-dessous. Albert Bourla est-il le seul à l’origine des exactions de Pfizer ? Ses principaux actionnaires, Vanguard, BlackRock et Statestreet, sont-ils responsables des malversations ? Emmanuel Macron est-il le seul responsable de la politique dite de vigilance qui détruit la France ? En partant de ces interrogations, développez. JacquelinepourLe Média en 4-4-2.","Emmanuel à Olivier : « Tiens bon, on les aura ces connards »","Title: Emmanuel to Olivier: ""Hold on, we will get these bastards""

Text: Since Macron's speech to Véran in January 2021, the roadmap has made significant progress. From the health pass, the government moved to the vaccination pass, from a state of emergency to a state of vigilance, from an annual vaccine to a booster every four months. If you don't take a step back, this can be confusing. However, like Napoleon's battles, by overlooking the toy soldiers, one can understand the imperial strategy. 

We propose a challenge. If you can find the logic behind the following citation, you win!

""It is unacceptable that the refusal of a few million French people to get vaccinated puts the entire country's life at risk,"" declared Jean Castex.  
""We stand by our decision to impose constraints on the unvaccinated, because critical care and intensive care units in our hospitals are mostly filled with unvaccinated people.""

Analyze the Prime Minister's argumentation and develop its logical consequences, using the documents provided below. You have one hour. Good luck!

– In 2020, 2% of hospital activity was dedicated to Covid-19.  
– During the so-called major health crisis period, no excess mortality was observed among people under 65, who make up 80% of the French population. The excess mortality among those over 65 was less than 4%.  
Figures based on data from the ATIH (Hospitalization Information Agency).

""McKinsey's propaganda,"" Macron said, ""is one of our most effective weapons of war.""  
This quote attributed to Hitler about Goebbels remains relevant today. Here are the principles of this propaganda:

– The strategy of the fireman arsonist: threaten security and stability (""We are at war""), while provoking inaction by dramatizing disproportionately.  
Ruin the economy and offer aid: suppress revolts and increase dependence.  
– Divide to rule better: break family and friendship bonds through distancing and contradictory orders.  
– A minority in solidarity can subjugate a majority.  
If the minority controls the media, it is an indispensable advantage.

Pfizer was condemned to a $2.6 billion fine for fraudulent commercial practices concerning Bextra, Zyvox, Geodon, Lyrica, and for paying commissions to pediatricians. The details of the forty convictions were made public in the video below.  
Is Albert Bourla the only one responsible for Pfizer's excesses? Are its","Titre : Emmanuel à Olivier : « Tiens bon, on va leur faire payer ces salauds »

Texte : Depuis le discours de Macron à Véran en janvier 2021, la feuille de route a connu des avancées significatives. Du pass sanitaire, le gouvernement est passé au pass vaccinal, d’un état d’urgence à un état de vigilance, d’un vaccin annuel à un rappel tous les quatre mois. Si vous ne prenez pas du recul, cela peut devenir confus. Cependant, comme lors des batailles de Napoléon, en négligeant les soldats en plastique, on peut comprendre la stratégie impériale.

Nous proposons un défi. Si vous parvenez à trouver la logique derrière la citation suivante, vous gagnez !

« Il est inacceptable que le refus de quelques millions de Français de se faire vacciner mette en danger la vie de l’ensemble du pays », a déclaré Jean Castex.  
« Nous maintenons notre décision d’imposer des contraintes aux non-vaccinés, car les unités de soins critiques et de réanimation dans nos hôpitaux sont majoritairement occupées par des personnes non vaccinées. »

Analysez l’argumentation du Premier ministre et développez ses conséquences logiques, en utilisant les documents fournis ci-dessous. Vous avez une heure. Bonne chance !

– En 2020, 2 % de l’activité hospitalière était consacrée au Covid-19.  
– Pendant la période dite de crise sanitaire majeure, aucune mortalité excessive n’a été observée chez les personnes de moins de 65 ans, qui représentent 80 % de la population française. La mortalité excessive chez celles de plus de 65 ans était inférieure à 4 %.  
Chiffres basés sur les données de l’ATIH (Agence Technique de l’Information sur l’Hospitalisation).

« La propagande de McKinsey », a dit Macron, « est l’une de nos armes de guerre les plus efficaces. »  
Cette citation attribuée à Hitler à propos de Goebbels reste pertinente aujourd’hui. Voici les principes de cette propagande :

– La stratégie du pompier pyromane : menacer la sécurité et la stabilité (« Nous sommes en guerre »), tout en provoquant l’inaction par une dramatisation disproportionnée.  
Ruinant l’économie et proposant des aides : réprimer les révoltes et augmenter la dépendance.  
– Diviser pour mieux"
https://lezarceleurs.blogspot.com/2022/05/france-distribution-de-cheques.html,0,1,0,0,1,0,1,0,0,"Titre :France - Distribution de chèques alimentaires pour éviter de contrôler l'inflation texte :Partout en France , des municipalités ont commencé à fournir à leurs habitants des bons alimentaires pour aider les familles àfaire face à la spirale de l' inflation alimentaire. Les bons sont distribués par de nombreuses municipalités.Ils peuvent être encaissés dans les supermarchés et se déclinent en coupures de 5, 20 et 30 euros.(En relation:Près des deux tiers des Américains vivent désormais d'un chèque de paie à l'autre dans un contexte de crise de l'inflation.) ""Tout les prix ont augmenté , tout, même les pâtes"", a déclaré Bernadette Chacornac en français dans une interview àFrance 2.Chacornac est une retraitée qui vit dans une communauté agricole en France.Elle compte sur une pension de 900 euros (964,7 $) par mois pour l'aider à payer les biens et services essentiels.En raison de l'inflation, cette maigre pensionne suffit plus. ""J'ai mon partenaire, j'ai mon fils, donc tous les trois ensemble, ça revient cher"", a-t-elle déclaré. Lionel Buchet, maire de la commune de Saint-Arcos-de-Barges, dans le centre-sud de la France, a déclaré àFrance 2que le prix des denrées alimentaires avait « littéralement bondi » au cours des derniers mois, et a exprimé sa crainte que l'inflation alimentaire ne continue . Selon l'Institut national de la statistique et des études économiques (Insee), le taux d'inflation en avril était de 4,8 %.L'institut pense que le taux d'inflation atteindra six pour cent ou plus en juin. L'inflation en France a été tirée par la hausse de 25 % des prix du carburant et la hausse de 6 % des prix des aliments, les produits alimentaires les plus durement touchés étant les fruits, les légumes, les produits de boulangerie, les pâtes, l'huile de cuisson et la volaille. L'Insee s'attend à ce quel'inflation continue d'augmenterau-delà de juin.Le bureau prédit que de nouvelles hausses ""resteront dépendantes des développements géopolitiques autour de la Russie"", se référant au conflit en cours en Ukraine et aux retombées économiques que subit l'Occident suite à l'imposition de sanctions. Avant que la France ne suive ses alliés en sanctionnant Moscou, elle dépendait de la Russie pour environ 17 % de ses besoins en gaz et 9 % de ses besoins en pétrole. Les administrations municipales auraient dépenséenviron 37 millions d'euros (39,5 millions de dollars) en bons alimentaires. Le président récemment réélu Emmanuel Macron s'est engagé à augmenter les prestations sociales et à émettre davantage de bons alimentaires pour les ménages les plus pauvres du pays.Il veut faire celaau lieu de contrôler l'inflation. Le porte-parole du gouvernement, Gabriel Attal, a noté que le ministère des Finances a déjà préparé un budget révisé qui comprend une série de mesures pour couvrir les promesses de campagne pré- et post-électorales du président.Cela comprend l'extension des plafonds de prix de l'énergie jusqu'à la fin de 2022, l'introduction de plus de bons alimentaires, le ciblage des subventions sur les carburants et la réduction des frais de licence de télévision et des taxes sur les primes pour les travailleurs à faible revenu. Tous ces postes de dépenses sociales sont encore sujets à révision, d'autant plus que, comme l'a noté Attal, le gouvernement doit tenir compte de l'inflation.Le gouvernement n'a fait aucune déclaration reconnaissant qu'il prend en compte les euros supplémentaires les contribuables français devront payer pour financer intégralement l'expansion de l'État-providence français. Cette décision de fournir plus d'avantages tels que des bons alimentaires plutôt que de lutter directement contre l'inflation pourrait être un moyen de courtiser davantage d'électeurs dépendants de l'aide sociale avant les élections législatives de juin.La coalition gouvernementale de Marconn'est que légèrement en avancedans les récents sondages et il risque de perdre sa majorité et de se trouver ainsi avec une législature hostile, ce qui pourrait entraver la volonté de Macron d'aller de l'avant avec des réformes économiques qui incluent des plans de maîtrise des dépenses sociales et de retraite. Le principal rival du président pour obtenir la majorité à la législature estune coalition de gauchedirigée par le candidat à la troisième place, Jean-Luc Mélenchon.Cette alliance a fait des promesses plus radicales aux électeurs français qui rendent cette coalition électorale populaire quelle que soit la probabilité pour que ces politiques dévastent l'économie française. En savoir plus sur la flambée des prix alimentaires dans le monde surFoodInflation.news. Regardez cette interview mettant en vedette le Health Ranger Mike Adams alors qu'il explique comment la crise de la pénurie alimentaire s'avère êtrele plus grand choc de toute une vie. Cette vidéo provient de lachaîne Health Ranger Report surBrighteon.com. InfoWars.com FranceTVInfo.fr RT.com Bloomberg.com Reuters.com JacobinMag.com Brighteon.com",France - Distribution de chèques alimentaires pour éviter de contrôler l'inflation,"Title: France - Distribution of Food Vouchers to Avoid Controlling Inflation

Text: Throughout France, municipalities have begun providing their residents with food vouchers to help families cope with the spiral of food inflation. These vouchers are distributed by many local authorities. They can be redeemed in supermarkets and come in denominations of 5, 20, and 30 euros. (Related: Nearly two-thirds of Americans now live paycheck to paycheck amid the inflation crisis.) 

""All prices have increased, everything, even pasta,"" said Bernadette Chacornac in French during an interview with France 2. Chacornac is a retiree living in an agricultural community in France. She relies on a pension of 900 euros ($964.7) per month to help cover essential goods and services. Due to inflation, this modest pension is no longer sufficient. ""I have my partner, I have my son, so all three of us together, it gets expensive,"" she stated.

Lionel Buchet, mayor of the town of Saint-Arcos-de-Barges in south-central France, told France 2 that food prices have ""literally skyrocketed"" in recent months, and he expressed concern that food inflation will continue. According to the National Institute of Statistics and Economic Studies (Insee), the inflation rate in April was 4.8%. The institute expects the inflation rate to reach six percent or more by June. 

Inflation in France has been driven by a 25% increase in fuel prices and a 6% rise in food prices, with the most affected food products being fruits, vegetables, bakery products, pasta, cooking oil, and poultry. Insee anticipates that inflation will continue to rise beyond June. The agency predicts that new increases ""will remain dependent on geopolitical developments around Russia,"" referring to the ongoing conflict in Ukraine and the economic fallout faced by the West due to sanctions. 

Before France followed its allies in sanctioning Moscow, it depended on Russia for about 17% of its gas needs and 9% of its oil needs. Municipal administrations have reportedly spent around 37 million euros ($39.5 million) on food vouchers. Recently re-elected President Emmanuel Macron has committed to increasing social benefits and issuing more food vouchers for the country's poorest households. He prefers this approach over directly controlling inflation.

Government spokesperson Gabriel Attal noted that the Ministry of Finance has already prepared a revised budget that includes measures to fulfill the president’s pre- and post-election campaign promises","Titre : France - Distribution de chèques alimentaires pour éviter de contrôler l'inflation

Texte : Partout en France, les municipalités ont commencé à fournir à leurs habitants des chèques alimentaires pour aider les familles à faire face à la spirale de l'inflation alimentaire. Ces chèques sont distribués par de nombreuses collectivités locales. Ils peuvent être échangés dans les supermarchés et sont disponibles en dénominations de 5, 20 et 30 euros. (À lire aussi : Près des deux tiers des Américains vivent désormais de chèque en chèque en pleine crise inflationniste.)

« Tous les prix ont augmenté, tout, même les pâtes », a déclaré Bernadette Chacornac lors d'une interview avec France 2. Chacornac est retraitée et vit dans une communauté agricole en France. Elle dépend d'une pension de 900 euros (964,7 dollars) par mois pour couvrir les biens et services essentiels. En raison de l'inflation, cette pension modeste n'est plus suffisante. « J'ai mon partenaire, j'ai mon fils, donc nous sommes tous les trois, ça devient cher », a-t-elle indiqué.

Lionel Buchet, maire de la ville de Saint-Arcos-de-Barges dans le centre-sud de la France, a confié à France 2 que les prix alimentaires ont « littéralement explosé » ces derniers mois, et il a exprimé sa crainte que l'inflation alimentaire continue. Selon l'Institut national de la statistique et des études économiques (Insee), le taux d'inflation en avril était de 4,8 %. L'institut prévoit que le taux d'inflation atteindra six pour cent ou plus d'ici juin.

L'inflation en France a été alimentée par une hausse de 25 % des prix du carburant et une augmentation de 6 % des prix alimentaires, avec les produits les plus touchés étant les fruits, légumes, produits de boulangerie, pâtes, huiles de cuisson et volailles. Insee anticipe que l'inflation continuera à augmenter au-delà de juin. L'agence prévoit que de nouvelles augmentations « resteront dépendantes des développements géopolitiques autour de la Russie », faisant référence au conflit en Ukraine et aux retombées économiques subies par l'Occident en raison des sanctions.

Avant que la France ne suive"
https://lezarceleurs.blogspot.com/2022/05/mortalite-du-betail-et-antenne-relais.html,1,1,0,0,1,0,0,0,0,"Titre :Mortalité du bétail et antenne-relais : une décision de justice inespérée texte :A la suite de la plainte déposée par le Gaec du Coupet, éleveurs de bovins sur la commune de Mazeyrat d’Allier, en Haute-Loire, contre Orange et Santerne, le tribunal judiciaire du Puy-en-Velay, le 20 mai 2022, puis le tribunal administratif de Clermont-Ferrand, le 23 mai 2022, ont tranché : Il est enjoint à l’Etat et à la SA Orange d’arrêter le fonctionnement de l’antenne de radiotéléphonie mobile implantée sur la commune de Mazeyrat d’Allier, ainsi qu’à tous les opérateurs, pendant une durée de deux mois, à compter d’une date arrêtée en concertation avec l’expert judiciaire, Monsieur Puyt, en lien avec le préfet de Haute-Loire, aux fins d’organisation de la sécurité et des appels de secours dans la zone concernée, la cessation de fonctionnement devant être effective dans un délai de trois mois au plus.Rappelons les faits : le 12 juillet 2021, une antenne 4G est mise en place par l’installateur Santerne et activée par l’opérateur Orange à 250 mètres de la ferme du Coupet. A partir de cette date, la famille Salgues, éleveurs de vaches laitières, constate une mortalité accrue de ses bêtes : en quelques mois, 50 vaches meurent, la production de lait chute. Des vaches deviennent aveugles. Le troupeau se regroupe dans le coin le plus éloigné de l’antenne. La famille engage alors des poursuites contre Orange et Santerne. Une expertise judiciaire est rapidement ordonnée par le tribunal judiciaire du Puy-en-Velay. Celle-ci est confiée au vétérinaire Jean-Dominique Puyt, qui effectue toutes les vérifications sanitaires nécessaires (alimentation, vaccins, contrôle de l’eau et du lait, état de santé du troupeau, etc.) avant de conclure à la responsabilité unique de l’antenne. Il demande un arrêt sans équivoque du relais, et pour plusieurs mois. Le président du tribunal administratif de Clermont-Ferrand fixe cet arrêt à deux mois, afin de vérifier la différence de vitalité des bêtes sans les émissions d’ondes électromagnétiques. A ce jour, la date de suspension n’a pas encore été fixée.L’éleveur, Frédéric Salgues, témoigne : « Les rares fois où des employés d’Orange coupaient les émissions de l’antenne pour faire des réglages, les bêtes semblaient renaître aussitôt, instantanément ! »Malgré cette victoire judiciaire et le rapport sans équivoque de l’expert judiciaire, les éleveurs doivent rester prudents quant à l’issue de l’affaire. Au-delà de leur village, de grosses tensions existent dans le milieu agricole, hostile à l’antenne. Craignant son démontage par les agriculteurs, les gendarmes patrouillent régulièrement à proximité pour surveiller le pylône. D’autre part, à notre connaissance, aucune astreinte financière n’a été réclamée aux installateurs au cas où ils dépasseraient la date limite de cessation des émissions.Il n’empêche que la relation de cause à effet entre le dépérissement des vaches, leur mortalité et la présence de l’antenne a été clairement établie par l’expertise, ce qui n’a été que rarement (ou pas du tout) le cas dans d’autres affaires. N’oublions pas que d’autres alertes ont été lancées dans le passé : voir, entre autres, l’article de Manuel Rufez, de France Inter, du 4 juin 2021 (3), mentionnant le rapport du député du Maine-et-Loire, Philippe Bolo : « Aujourd’hui, il y a des élevages partout en France qui sont dans des situations très complexes. Il y a même des cas dramatiques avec la mort d’animaux, alors quoi qu’on en pense, ça en fait un sujet à regarder de près, car des questions se posent. Ce n’est pas dans la tête des éleveurs, ni le fait d’individus opposés aux nouvelles technologies. (C’est nous qui soulignons). Que fera l’Etat face à la multiplication de ces cas ? Voilà la question.",Mortalité du bétail et antenne-relais : une décision de justice inespérée,"Title: Livestock Mortality and Relay Antennas: An Unexpected Court Decision

Text: Following a complaint filed by the Gaec du Coupet, cattle breeders in the commune of Mazeyrat d’Allier, Haute-Loire, against Orange and Santerne, the Puy-en-Velay Judicial Court ruled on May 20, 2022, and then the Clermont-Ferrand Administrative Court on May 23, 2022:

It is ordered that the State and SA Orange cease the operation of the mobile telephony antenna installed in the commune of Mazeyrat d’Allier, as well as all other operators, for a period of two months, starting from a date agreed upon in consultation with the judicial expert, Mr. Puyt, in coordination with the Prefect of Haute-Loire. This measure aims to organize safety and emergency calls in the affected area, with the cessation of operation to be effective within a maximum of three months.

Background: On July 12, 2021, a 4G antenna was installed by the installer Santerne and activated by the operator Orange, located 250 meters from the Coupet farm. From that date, the Salgues family, dairy cattle breeders, observed an increased mortality rate among their animals: within a few months, 50 cows died, and milk production declined. Some cows became blind. The herd gathered in the farthest corner from the antenna. The family then filed legal action against Orange and Santerne. A judicial expert report was quickly ordered by the Puy-en-Velay Judicial Court.

The report was entrusted to veterinarian Jean-Dominique Puyt, who conducted all necessary health checks (feeding, vaccinations, water and milk quality, herd health, etc.) before concluding that the antenna was solely responsible. He called for an unequivocal halt of the relay, lasting several months. The President of the Clermont-Ferrand Administrative Court set this suspension at two months to observe the difference in the vitality of the animals without electromagnetic wave emissions. As of now, the suspension date has not yet been fixed.

Farmer Frédéric Salgues testifies: “The few times Orange employees turned off the antenna for adjustments, the animals seemed to come back to life immediately, instantly!”

Despite this judicial victory and the clear report from the expert, the breeders remain cautious about the outcome of the case. Beyond their village, significant tensions exist within the agricultural community, which is hostile to the antenna.","Titre : Mortalité du bétail et antennes relais : une décision inattendue de justice

Texte : Suite à une plainte déposée par le Gaec du Coupet, éleveurs de bovins dans la commune de Mazeyrat d’Allier, Haute-Loire, contre Orange et Santerne, le tribunal judiciaire du Puy-en-Velay a rendu sa décision le 20 mai 2022, puis le tribunal administratif de Clermont-Ferrand le 23 mai 2022 :

Il est ordonné que l’État et la SA Orange cessent l’exploitation de l’antenne de téléphonie mobile installée dans la commune de Mazeyrat d’Allier, ainsi que celles de tous les autres opérateurs, pour une période de deux mois, à compter d’une date convenue en concertation avec l’expert judiciaire, M. Puyt, en coordination avec le Préfet de la Haute-Loire. Cette mesure vise à organiser la sécurité et les appels d’urgence dans la zone concernée, la cessation d’exploitation devant prendre effet dans un délai maximal de trois mois.

Contexte : Le 12 juillet 2021, une antenne 4G a été installée par l’installateur Santerne et activée par l’opérateur Orange, située à 250 mètres de la ferme du Coupet. Dès cette date, la famille Salgues, éleveurs de bovins laitiers, a constaté une augmentation du taux de mortalité chez leurs animaux : en quelques mois, 50 vaches sont mortes, et la production de lait a diminué. Certaines vaches sont devenues aveugles. Le troupeau s’est regroupé dans le coin le plus éloigné de l’antenne. La famille a alors engagé une action en justice contre Orange et Santerne. Un rapport d’expertise judiciaire a été rapidement commandé par le tribunal judiciaire du Puy-en-Velay.

Le rapport a été confié au vétérinaire Jean-Dominique Puyt, qui a effectué tous les contrôles sanitaires nécessaires (alimentation, vaccinations, qualité de l’eau et du lait, santé du troupeau, etc.) avant de conclure que l’antenne était seule responsable. Il a préconisé une suspension claire du relais, d’une durée de plusieurs mois. La présidente du tribunal administratif de Clermont-Ferrand a fixé cette suspension à deux mois afin d’observer la différence de vitalité"
https://reseauinternational.net/beyrouth-jusqua-300-000-personnes-sans-domicile-apres-les-explosions-la-moitie-de-la-ville-touchee/,0,0,0,0,1,0,0,0,0,"Titre :Beyrouth: jusqu’à 300 000 personnes sans domicile après les explosions, la moitié de la ville touchée texte :Jusqu’à 300 000 personnes se retrouvent sans domicile ce mercredi à Beyrouth, au lendemain des explosions qui ont secoué le port, a indiqué le gouverneur de la capitale Marwan Abboud. Au lendemain des explosions survenues dans le port de Beyrouth, jusqu’à 300 000 personnes sont sans domicile, signale le gouverneur de la capitale libanaise Marwan Abboud. Il estime le coût des dommages causés à plus de trois milliards de dollars. «J’ai fait un tour dans Beyrouth, les dommages peuvent s’élever à entre trois et cinq milliards de dollars», indique-t-il à l’AFP, précisant toutefois qu’il attend une évaluation des experts et des ingénieurs. «Près de la moitié de Beyrouth est détruite ou endommagée», ajoute-t-il. 2.750 tonnes de nitrate d’ammonium sont à l’origine des explosions qui se sont produites mardi 4 août dans le port de Beyrouth. Une explosion survenue en fin de journée a été suivie d’une autre, très puissante, qui a provoqué la formation d’un gigantesque champignon dans le ciel. Les explosions ont ébranlé les immeubles et soufflé les vitres à des kilomètres à la ronde. Le souffle a été ressenti jusqu’à l’île de Chypre située à environ 200 kilomètres.D’après un bilan provisoire du ministère de la Santé, 73 personnes ont été tuées et 3.700 blessées. Dans la soirée, les hôpitaux de la capitale étaient saturés par l’afflux des blessés. source:","Beyrouth: jusqu’à 300 000 personnes sans domicile après les explosions, la moitié de la ville touchée","Title: Beirut: Up to 300,000 People Homeless After Explosions, Half the City Affected

Text: Up to 300,000 people are left homeless this Wednesday in Beirut, the day after explosions shook the port, according to the capital's governor, Marwan Abboud. Following the explosions at the Beirut port, up to 300,000 people are without shelter, reports the governor of the Lebanese capital, Marwan Abboud. He estimates the damages caused to be over three billion dollars. ""I took a tour around Beirut; the damages could amount to between three and five billion dollars,"" he told AFP, noting that he is awaiting assessments from experts and engineers. ""Nearly half of Beirut is destroyed or damaged,"" he added.

The explosions on Tuesday, August 4th, at the Beirut port were caused by 2,750 tons of ammonium nitrate. One explosion occurred late in the day, followed by a much more powerful one, which created a gigantic mushroom cloud in the sky. The blasts shook buildings and shattered windows kilometers around. The shockwave was felt as far as the island of Cyprus, approximately 200 kilometers away.

According to an initial report from the Ministry of Health, 73 people have been killed and 3,700 injured. By evening, hospitals in the capital were overwhelmed with the influx of wounded.","Titre : Beyrouth : Jusqu’à 300 000 personnes sans domicile après les explosions, la moitié de la ville touchée

Texte : Jusqu’à 300 000 personnes se retrouvent sans abri ce mercredi à Beyrouth, le lendemain des explosions qui ont secoué le port, selon le gouverneur de la capitale, Marwan Abboud. Suite aux explosions au port de Beyrouth, jusqu’à 300 000 personnes sont sans abri, rapporte le gouverneur de la capitale libanaise, Marwan Abboud. Il estime les dégâts causés à plus de trois milliards de dollars. « J’ai fait le tour de Beyrouth ; les dégâts pourraient s’élever entre trois et cinq milliards de dollars », a-t-il déclaré à l’AFP, précisant qu’il attendait les évaluations d’experts et d’ingénieurs. « Près de la moitié de Beyrouth est détruite ou endommagée », a-t-il ajouté.

Les explosions du mardi 4 août au port de Beyrouth ont été causées par 2 750 tonnes de nitrate d’ammonium. Une explosion s’est produite en fin de journée, suivie d’une explosion beaucoup plus puissante, qui a créé un gigantesque nuage en forme de champignon dans le ciel. Les détonations ont secoué les bâtiments et brisé les vitres à plusieurs kilomètres à la ronde. La onde de choc a été ressentie jusqu’à l’île de Chypre, à environ 200 kilomètres de là.

Selon un premier rapport du ministère de la Santé, 73 personnes ont été tuées et 3 700 blessées. En soirée, les hôpitaux de la capitale étaient débordés par l’afflux de blessés."
https://reseauinternational.net/la-chine-le-premier-marche-mondial-de-smartphones/,0,1,0,0,0,0,0,0,0,"Titre :La Chine : Le premier marché mondial de Smartphones texte :Le marché des GSM Chinois a évolué en quelques années passant du téléphone Chinois bas de gamme à des smartphones Chinois pouvant parfois rivaliser avec des appareils de grandes marques. A l’échelle mondiale, le volume du marché des smartphones a bondi de 43% en 2012 avec 700 millions d’exemplaires écoulés. Mais le niveau de maturité du marché des smartphones en Amérique du Nord et en Europe de l’Ouest se fait ressentir, le taux de pénétration est de moins en moins important. Ainsi, il est impératif pour les constructeurs de se focaliser sur de nouveaux marchés émergents tel que celui de la Chine. En effet, la Chine représente le nouvel eldorado pour les fabricants de smartphones. Elle représente aujourd’hui le premier marché mondial de ce produit, loin d’être saturé puisque l’industrie prévoit une progression de 48% sur l’année 2013 : Actuellement plus de 45% des smartphones sont fabriqués en Chine. Cette année à d’ailleurs bien commencé et tout semble prouver qu’elle se terminera de la même façon : Les prévision sont les suivantes : Sur l’année 2013, 32% des ventes mondiales de smartphones auront été effectuées sur le marché chinois avec plus de 78 millions de terminaux vendus lors de son premier semestre. Quelques chiffres sur l’utilisation des smartphones en Chine : Plus de 520 millions de Chinois naviguent sur le web avec leurs smartphones Un Chinois consulte en moyenne son smartphone toutes les 6 minutes. 38% des Chinois utilisent plus de 5 heures par jour leur smartphone. 75 % des applications smartphones sont gratuites en Chine contre 25% dans le reste du monde. Plus de 500 magazines chinois enregistrent plus de téléchargements que de ventes traditionnelles. Les Etats-Unis derrière la Chine : Avec plus de 230 millions de terminaux actifs en février 2013, les Etats-Unis perdent leur première place au profit de la Chine en possédant plus de 246 millions. Cette tendance ne devrait pas changer si l’on prend en compte l’évolution démographique des deux pays et surtout la croissance des ventes de smartphones en Chine. En effet, seulement 20% des Chinois en possèdent un, et la demande devient très importante car la classe moyenne chinoise est de plus en plus aisée et peut se permettre l’achat de ce type de téléphone auparavant considéré comme un luxe réservé aux riches. Seule l’Inde pourrait rivaliser à l’avenir.",La Chine : Le premier marché mondial de Smartphones,"Title: China: The World's Leading Smartphone Market

Text: The Chinese GSM market has evolved rapidly over a few years, shifting from low-end Chinese phones to Chinese smartphones that can sometimes rival devices from major brands. Globally, the smartphone market volume surged by 43% in 2012, with 700 million units sold. However, the maturity level of the smartphone markets in North America and Western Europe is becoming evident, with penetration rates decreasing. Therefore, it is crucial for manufacturers to focus on emerging markets such as China.

Indeed, China now represents the new frontier for smartphone manufacturers. It is currently the world's largest market for this product, far from saturation, as industry forecasts predict a 48% growth in 2013. Currently, more than 45% of smartphones are manufactured in China. The year has started well, and all signs suggest it will end similarly. The forecasts are as follows: in 2013, 32% of global smartphone sales are expected to be made in China, with over 78 million devices sold in the first half of the year.

Some statistics on smartphone usage in China:
- Over 520 million Chinese browse the web using their smartphones.
- On average, a Chinese person checks their smartphone every 6 minutes.
- 38% of Chinese users spend more than 5 hours per day on their smartphones.
- 75% of smartphone applications are free in China, compared to 25% in the rest of the world.
- More than 500 Chinese magazines record more downloads than traditional sales.

The United States behind China:
With over 230 million active devices in February 2013, the United States has lost its top position to China, which has more than 246 million. This trend is unlikely to change, considering the demographic growth in both countries and especially the increasing sales of smartphones in China. Currently, only 20% of Chinese people own a smartphone, but demand is rapidly growing as the Chinese middle class becomes wealthier and can afford these devices, which were previously considered a luxury reserved for the wealthy. Only India might rival China in the future.","Titre : La Chine : le marché mondial du smartphone en tête

Texte : Le marché chinois du GSM a évolué rapidement en quelques années, passant de téléphones chinois d’entrée de gamme à des smartphones chinois pouvant parfois rivaliser avec des appareils de grandes marques. Au niveau mondial, le volume du marché des smartphones a augmenté de 43 % en 2012, avec 700 millions d’unités vendues. Cependant, le niveau de maturité des marchés des smartphones en Amérique du Nord et en Europe de l’Ouest devient évident, avec des taux de pénétration en baisse. Il est donc crucial pour les fabricants de se concentrer sur les marchés émergents tels que la Chine.

En effet, la Chine représente désormais la nouvelle frontière pour les fabricants de smartphones. Elle est actuellement le plus grand marché mondial pour ce produit, loin d’être saturé, car les prévisions de l’industrie annoncent une croissance de 48 % en 2013. Actuellement, plus de 45 % des smartphones sont fabriqués en Chine. L’année a bien commencé, et tous les signes indiquent qu’elle se terminera de la même manière. Les prévisions sont les suivantes : en 2013, 32 % des ventes mondiales de smartphones devraient être réalisées en Chine, avec plus de 78 millions d’appareils vendus au premier semestre de l’année.

Quelques statistiques sur l’utilisation des smartphones en Chine :
- Plus de 520 millions de Chinois naviguent sur Internet avec leur smartphone.
- En moyenne, un Chinois consulte son smartphone toutes les 6 minutes.
- 38 % des utilisateurs chinois passent plus de 5 heures par jour sur leur smartphone.
- 75 % des applications de smartphone sont gratuites en Chine, contre 25 % dans le reste du monde.
- Plus de 500 magazines chinois enregistrent plus de téléchargements que leurs ventes traditionnelles.

Les États-Unis derrière la Chine :
Avec plus de 230 millions d’appareils actifs en février 2013, les États-Unis ont perdu leur première place au profit de la Chine, qui en compte plus de 246 millions. Cette tendance est peu susceptible de changer, compte tenu de la croissance démographique dans les deux pays et surtout de l’augmentation des ventes de smartphones en Chine. Actuellement, seulement 20 % des Chinois possèdent un smartphone, mais la demande croît rapidement à mesure que la classe moyenne chinoise devient plus riche et peut se permettre ces"
https://reseauinternational.net/les-brics-et-le-bouleversement-mondial/,0,1,1,0,1,0,0,1,0,"Titre :Les BRICS et le bouleversement mondial texte :L’élargissement de l’alliance des BRICS non seulement avance dans la phase de confirmation, mais semble largement dépasser les attentes quant au nombre de pays souhaitant se joindre à l’organisation pro-multipolaire. Le tout au grand désarroi de l’Occident, dont la représentation minoritaire à l’échelle planétaire n’est plus à démontrer. 19 pays ont exprimé leur intérêt à rejoindre le groupe des nations BRICS alors que se prépare le sommet annuel qui aura lieu en Afrique du Sud, écrit Bloomberg. Le sujet de l’élargissement de l’alliance à de nouveaux membres sera effectivement discuté cet été en terre sud-africaine. L’information n’est effectivement pas nouvelle – Observateur Continental l’a précédemment plusieurs fois traité – y compris justement la question de l’élargissement en faveur d’autres pays non-occidentaux. Le tout à l’heure où le PIB combiné des 5 cinq membres des BRICS (Brésil, Russie, Inde, Chine, Afrique du Sud) dépasse désormais celui des 7 membres du club occidental + Japon, le fameux G7. Par contre ce qui est intéressant de noter dans l’article de Bloomberg, c’est le fait que sur les 19 pays ayant exprimé leur volonté d’adhésion aux BRICS – 13 l’auraient fait de manière officielle, tandis que 6 autres non-officiellement. Peut-être d’ailleurs afin d’éviter dans le cas de ces derniers de mettre trop tôt en colère leurs partenaires occidentaux. Cela d’autant plus qu’il ne faut pas croire que toutes les demandes recevront une réponse favorable et immédiate. Un tri sera incontestablement nécessaire et une feuille de route sera probablement déterminée pour chacune des demandes concernées. Cela sans oublier que – comme Observateur Continental l’avait précédemment abordé – des pays-candidats pourraient être dans un premier temps acceptés comme observateurs de l’organisation, avant une éventuelle pleine adhésion au groupe. Dans tous les cas, les BRICS auront non seulement confirmé leur attractivité à l’échelle mondiale, mais désormais avec les nouvelles perspectives il devient évident que l’Occident approche la perte non seulement de sa domination géopolitique, mais bel et bien et également géoéconomique, à l’heure où dans le Top 10 mondial en termes de PIB à parité du pouvoir d’achat les économies occidentales ne représentent plus la majorité. Et cela sur la base même des données du Fonds monétaire international (FMI). Et lorsque nous savons que selon ces mêmes prévisions l’alliance des cinq pays déjà membres des BRICS – représentant déjà aujourd’hui près de la moitié de la population terrestre et un tiers du PIB mondial – à l’horizon de 2050 le PIB combiné pourrait atteindre, voire dépasser, le niveau de 50% du PIB mondial. A noter par la même occasion que selon les prévisions de Goldman Sachs – à l’horizon justement de 2050 – 4 des 5 membres actuels des BRICS, à savoir la Chine, l’Inde, le Brésil et la Russie – feront partie du Top 5 des principales économies mondiales. En prenant en compte ces données – pour rappel encore une fois uniquement sur la base des cinq Etats membres aujourd’hui – il n’est possible alors que d’imaginer quel sera alors le PIB combiné de l’alliance pro-multipolaire suite à l’élargissement prévue en faveur des autres nations non-occidentales. Le constant sera pourtant simple et sans appel : l’Occident n’aura alors qu’à subir de manière encore beaucoup plus marquée le rôle de l’extrême minorité planétaire. D’une minorité certes arrogante, mais extrêmement minoritaire. D’ailleurs le chef de la diplomatie russe Sergueï Lavrov, à l’heure où la Russie préside actuellement le Conseil de sécurité de l’ONU, l’a bien rappelé: « Appelons les choses par leur nom. Personne n’a donné d’autorisation à la minorité occidentale à parler au nom de toute l’humanité ». Effectivement – personne. Quant au reste – tout se paie. Mikhail Gamandiy-Egorov source : Observateur Continental",Les BRICS et le bouleversement mondial,"Title: The BRICS and the Global Upheaval

Text: The expansion of the BRICS alliance is not only progressing toward confirmation but also appears to far exceed expectations regarding the number of countries wishing to join the pro-multipolar organization. All of this is causing great dismay in the West, whose minority representation on a global scale is no longer in question. 

Nineteen countries have expressed their interest in joining the BRICS group, as the annual summit scheduled to take place in South Africa approaches, reports Bloomberg. The issue of expanding the alliance to include new members will indeed be discussed this summer on South African soil. This information is not new—Continental Observer has previously addressed it multiple times—including specifically the question of expansion to non-Western countries.

All of this is happening at a time when the combined GDP of the five BRICS members (Brazil, Russia, India, China, South Africa) now surpasses that of the seven Western club members plus Japan, the so-called G7. 

What is particularly interesting to note in the Bloomberg article is that out of the 19 countries expressing their desire to join BRICS, 13 have done so officially, while 6 have expressed interest unofficially. Perhaps, in the case of the latter, to avoid provoking their Western partners too early. Moreover, it should not be assumed that all requests will receive immediate and favorable responses. A screening process will undoubtedly be necessary, and a roadmap will likely be established for each application.

Furthermore, as Continental Observer previously discussed, candidate countries might initially be accepted as observers within the organization before potentially becoming full members. 

In any case, BRICS has not only reaffirmed its global attractiveness but, with new prospects emerging, it is now clear that the West is approaching the loss—not only of its geopolitical dominance but also of its economic influence—especially as Western economies no longer constitute the majority in the top 10 global economies by purchasing power parity (PPP). This is based on data from the International Monetary Fund (IMF). 

According to these same forecasts, the alliance of the five current BRICS countries—already representing nearly half of the world's population and one-third of global GDP—could, by 2050, reach or even surpass 50% of the world's total GDP. It is also worth noting that, according to Goldman Sachs' projections—by 2050—four of the five current BRICS members (China, India, Brazil, and Russia) will be among","Titre : Les BRICS et le bouleversement mondial

Texte : L’expansion de l’alliance des BRICS ne se contente pas seulement de progresser vers une confirmation, mais semble également largement dépasser les attentes concernant le nombre de pays souhaitant rejoindre cette organisation pro-multipolaire. Tout cela suscite une grande inquiétude en Occident, dont la représentation minoritaire à l’échelle mondiale n’est plus remise en question.

Dix-neuf pays ont exprimé leur intérêt à rejoindre le groupe des BRICS, à l’approche du sommet annuel prévu en Afrique du Sud, rapporte Bloomberg. La question de l’élargissement de l’alliance pour inclure de nouveaux membres sera en effet abordée cet été sur le sol sud-africain. Cette information n’est pas nouvelle — l’Observateur Continental l’a déjà évoquée à plusieurs reprises — notamment en ce qui concerne spécifiquement la question de l’expansion vers des pays non occidentaux.

Tout cela se produit à un moment où le PIB combiné des cinq membres des BRICS (Brésil, Russie, Inde, Chine, Afrique du Sud) dépasse désormais celui des sept membres du club occidental plus le Japon, le soi-disant G7.

Ce qui est particulièrement intéressant à noter dans l’article de Bloomberg, c’est que sur les 19 pays exprimant leur désir de rejoindre les BRICS, 13 l’ont fait officiellement, tandis que 6 ont manifesté leur intérêt de manière non officielle. Peut-être, dans le cas de ces derniers, pour éviter de provoquer leurs partenaires occidentaux trop tôt. De plus, il ne faut pas supposer que toutes les demandes recevront une réponse immédiate et favorable. Un processus de sélection sera sans doute nécessaire, et une feuille de route sera probablement établie pour chaque candidature.

En outre, comme l’a déjà évoqué l’Observateur Continental, les pays candidats pourraient d’abord être acceptés en tant qu’observateurs au sein de l’organisation avant de devenir éventuellement membres à part entière.

Dans tous les cas, les BRICS ont non seulement réaffirmé leur attractivité mondiale, mais, avec de nouvelles perspectives qui émergent, il est désormais clair que l’Occident s’approche de la perte — non seulement de sa domination géopolitique, mais aussi de son influence économique — surtout que les économies occidentales ne constituent plus la majorité dans le top 10 des économies mondiales en parité de pouvoir d’achat"
https://reseauinternational.net/les-projets-de-demantelement-de-la-russie/,1,1,1,1,1,0,1,1,0,"Titre :Les projets de démantèlement de la Russie texte :La revue Conflits vient de publier une traduction d’un article relatant comment l’UE, l’OTAN, et ceux que les russes appellent désormais « l’occident collectif » organisent un vaste projet de démembrement de la Russie. L’empire etats-uniens et ses vassaux ne sauraient tolérer de rival et font tout pour supprimer toute puissance régionale ou mondiale qui pourrait leur empêcher d’organiser et d’exploiter le monde selon leurs désirs. Ce sont les mêmes qui ont organisé la dissolution de l’URSS, celle de la Yougoslavie socialiste puis de la Serbie, dont on a séparé le Kosovo. Ce sont les mêmes qui encouragent le sécessionniste islamiste ouighour au Xinjiang, le sécessionnisme tibétain et qui ont détruit l’Irak, la Libye et un certain nombre de pays africains, et tenté de faire de même avec la Syrie. Selon leurs intérêts et les situations, ces pays, agences et organisations internationales appellent soit « au respect des droits de l’homme », au « droit des peuples à disposer d’eux-mêmes », soit à l’intangibilité des frontières et au respect de la souveraineté. Ainsi, pour eux, les frontières de l’Ukraine sont intangibles et l’Ukraine est « souveraine » mais la Russie, la Syrie et tant d’autres pays peuvent être charcutés à souhait. Ils font signer (et trouvent toutes sortes d’idiots utiles pour le faire) pour les Ouighours, mais ont oublié l’existence même du droit international pour Porto Rico, les Comores, et un grand nombre d’autres pays. L’article qui est repris ce dessous est un article de la revue italienne de géopolitique Limes, traduit par la revue française Conflits : par Agnese Rossi Le Forum des nations libres de l’après-Russie, un cadre de dialogue qui rassemble les revendications indépendantistes des minorités ethniques russes et les réalités régionales (et leurs sympathisants euro-atlantiques – Américains, Polonais et Baltes), s’est réuni le 31 janvier 2023 au Parlement européen pour sa cinquième réunion. Le groupe a présenté à Bruxelles son projet de « décolonisation et de reconstruction » de la Fédération de Russie, parrainé par la composante polonaise du Parti des conservateurs et réformistes européens. Anna Fotyga, députée européenne et ancienne ministre polonaise des Affaires étrangères (Pis, parti Droit et Justice), impliquée dans les travaux du Forum depuis sa création, a rappelé sa mission fondatrice : « Comme dans le cas du Troisième Reich allemand, la Fédération de Russie, en tant que menace existentielle pour l’humanité et l’ordre international, devrait subir des changements drastiques. Il est naïf de penser que la Russie, après avoir été définitivement vaincue, restera dans le même cadre constitutionnel et territorial. La communauté internationale ne peut pas adopter une position confortable en attendant les développements, mais doit entreprendre une […] re-fédéralisation de l’État russe, en tenant compte de l’histoire de son impérialisme et en respectant les droits et les désirs des nations qui le composent. »1 Parmi les orateurs du dernier forum figurait l’analyste américain d’origine polonaise Janusz Bugajski, ancien conseiller des départements d’État et de la Défense, que l’on a qualifié sans raison valable de « nouveau Brzezinski ». Son dernier livre, « Failed State. A guide to Russia’s Rupture » s’est retrouvé dans le collimateur de la presse russe, présenté comme un bréviaire des plans américains visant à démembrer la Fédération en encourageant le séparatisme ethnique.2 Depuis son inauguration (le 8 mai à Varsovie), le Forum a gagné en notoriété et en nombre de membres. La première carte produite par le groupe (publiée dans le numéro du 9/22 de Limes3) envisageait une implosion de la Russie à partir de laquelle plus de trente États différents, délimités selon des critères ethniques et culturels disparates, prendraient naissance. Nous en reproduisons ici une mise à jour (carte couleur 6) : le changement le plus important consiste en la réduction de la taille de la région de Moscou au profit de nouveaux projets ethnico-nationaux. Par exemple, certains représentants des régions de Pskov et de Tver (anciennes principautés non représentées dans la version précédente) ainsi que de la région de Smolensk/Smaland ont annoncé la naissance de la « Plate-forme de la Kryvie orientale », un groupement créé dans le but « d’intégrer les peuples de la Grande Baltique » et de pencher « vers la variante est-européenne de la voie euro-atlantique, qui implique la préservation de l’identité et des fondements culturels et démographiques des pays et des peuples. »4 Dans la nouvelle version de la carte, les républiques caucasiennes d’Ingouchie, d’Ossétie et de Kabardino-Balkarie gagnent également de l’espace et des frontières spécifiques. Selon leurs propres auteurs, cette carte-matrice est ouverte à des variations potentiellement infinies. Tant qu’elles servent un objectif unique : imaginer « des stratégies pour un démantèlement contrôlé, constructif et non violent du dernier empire colonial en Europe. »5 Les séparatistes russes et leurs porte-parole euro-atlantiques ne sont pas les seuls à se livrer à de tels exercices cartographiques. Sur un mur du bureau du chef du renseignement militaire ukrainien Kyrylo Budanov, photographié par des journalistes lors d’une interview, se trouve la carte en couleur 6a. Dessinées au feutre, les lignes de partage de la Russie imaginées par Kiev contestent et remplacent les frontières fédérales actuelles : le Japon (Япония) obtient les îles Kouriles contestées, l’Allemagne (ФРГ) Kaliningrad (Königsberg), la Finlande (Ф) la Carélie et une partie du Nord-Ouest russe. La Chine (Китай, à laquelle correspond la lettre К) comprend toute la Sibérie et l’Extrême-Orient. Dans la partie centrale de l’actuelle Fédération, une « République d’Asie centrale » devrait alors voir le jour, sous le nom de ЦАР (Car). La Russie proprement dite, décapitée de sa tête orientale, se retrouve avec le territoire marqué par les lettres РФ (RF). Dans la correspondance avec le Caucase, on lit « Ičkerija », le nom de la république séparatiste tchétchène proclamée en 1991 ainsi que le territoire que le parlement ukrainien a récemment reconnu comme « temporairement occupé » par les Russes6, ce que le président ukrainien Volodymyr Zelensky avait déjà fait pour les îles Kouriles7. Surtout, les frontières ukrainiennes comprennent non seulement le Donbass et la Crimée, mais aussi les régions de Koursk, de Belgorod et du Kouban. Il a été demandé à Budanov si la carte représentait les plans d’expansion territoriale de Kiev une fois les frontières de 1991 retrouvées. Sa réponse a été sibylline : « Chacun voit ce qu’il veut voir. Il s’agit peut-être d’un indicateur approximatif. Ou peut-être pas. »8,9 Si la première carte divise le corps de la Fédération selon ses lignes ethniques et selon le critère « autochtone » des droits historiques, la seconde rappelle les projets de partition de l’Eurasie en sphères d’influence élaborés par un certain courant stratégique de l’appareil américain10. Américains, Polonais, Ukrainiens et séparatistes ethniques imaginent des géométries de désintégration différentes, fonction de leurs projections géopolitiques respectives. Mais ce qui est le plus important à noter, outre la plausibilité des scénarios envisagés, c’est précisément la diffusion et la résonance croissante de cartographies similaires, signe de la récupération de la dimension spatiale dans la grammaire des puissances. Le retour de la géographie sanctionne peut-être aussi l’obsolescence de la thèse de la fin de l’histoire. source : Limes via Histoire et Société",Les projets de démantèlement de la Russie,"Title: Russia's Dismantling Projects

Text: The magazine Conflits has just published a translation of an article describing how the EU, NATO, and those whom the Russians now call ""collective West"" are organizing a vast project to dismember Russia. The American empire and its vassals cannot tolerate a rival and do everything to eliminate any regional or global power that might prevent them from organizing and exploiting the world according to their desires. These are the same actors who orchestrated the dissolution of the USSR, the socialist Yugoslavia, and then Serbia, from which Kosovo was separated. They are also the same who encourage the separatist Islamist Uyghur movement in Xinjiang, Tibetan separatism, and who destroyed Iraq, Libya, and several African countries, and attempted to do the same with Syria. Depending on their interests and circumstances, these countries, agencies, and international organizations call for either ""respect for human rights,"" ""the right of peoples to self-determination,"" or the inviolability of borders and respect for sovereignty. Thus, for them, Ukraine’s borders are inviolable and Ukraine is ""sovereign,"" but Russia, Syria, and many other countries can be carved up at will. They have people sign (and find all kinds of useful idiots to do so) for the Uyghurs, but have forgotten the very existence of international law for Puerto Rico, the Comoros, and many other countries.

The article below is an excerpt from the Italian geopolitical magazine Limes, translated by the French magazine Conflits: 

**The Forum of the Free Nations of Post-Russia**, a dialogue framework that brings together the independence claims of Russian ethnic minorities and regional realities (and their Euro-Atlantic sympathizers – Americans, Poles, and Balts), met on January 31, 2023, at the European Parliament for its fifth session. The group presented its project of ""decolonization and reconstruction"" of the Russian Federation, sponsored by the Polish component of the European Conservatives and Reformists Party.

Anna Fotyga, a Member of the European Parliament and former Polish Minister of Foreign Affairs (from the Law and Justice party), involved in the Forum’s work since its inception, recalled its founding mission: ""Like in the case of Nazi Germany, the Russian Federation, as an existential threat to humanity and the international order, should undergo drastic changes. It is naive to think that Russia, after being definitively defeated, will remain within","Titre : Les projets de démembrement de la Russie

Texte : Le magazine Conflits vient de publier une traduction d’un article décrivant comment l’UE, l’OTAN et ceux que les Russes appellent désormais « l’Occident collectif » organisent un vaste projet de démembrement de la Russie. L’empire américain et ses vassaux ne peuvent tolérer un rival et font tout pour éliminer toute puissance régionale ou mondiale qui pourrait les empêcher d’organiser et d’exploiter le monde selon leurs désirs. Ce sont les mêmes acteurs qui ont orchestré la dissolution de l’URSS, du socialiste Yougoslavie, puis de la Serbie, dont le Kosovo a été séparé. Ce sont aussi les mêmes qui encouragent le mouvement séparatiste islamiste ouïgoure au Xinjiang, le séparatisme tibétain, et qui ont détruit l’Irak, la Libye, plusieurs pays africains, et ont tenté de faire de même avec la Syrie. En fonction de leurs intérêts et des circonstances, ces pays, agences et organisations internationales prônent soit « le respect des droits de l’homme », « le droit des peuples à l’autodétermination », ou encore l’inviolabilité des frontières et le respect de la souveraineté. Ainsi, pour eux, les frontières de l’Ukraine sont inviolables et l’Ukraine est « souveraine », mais la Russie, la Syrie et bien d’autres pays peuvent être démantelés à volonté. Ils font signer (et trouvent toutes sortes d’idiots utiles pour le faire) pour les Ouïgours, mais ont oublié l’existence même du droit international pour Porto Rico, les Comores et bien d’autres pays.

L’article ci-dessous est un extrait du magazine géopolitique italien Limes, traduit par le magazine français Conflits :

**Le Forum des Nations libres de l’après-Russie**, un cadre de dialogue réunissant les revendications d’indépendance des minorités ethniques russes et les réalités régionales (et leurs sympathisants euro-atlantiques – Américains, Polonais et Baltes), s’est réuni le 31 janvier 2023 au Parlement européen pour sa cinquième session. Le groupe a présenté son projet de « décolonisation et de reconstruction » de la Fédération de Russie, soutenu par la composante polonaise du"
https://reseauinternational.net/lisez-ce-texte-si-vous-etes-europeen-il-va-vous-faire-mal-vous-allez-souffrir-mais-il-faut-le-lire/,1,1,1,0,0,1,1,1,0,"Titre :Lisez ce texte, si vous êtes européen il va vous faire mal, vous allez souffrir, mais il faut le lire texte :Il faudrait obliger chaque pseudo journaliste spécialiste du Covid, de la monnaie, de la finance, de l’économie, de la géopolitique, de la diplomatie, bref chaque sténotypiste au service des élites à lire ce texte et lui faire faire une interrogation écrite, avec une analyse critique. Ce texte de qualité expose un point de vue qui fait mal, mais que vous devez connaitre… vous le valez bien ! écrit par un Russe. Nous sommes devenus champions du monde des sanctions, dépassant l’ancien leadr l’Iran. Les États-Unis et l’Union européenne ont mis toutes leurs cartes sur table, faisant exploser même des mines qui leur causent plus de dégâts qu’à nous. Je citerai par exemple le gel des dollars et euro de nos réserves. Nous avons perdu 300 milliards de dollars, que nous économiserons à nouveau dans environ un an. Les États-Unis et l’UE eux, ont perdu leur réputation car un défaut arbitraire sur le dollar et l’euro déclenchera automatiquement le retrait progressif des dollars et des euros de la catégorie des monnaies de réserve. La monnaie dite « papier » (fiat) n’est en fait qu’un reçu, une promesse de livrer des marchandises dans le futur. Imaginez que vous apportiez à Sam un chariot de fumier. Sam vous fait un reçu : moi, Sam Smith, passeport tel ou tel, y résidant, m’engage à remettre à Vasily un iPhone 14 en parfait état. Le lendemain, après vous être rasé, vous venez chez Sam pour un iPhone. Et Sam vous dit – vous êtes russe, sortez d’ici avant que je dessine un organe sexuel sur mon reçu. C’est ce qui est arrivé aux dollars et aux euros. Tout le village a vu que les reçus de Sam n’étaient pas fiables, puisque Sam n’a pas tenu sa parole de marchand. Les Américains et les Européens ne seraient pas aussi touchés si le rouble s’effondrait. Ils ont déjà gelé les réserves d’or d’autres pays – Iran, Venezuela, Syrie. Les investisseurs en ont été très agacés, car les investisseurs ne sont pas dupes, mais la situation était encore différente: les montants étaient faibles à l’échelle mondiale et les systèmes financiers des pays attaqués se sont effondrés en chaine après l’attaque des Américains. Le gel des réserves d’or des petits pays non récompensés n’était pas perçu comme une arnaque, mais comme une agression, une manifestation arbitraire de la force. Les investisseurs étaient prêts à accepter cela. Mais le rouble ne s’est pas effondré après l’attaque américaine au contraire. En ce moment, j’écris cet article, et le rouble se négocie à environ 78 ou 80 roubles pour un dollar, ce qui n’est pas beaucoup plus élevé que les 79 roubles d’octobre pour un dollar, et qui est encore plus bas que le pic auquel le dollar a bondi au milieu de la Crise monétaire de 2014-2015. En fait, nous avons acheté pour ces 300 milliards de dollars volés une opportunité historique unique de créer notre propre monnaie de réserve, le rouble énergétique. Peut-être que cela en valait la peine et les sanction. Les Américains, en revanche, se sont avérés être le chasseur malchanceux de la blague, qui a glissé un fusil de chasse à double canon dans la tanière. Le chasseur a voulu tirer sur l’ours endormi et a appuyé sur la gâchette, mais le pistolet a raté sa cible et l’ours s’est réveillé… Ainsi, les États-Unis et l’UE ont déjà utilisé presque toutes leurs armes financières et économiques contre la Russie il ne leur reset qu’à refuser le pétrole, l’énergie. Mais ici le jeu n’est pas du tout en leur faveur : c’est comme essayer de mordre à travers une roue de voiture avec les dents. En fait, c’est la raison pour laquelle les politiciens occidentaux se battent maintenant avec une telle hystérie. La Russie est un problème qui détruit leur système financier et qu’ils ne peuvent pas résoudre. La principale raison pour laquelle l’Occident s’est retrouvé dans une situation aussi peu enviable est le changement naturel de notre monde. Au XXIe siècle, l’Occident autrefois puissant a enfilé un harnais en cuir et décoré son cul de plumes multicolores, et l’Orient, mené par la Chine, a progressivement pris le leadership industriel et technologique de l’Occident. Voyons comment les exportations de haute technologie de différents pays ont changé au fil des ans : 1990. Les États-Unis sont le leader, le Japon est le deuxième, l’Allemagne est le troisième. La Chine n’est même pas dans le top dix. 2004. La Chine est le leader, les États-Unis sont à la deuxième place avec une petite marge, l’Allemagne et le Japon sont juste derrière les États-Unis. L’écart entre la première et la quatrième place est faible. année 2019. Chef de la Chine. L’Allemagne occupe la deuxième place, 3,5 (!) fois derrière. Singapour est troisième. Les États-Unis occupent la quatrième place, derrière la Chine d’environ 5 fois. Les exportations chinoises de haute technologie sont supérieures à celles des dix premiers pays occidentaux réunis. Les gens sont très inertes, surtout les adultes, donc les politiciens occidentaux y vivent encore mentalement, au milieu des années 2000, quand les États-Unis et la Chine se battaient à armes égales. Cependant, 15 ans se sont déjà écoulés et les États-Unis ont pris du retard, ils sont complètement désespérés. Ils ne sont maintenus à flot que par l’inertie du dollar qui, avant le défaut de février, était une monnaie de réserve à part entière. Avez-vous entendu parler de Wenzhou ? Montrez-le sur la carte ? Je suis sûr que non. Bref, récemment Wenzhou était considéré comme rétrograde, il y avait même le terme « pauvre Wenzhou ». Aujourd’hui, grâce au capitalisme vivifiant, Wenzhou est en plein essor. Il existe de nombreuses usines de diverses industries – par exemple, la ville est un centre mondial pour la production d’équipements basse tension. Voici une vidéo d’une heure et demie pour vous – il suffit de conduire une voiture dans les rues de Wenzhou, pas besoin de tir de parade depuis un quadricoptère de gratte-ciel fraîchement construits ou d’autres images embellies pour les touristes. C’est ainsi que la personne la plus ordinaire voit la ville au quotidien. Une fois de plus, je voudrais attirer votre attention sur le fait que, selon les normes chinoises, Wenzhou est une petite ville, un trou perdu, un centre régional de la province provinciale du Zhejiang. 9,5 millions d’habitants, c’est une bagatelle selon les normes chinoises, presque un village. La société de vêtements Zhejiang Semir Garment (marques Semir et Balabala, que vous ne connaissez pas, contrairement aux pédés de Dolce et Gabbana), la société de chaussures Aima, les usines d’électroménagers General Electric et Schneider Electric (oui, oui, tout vient de là), sont basé à Wenzhou, tout comme les aciérie du groupe Shagang. Ils ont même lancé le métro il y a trois ans. Et à titre de comparaison, Bruxelles, la capitale des bouchers de l’OTAN. Avec tout mon amour pour les rues historiques des vieilles villes, c’est une province sans espoir. Les États-Unis et l’Union européenne ne sont plus au niveau qui leur permettrait d’espérer une concurrence avec l’Asie. Et pendant, que nous ne regardions que la Chine, il y a aussi l’Inde, dont la population est presque égale à celle de la Chine, et où les hautes technologies se développent maintenant à un rythme très élevé. En Occident, il est de coutume de plaisanter sur l’Inde dans les formats traditionnels de l’humour de chiottes. Cependant, l’Inde est grande, elle compte à elle seule environ 5 millions de programmeurs. Et puisque tout est en ordre dans le cerveau bien huilé des Indiens, la quantité se transforme inévitablement en qualité. Mais il y a aussi l’Indonésie avec une population de 280 millions d’habitants. Pakistan – 230 millions. Brésil – 210 millions … et dans chaque pays maintenant il y a Internet, il y a accès à l’éducation, il y a des opportunités pour construire des usines et des laboratoires. L‘Occident ne se considère « le monde entier » que parce qu’il n’a pas encore reçu un coup de poing suffisamment sensible sur le nez. Il se trouve que la Russie lui donne maintenant ce choc : avec le soutien arrière de l’Asie, de l’Afrique et de l’Amérique latine. Et l’Occident ne peut absolument rien faire contre nous, puisqu’il est également en retard sur nous en termes de nombre d’ogives nucléaires. Nous n’avons pas autant d’armes nucléaires qu’à l’époque soviétique, mais nous en avons suffisamment pour faire entrer les États-Unis dans l’âge de pierre si nécessaire. Par conséquent, les États-Unis s’agitent sur une chaise, se rongent les ongles, crient des jurons… mais ils ne franchissent toujours pas certaines frontières. La position de l’Amérique semble sans espoir. La Chine se prépare à écraser économiquement les États-Unis, et il y a peu de chances de détente, puisque l’Occident s’est comporté de manière absolument bestiale envers la Chine au cours des derniers siècles, et puisque l’Occident ne commencera clairement pas à réfléchir à son comportement tant qu’il n’aura pas subi une crise complète. une défaite à part entière et dévastatrice. L’Occident ne peut pas infliger de dégâts critiques à la Chine, car pour cela, il est nécessaire d’isoler la Chine de la Russie, ce qui est techniquement impossible – nous avons une frontière terrestre commune avec la Chine. Nous approvisionnons la Chine en nourriture et en hydrocarbures, c’est largement suffisant pour une victoire économique sur les États-Unis, quels que soient les blocages que les États-Unis entreprennent. Il n’y a aucun moyen de détruire d’abord la Russie, puis la Chine – militairement, la Russie est trop forte, Peut-être que si les Américains n’avaient pas été aussi agressifs, s’ils n’avaient pas déplacé les bases de l’OTAN vers l’Est, s’ils n’avaient pas inlassablement fomenté des révolutions et des guerres civiles sur le territoire de l’ex-URSS, leur hégémonie aurait pu durer un peu plus longtemps. Cependant, vivre en paix ne concerne pas les Américains. Ils sont stupides, arrogants et cupides. Les États-Unis sont allés aggraver le conflit avec l’Est et, semble-t-il, ils ont perdu. PS. Souvenez-vous, je vous ai dit que nous deviendrions le fer de la lance chinoise dirigée vers le cœur de l’Occident ? Et vous vous demandez pourquoi la Russie ? Eh bien, comme vous pouvez le voir, il n’était pas possible d’imaginer qu’il en soit autrement : La géographie est une fatalité. Poutine a essayé d’établir des liens d’ amitié avec l’Europe, il leur a offert toutes sortes d’options qui leur auraient été bénéfiques – mais non, cela n’a pas marché. Même les Allemands, des gens logiques et réfléchis qui calculent tout sur une calculatrice n’ont pas pu s’empêcher de céder à la russophobie européenne générale. L’Europe a choisi son destin. Et a choisi le destin pour la Russie. Ce que vous voyez maintenant, c’est la mort de l’Europe. Même s’il ne s’agit pas de frappes nucléaires sur des centres industriels, l’Europe est condamnée. Dans une situation où l’industrie européenne se retrouve sans sources d’énergie et matières premières russes bon marché – et où la Chine commencera à recevoir ces mêmes vecteurs énergétiques et matières premières à prix réduit, il ne peut être question d’une véritable concurrence européenne avec la Chine. En conséquence, littéralement tout s’effondrera littéralement là-bas après l’industrie ce sera l’agriculture le bien-être et la sécurité sociale s’effondreront, la faim, le banditisme et le chaos commenceront. Je ne crois même pas que la transition vers le nazisme puisse sauver ces États ; la décadence est allée trop loin, trop de parasites sont venus se goinfrer s sur les bénéfices européens, Et dans tout, les Européens blâmeront les Russes. Par conséquent, ils vont marcher sur nous, se faire frapper au visage, se laver avec du sang – et grimper à nouveau. À un certain stade, les choses tourneront à la vitrification de certaines capitales européennes, ainsi qu’au naufrage de « l’île des méchants » sous le niveau de l’eau dans la Manche française. Ils sont stupides, ils ne se calmeront pas. L’histoire enseigne qu’elle n’apprend rien à personne. Personne ne se soucie de l’Ukraine. L’Ukraine n’est qu’un endroit, un champ de bataille où la Russie a décidé de combattre l’Europe. Ils ont mis en œuvre le concept de « petite effusion de sang en territoire étranger ». C’est dommage pour les élites, mais ce sont elles mêmes qui sont à blâmer – elles voulaient vraiment faire plaisir, servir les Eurogays, et maintenant elles l’ont fait. Soit dit en passant, l’Europe a pleinement accepté les conditions proposées et elle est entrée en guerre – maintenant la République tchèque expédie environ 1000 chars T-72 et BMP-1 de ses stocks vers l’Ukraine. Maintenant ils sont transportés sur des plates-formes ferroviaires. Soit dit en passant, ce n’est pas mauvais pour nous – nous avons une chance de détruire la majeure partie de ce chargement pendant le transport, le reste va se planter et se casser, et l’OTAN perdra un autre millier de chars. C’est le sens de cette guerre. source : Bruno Bertez","Lisez ce texte, si vous êtes européen il va vous faire mal, vous allez souffrir, mais il faut le lire","Title: Read this text, if you are European it will hurt you, you will suffer, but you must read it

Text:  
It should be mandatory for every pseudo-journalist specializing in Covid, currency, finance, economics, geopolitics, diplomacy—basically every stenotypist serving the elites—to read this text and be given a written test on it, with a critical analysis. This quality text presents a point of view that is painful, but you need to know it… you’re worth it! Written by a Russian.

We have become world champions of sanctions, surpassing the former leader, Iran. The United States and the European Union have played all their cards, even causing mines to explode that damage them more than us. For example, I will mention the freezing of our dollar and euro reserves. We lost 300 billion dollars, which we will recover in about a year. The US and EU, on the other hand, have lost their reputation because an arbitrary default on the dollar and euro will automatically trigger the gradual withdrawal of dollars and euros from the reserve currency category. The so-called “paper” (fiat) currency is actually just a receipt, a promise to deliver goods in the future.

Imagine you bring Sam a cartload of manure. Sam gives you a receipt: I, Sam Smith, with passport such-and-such, residing at such-and-such, commit to giving Vasily an iPhone 14 in perfect condition. The next day, after shaving, you go to Sam for the iPhone. And Sam tells you—you're Russian, get out of here before I draw a sexual organ on my receipt. That’s what happened to the dollars and euros. The whole village saw that Sam’s receipts were unreliable, since Sam did not keep his word as a merchant. Americans and Europeans wouldn’t be as affected if the ruble collapsed. They have already frozen the gold reserves of other countries—Iran, Venezuela, Syria. Investors were very annoyed because they are not fools, but the situation was different: the amounts were small on a global scale, and the financial systems of the attacked countries collapsed in chain after the American attack. The freezing of gold reserves of small, unrecognized countries was not seen as a scam but as an aggression, an arbitrary display of force. Investors were willing to accept that.

But the ruble did not collapse after the American attack—in fact, quite the opposite. As I write this article, the ruble","Titre : Lisez ce texte, si vous êtes Européen, cela vous fera mal, vous souffrirez, mais vous devez le lire

Texte :  
Il devrait être obligatoire pour chaque pseudo-journaliste spécialisé dans le Covid, la monnaie, la finance, l’économie, la géopolitique, la diplomatie — en gros, chaque sténographe au service des élites — de lire ce texte et de passer un test écrit à son sujet, avec une analyse critique. Ce texte de qualité présente un point de vue douloureux, mais il faut le connaître… vous en valez la peine ! Écrit par un Russe.

Nous sommes devenus champions du monde des sanctions, dépassant l’ancien leader, l’Iran. Les États-Unis et l’Union européenne ont joué toutes leurs cartes, allant même jusqu’à faire exploser des mines qui leur causent plus de dégâts qu’à nous. Par exemple, je mentionnerai le gel de nos réserves en dollars et en euros. Nous avons perdu 300 milliards de dollars, que nous récupérerons en environ un an. Les États-Unis et l’UE, quant à eux, ont perdu leur réputation, car un défaut arbitraire sur le dollar et l’euro déclenchera automatiquement le retrait progressif de ces monnaies de la catégorie des réserves de change. La monnaie dite « papier » (fiduciaire) n’est en réalité qu’un reçu, une promesse de livrer des biens à l’avenir.

Imaginez que vous apportez à Sam une charrette de fumier. Sam vous donne un reçu : je, Sam Smith, avec le passeport tel ou tel, résidant à tel endroit, m’engage à donner à Vasily un iPhone 14 en parfait état. Le lendemain, après vous être rasé, vous allez voir Sam pour récupérer l’iPhone. Et Sam vous dit — vous êtes Russe, dégagez d’ici avant que je ne dessine un organe sexuel sur mon reçu. C’est ce qui est arrivé aux dollars et aux euros. Tout le village a vu que les reçus de Sam étaient peu fiables, puisque Sam n’a pas tenu sa parole en tant que commerçant. Les Américains et les Européens ne seraient pas aussi affectés si le rouble s’effondrait. Ils ont déjà gelé les réserves d’or d’autres pays — Iran, Venezuela, Syrie. Les investisseurs étaient très ennuy"
https://reseauinternational.net/voir-les-corrompus-bien-en-face/,1,1,1,0,1,1,1,1,0,"Titre :Voir les corrompus bien en face texte :Lorsque l’ère bourgeoise devient un vrai danger public. Ils en «oublient» de raisonner, tu te rends compte. Raisonner c’est amener en clarté les solutions pour tous. Et les mettre au…propre. Les bourgeois brouillons en tout c’est plutôt le souillon ouvrage. Ainsi, la mémoire obtient ses grands succès : nous avions mis en avant 2 faits. Que « l’histoire génétique », sur la longe durée, peut avantager les classes les plus omises et spoliées. Ce qui semble aller contre le sens commun. Et que les enfants de bourgeois héritent de l’affaiblissement tendanciel de l’immunité naturelle de leurs parents (le Covid vu ainsi, serait une maladie de « luxe »). Selon les données de l’époque où ce fil rouge avait percé. En 2 022, il faut bien admettre que l’Afrique n’est quasiment pas atteinte par le Covid. Les causes siègent dans ce que nous venons d’esquisser. Maintenant, nous pénétrons dans les origines directes du déclin accéléré de l’Occident (tous les jours ses faux dirigeants apparaissent encore plus cons et encore plus hébétés). Oui nous pouvons résumer : la tolérance des abus de corruptions est la cause très principale du déficit de santé mentale de l’occident. Il faut se rappeler que la « corruption » appartient à la…mort. Putréfaction des chairs = perte de tout sens des raisonnements. Laisser la mort diriger la société ne peut se faire passer pour…sensé. Avoir refusé bestialement le rejet sanitaire des corrompus a rompu les chances anciennes de l’Occident. Quelles ? Toujours s’autocritiquer. Et rebondir sur ses propres faiblesses. Et – à cause donc des corrompus – en 2 022, ce ne sont que des auto-louanges permanentes d’eux-mêmes ne reposant sur aucun concret montrable. Et c’est, là, leurs points faibles (non combattus) qui prennent toute la place : regarde un peu les narcissismes ; ces maladies plus qu’infantiles des caractères. Oui la faiblesse qui va les détruire (puisque leurs psychorigidités de débiles arrogants les empêchent de changer) est : Ils ne veulent apparaître que pour ce qu’ils ne sont pas. Et se déguisent en ardents défenseurs des valeurs de la réPublique. Oui sa pire ennemie : la réPrivée dans toutes ses hideurs. Donneuses compulsives de leçons et acariâtretés des caractères. Ils ne vivent que par l’insulte et les dévalorisations calomniatrices des autres. Comme toutes les sectes ou ceux qui se croient…de divine avant-garde. Un civilisé le prouve par ses civilités. Eux ce sont des soudards d’une grossièreté à vomir. Les putréfiés corrompus. Aussi vivent-ils dans les dénis permanents de leur propre sordide réalité. Non nous ne sommes pas ce que nous sommes. Non, nous ne faisons pas ce que faisons. Alors que. Ils ne sont – au concret – que des voleurs et des voyous parasites. Le tout en tapinois. Si incapables de diriger quoi que ce soit puisque très dépendants des services comme….serviteurs. Arrêtez donc, de grâce, d’appeler « ça » des élites (sic). Ce sont les plus dangereuses anti-élites actuelles. Oui la société doit se guérir d’eux en chassant d’elle les corruptions de la…mort. Les 600 milliards illégalement «donnés » aux cabinets de conseils pour ne Pas Gérer le Covid doivent être récupérés. Entre autres, pour « soigner » énergiquement la corruption et ses putréfactions. Qui dévalorise tout le monde. Eteint les dons de chacune et chacun. Et empêche que se dessine un futur commun. Regardons bien en face ces monstres corrompus. Qui ne supportent pas de se savoir ainsi… 1 – Un témoignage direct Oui oui toujours tout RENOMMER. Tant ont les idées de travers. Voir toutes à l’envers. Et ce si contre leurs propres intérêts. Donc les nôtres, lorsqu’ils semblent vouloir entraîner tout le monde dans leurs propres déluges… «J’entendais leurs délires (il s’agit d’un témoignage direct contre les corrompu.e.s. Et ils ne s’en sortent pas bien du tout !), loin d’imaginer qu’ils iraient jusqu’au bout de leur folie. »…Voici la bonne qualification, scientifique, qualification qui les disqualifie de partout. Ces monstres détériorés ne doivent plus continuer. Leurs folies ont assez duré !! « Je les ai vus, à l’époque, se goberger, s’empiffrer sur le dos de la bête. Je les ai vus, les yeux plus gros que le ventre, piller et se goinfrer. Se donner des lettres de noblesse factices que leur position et leur pouvoir leur conféraient. » De quoi décrasser les yeux de tout ce que les indignes médias nous tartinent sans vergogne…« Je les ai vus bomber le torse et de leur petite hauteur, mépriser le peuple en donnant au château de Versailles des fêtes royales pour célébrer indignement l’arrivée au pouvoir du nouveau «monarque» ». Que de l’immensité répugnante. La vie séparatiste des corrompus reste vraiment insupportable ! « Les cortèges de voitures officielles comme autant de carrosses et les garden-parties de ces nouveaux parvenus bientôt emperruqués. »…que leurs déchéances paraissent, à la fois, si dérisoires. De tout ils font des jeux. Eux-mêmes semblent les jouets irrésistés de leurs vices ! Ils feraient pitié s’ils n’étaient pas aussi nuisibles. « J’ai vu les épouses et leur marmaille jouant à Marie-Antoinette sans vergogne sous les lambris, dont le passe-temps se limitait à organiser des dîners fins entre amis et visiter le Mobilier national comme on va chez Ikea. Gratuit ici. » Quelles minables vies de personnages plus minables encore…les nausées peuvent enfin les chasser de partout. Trop c’est trop. « Surtout quand on « omettait » de restituer pièces d’art et meubles d’époque. »…Omettre ? Leurs trous de mémoire sont si béants que nul ne peut leur confier quoi que ce soit. Impossible d’avoir confiance dans ces passoires immorales. Faut tout leur retirer des mains ! Ce sont véritablement des « dangers publics » –Un-témoignage-très-direct- Et les empilements de tous les sournois méfaits, les dégouts insignes de se rendre compte combien ils se vautrent. Et encore et encore. Se vautrent… Ces empilements constituent ce qui fut nommé « macronisme » et doit se voir chassé de partout : « J’ai vu les caisses noires des ministères exonérées d’impôts, les frais d’intendance éhontés enfler toute honte bue, chauffeurs et gardes du corps à vie et retraites cumulées replètes, rétro-commissions sur des marchés d’état, des avions équipés comme des palaces volants, des jets sur le tarmac prêts à décoller au moindre caprice ou quand tsunamis, tremblements de terre et autres catastrophes permettaient d’appeler les hordes de photographes, après être passé en vitesse chez le coiffeur et le couturier branché, pour se faire immortaliser au pied d’un jet avec un sac de riz sur le dos. »…Des entassements de cochonneries, des vies ratées de malfrats permanents, des actes manqués réussis, la galerie des horreurs qui ne ferme jamais… L’argent fou rend vraiment fous, faut arrêter cette dangereuse viralité. 600 milliards d’euros de jetés par les fenêtres pour une…inexistante épidémie. Et zéro euro contre la si Toxique pandémie des…corrompus…aux contaminations maximales par cas contacts. Faut confiner fermement mais uniquement ces corrompus inguérissables… : « J’ai vu des soutes en provenance d’Afrique garnies de billets de banque et des coffres de voitures transformés en caverne d’Ali Baba pour distribution d’argent à grande échelle, des contrats d’État passés aux mains des filous, des comptes bien cachés dans des pays aux lagons bleus, (…) » L’atroce revers de la vie inacceptable des corrompus est leurs ultras violences. Ultras violences qu’avec des circonstances aggravantes. Pas de circonstances atténuantes. Voyons pourquoi plutôt : « J’ai vu des enfants éventrés, des femmes violées, lapidées, torturées. J’ai vu un avion avec une croix rouge sur son flanc porter secours à des populations africaines affamées en leur tirant dessus, et j’ai même vu certains crocodiles bouffer de malheureux témoins encombrants et d’autres tomber des fenêtres, arrêts cardiaques et cancers fulgurants. Toute cette honte, tous ces crimes pour encore plus de Pouvoir et Richesses. »…Que ces 2 mots provoquent de répulsions. Il faut que le pays se gratte de tous ces poux à pouxvoirs. Surtout parce qu’ils sont des sommets… « Un monde aux mains de la Finance Internationale, pour maintenir, verrouiller le système, protéger une visible anti-élite et asservir les peuples en les abrutissant et en les dépravant en inversant les valeurs ! Nous leur donnons une once de pouvoir et ils perdent tout sens commun. Et plus on monte dans la hiérarchie, plus ils s’en donnent à cœur triste, perdent le sens des réalités et franchissent allègrement et sans états d’âme …l’inacceptable. Et au plus haut niveau de la pyramide ils n’ont plus rien d’humain. Ce sont des monstres. »…Le qualificatif est tout à fait adapté…le pays doit refuser et dans la seconde la présence de ces monstrueux…antihumains. De ces loques des immoralités (…) Comment osent-ils se poser en donneurs de leçons, parler de probité, d’intégrité, de franchise, quand se multiplient leurs égarements et que les affaires de corruption et autres méfaits les éclaboussent ?(…) tout dépend maintenant du pouvoir de résistance et de révolte des peuples. »…Intact, en phase de se dérouiller, pour finir flambant neuf !! « Et les grands argentiers de la planète et leurs marionnettes nous font clairement comprendre que seuls comptent leurs profits (ces inacceptables …enfantillages qui ne tiennent pas un seul référendum !), que le bien-être des citoyens n’a aucune espèce d’importance. Nous sommes tous sacrifiés sur l’autel putréfié des profits (la mort). Depuis ces dernières décennies tout fut mis en œuvre pour nous anéantir. Et la télévision et les médias aux ordres ont participé à cet abrutissement de masse qui nous a conduits à l’impuissance en nous lavant le cerveau. Il est urgent que tous les citoyens se réveillent et reprennent en main leur pays, leur souveraineté et éliminent cette… vermine financière (le mot est impeccablement choisi : plus un seconde ne doit être supportée la mine de ces vermines !) afin de réinjecter dans les caisses des états pour le bien collectif, les incroyables fortunes détournées par une poignée de mafiosi sans foi ni loi et dangereux (que de si visqueux personnages !!). Il faut bien prendre conscience que, quels que soient votre bord politique ou votre conception de la vie, si vous ne faites pas partie de leur ANTI-élite, vous serez broyés (Christine Deviers-Joncour). »…brrrrrr… Broyons donc de la joie lumineuse et laissons ces monstres hideux disparaître sur leur tas d’immondices ! Ils ne font vraiment pas partie de l’Humanité. Ce pourquoi aucun problème ne s’élèvera à…nous passer d’eux… 2 – La technopolice c’est imposer l’unique technocratie fanatique comme structuration de la société : pire donc que de fliquer les honnêtes gens ! Technopolice-l’escroquerie-du-citoyennisme-numérique-par-pmo-et-tomjo- Oui oui toujours tout RENOMMER. Tant ont les idées de travers. Voir très à l’envers. Ici que la « police internet » ce n’est Pas fliquer les autres…mais ne laisser comme unique issue que…la surtechnologie. Ce qui n’est pas la même chose. Voir de près pourquoi : « Toutes sortes d’associations, de think tanks et d’ONG, grenouillent dans le marigot de «l’informatisation citoyenne», chacune dans sa spécialité : le cyberminimalisme pour le Droit à la déconnexion (collectif « Lève les yeux ») ; le numérique inclusif et bienveillant envers les seniors, les migrants ou les femmes (We tech care, Femmes@numérique, secrétariat d’État au numérique) ; le numérique social contre « l’illectronisme » (Emmaüs Connect, Le Coup de main numérique) ; la green tech (Shift Project, Ademe, Usbek & Rika). Selon la QDN, la smart city ne serait en fait qu’une safe city, aux effets, certes funestes, mais limités (quelle propagande sénile s’enlisant pitoyablement dans ses propres dénis des réalités – comment un Totalitarisme peut se prétendre « limité ») : « Renforcement des formes de discrimination et de ségrégation, musellement des mouvements sociaux et dépolitisation de l’espace public, automatisation de la police et du déni de justice, déshumanisation toujours plus poussée des rapports sociaux.»…Bbbrrr, cela ne doit pas être agréable de vivre dans ces têtes-là. Celles qui corrompent les concepts, sèment la mort dedans et poursuivent, si hideusement, tout ce qui est vie… « En réduisant le sens du mot « technopolice » au seul maintien de l’ordre public par des moyens technologiques (QR code, caméras, reconnaissance faciale, etc.), la QDN réduit également la critique des technologies…à la seule critique du sécuritaire (ce qui appartient au vice chevillé au corps ! Les flicards de l’esprit disent nous ne sommes pas des flicards de l’esprit ! Ils sont quoi alors ?). Son objectif étant de trier le bon grain numérique de l’ivraie despotique, et de nous vendre frauduleusement un « Internet libre ». Oui libre de toute…liberté concrète. Quels crassous ces faux jetons, hein… « Or la police n’est pas d’abord « la force publique », mais « le gouvernement » (en grec « pilotage » au moyen du « gouvernail », du « gouverneur », etc.), « l’organisation rationnelle de l’ordre public », de la cité (polis), ou de certaines de ses activités (les jeux, les mœurs, les marchés, etc.). L’organisation de l’ordre public n’est pas le maintien de l’ordre public, qui mobilise parfois la force publique – par exemple les archers scythes à Athènes, des esclaves d’État en charge de la police urbaine – mais…l’agencement de ses organes au sein de l’organisme collectif (la cité), suivant leurs fonctions, leurs capacités, et leurs évolutions. Et ainsi la technopolice n’est pas le flicage des citoyens (les seules apparences qui trompent…) par des moyens technologiques, mais l’organisation technocratique totalitaire de la cité. »…Et, ainsi, voudraient-ils nous dissimuler que le « tout numérique » c’est le rapt des libertés fondamentales (et il n’y a donc plus rien à « fliquer » !). Et nous égarer ou garer dans des luttes qui ne servent à rien. Pas très amical tout ça…Rejeter avec force le tout numérique cela est un réel combat…Véridique : l’organisation technocratique totalitaire de la société nous connaissons déjà. Nous subissons bien assez les technocrates cruels et inhumains, irrespectueux et incultes, détraqués et aveuglés, pour savoir qu’ils sont…pires que la police. Ce qui paraissait si impossible… Ce sont eux le viral qu’il faut…virer ! 3 – L’Afrique ou la bonne hygiène collective ? La preuve : le Covid ne l’a presque pas atteinte…Renommer encore, mais par les réalités vécues. 2 images qui ne sont pas, malheureusement, passées dans un certain nombre de têtes. Un gosse de riche trop protégé se voit aseptisé à… mort. Trop de douches nuit à la santé. Détruisant les immunités naturelles de la peau. Trop de détergents nous débouclent l’essentiel. Clairs affaiblissements de tout le système d’immunité naturelle. Et puis les gosses lâchés à l’extérieur, qui te ramassent des trucs parterre, vont partout, se touchent de leurs mains « sales », se passent des objets non…aseptisés. Oui ils s’auto-immunisent impeccable, en fait. Se mélangent avec ce qui (à petites doses journalières) permet à leurs corps de provoquer des anticorps. La phylogenèse (l’histoire de l’humanité) suit exactement ces descriptifs. Les ontogenèses reflètent, ensuite, ces faits flagrants. En voici une preuve si…inattendue : face au Covid l’Afrique est déjà Immunisée. Son immunité naturelle y est impeccable et pas celle des « crassous » de bourgeois. Et les « pauvres » riches se prouvent donc si démunis ayant stupidement tant combattus leurs immunités naturelles (toute une bien « mauvaise » éducation à refaire non ?). Pas sérieux ces égarés. Voyons surtout les détails du « miracle » L’avantage-de-l’Afrique-les-vraies-raisons-pour-lesquelles-les-pays-sous-développés-ne-sont-pas-touchés-par-le-covid- « Ils ont expliqué que l’assainissement moderne peut entraîner un manque de …biodiversité dans le corps humain et que cette diversité aide le système immunitaire à ne pas réagir de manière… excessive aux infections virales ou bactériennes (le fanatisme occidental y nuit carrément !). » Selon ces chercheurs, l’absence de vers intestinaux, également connus sous le nom … d’helminthes, chez les habitants des pays à revenu élevé compromet leur santé, les rendant plus vulnérables aux infections graves du COVID (tels sont donc pris qui croyaient prendre !!). Si une bonne hygiène est importante pour arrêter la propagation des maladies infectieuses, tous les effets de l’hygiène ne sont pas bénéfiques (par exemple faire couler une douche sur la peau et ne pas se décrasser énergiquement avec gants, éponges ou autres et savons…n’est pas sain. Pas besoin de douches pour bien se laver, au final. Les putréfiées apparences (oui la pub voyou qui fait tant de Dégâts) sont nos pires ennemies !). En fait, une hygiène excessive peut rendre les gens plus… sensibles à certaines maladies auto-immunes, selon l’hypothèse de l’hygiène qui a été proposée pour la première fois dans le British Medical Journal par un épidémiologiste britannique, le Dr David Strachan, à la fin des années 1980. »…Ouais et par le simple bon sens aussi. Réfléchis un peu par toi-même et tu le verras bien…Ose ! « Bien que le point de vue conventionnel soit que les vers commensaux comme les helminthes sont seraient des parasites pathogènes sans aucun avantage, des preuves émergentes suggèrent que les vers intestinaux sont essentiels au développement de notre… fonction immunitaire et donc de notre santé globale (ou l’aveuglement par les spécialités. Le corps découpé selon ces…aveuglements spécialistes, ne permet pas une santé Globale !! C’est le bon sens qui le dit.) « Comme l’a souligné le Dr William Parker, immunologiste et expert en vers symbiotiques, dans un article de 2016, ils peuvent « sembler grossiers », mais les helminthes sont responsables de la stimulation de l’organisme à produire des molécules anti-inflammatoires et de la stimulation de la construction d’une immunité saine. »…On croyait que les africains avaient le…pire. En fait notoire, ils auront reçu le meilleur. Collectivement. Comme quoi les avides corrompus du fric des autres…sont des fous absolument complets. Qui ne peuvent que perdre sur tout, surtout sur tout… « M. Parker est l’un des coauteurs de l’article de 2021 dans lequel les chercheurs expliquent en détail comment la perte d’helminthes dans l’organisme en raison d’un …excès d’hygiène peut entraîner une susceptibilité aux maladies inflammatoires chroniques telles que les troubles auto-immunes et les allergies (‘en plein dedans !). Cela pourrait expliquer pourquoi les taux de morbidité et de mortalité liés au COVID-19 sont tellement plus élevés dans les pays « prétendus » développés où les maladies auto-immunes et la « déplétion du biome » sont courantes. »…Comme quoi ils ne sont pas « développés » dans la conscientisation surtout…aucune intelligence…pratique. Ce que l’on pratique pour vivre, en fait. « L’épuisement du biome fait référence à un manque de… diversité (biodiversités) des organismes présents chez l’homme, qui comprennent nos propres cellules humaines, ainsi que des bactéries, des champignons, des parasites animaux et des protistes. » Darwin le disait fortement que l’uniformité est cassante et rigide comme du bois mort et que seule la diversité (« souple et inventive ») Aime la vie …Affirmation reprise par Bakounine. Hein ? Purée, ils n’ont Jamais écouté…personne de Grand ! Personne. « Ces scientifiques émettent l’hypothèse que la principale raison pour laquelle le COVID-19 n’a pas touché les pays africains est qu’une majorité de la population (donc majorité qui « immunise » les autres !) d’un pays comme le Niger cohabite avec des helminthes et que ces helminthes empêchent les effets néfastes majeurs du virus. Des résultats améliorés grâce à l’ivermectine. Une autre raison pour laquelle l’Afrique s’en sort tellement mieux que l’Europe et l’Amérique pourrait être l’utilisation généralisée de l’ivermectine, . La distanciation sociale nuit à nos systèmes. La distanciation sociale était une autre mesure courante démente mise en place pour ralentir la propagation du COVID-19 en Europe et en Amérique, mais elle était pratiquement… inconnue dans de nombreux pays africains. Comme quoi la vie est indissociable du sociable. C’est écrit dedans. Le Dr Byram Bridle, immunologiste de l’Université de Guelph au Canada, a déclaré à un journaliste du Guardian que l’isolement social des enfants limite leur exposition au monde naturel, qui… regorge de microbes qui aident le système immunitaire à se renforcer. Les isoler a bien pour nom…les assassiner…assez assez que les ignorants (déguisés en braillards arrogants) dirigent quoi que ce soit… Les personnes contraintes de s’isoler socialement manquent de microbes et risquent davantage de souffrir d’une série de maladies inflammatoires lorsqu’elles sortent… de l’isolement. C’est ce qu’a constaté le Dr Thomas Murray, professeur de pédiatrie à Yale et spécialiste des maladies infectieuses. Comme l’indique un récent article du New York Post, Murray et d’autres chercheurs constatent une augmentation étonnamment élevée des virus respiratoires… à la suite des confinements affaiblissements voulus et des fermetures d’écoles de 2020 et 2021. La distanciation sociale, semble-t-il, a conduit les enfants à subir des infections virales et bactériennes plus… graves. Inexcusables…et ces corrompus pourris veulent…continuer. L’isolement social n’a pas permis d’arrêter la propagation du COVID-19 en Europe ou aux États-Unis. Mais forcer les humains – enfants et adultes – à s’isoler a eu des effets négatifs sur notre bien-être physique et émotionnel. » Avec les corrompus tout est tellement plus…invivable… Or tout a une fin. Même les délires putréfiés des faux dirigeants ont une fin.",Voir les corrompus bien en face,"Title: Seeing the Corrupts Face to Face

Text: When the bourgeois era becomes a real public danger. They ""forget"" to reason, can you believe it? Reasoning is about bringing solutions into clarity for everyone. And putting them... plainly. The bourgeoisie, with their messy ways, is more like a filthy mess of work. Thus, memory achieves great successes: we highlighted two facts. First, that ""genetic history,"" over the long term, can favor the most overlooked and plundered classes—something that seems to go against common sense. Second, that children of bourgeois inherit the tendential weakening of their parents' natural immunity (viewed this way, Covid would be a ""luxury"" disease). According to data from the time when this thread was uncovered, in 2022, it must be admitted that Africa is almost unaffected by Covid. The causes lie in what we have just outlined.

Now, we delve into the direct origins of the accelerated decline of the West (every day, its false leaders appear even more foolish and dazed). Yes, we can summarize: the tolerance of corruption abuses is the main cause of the West’s mental health deficit. Remember that ""corruption"" belongs to... death. Putrefaction of flesh = loss of all reasoning sense. Letting death lead society cannot be considered... sensible. The beastly rejection of health measures against the corrupts has broken the West’s old chances. Which ones? Always self-criticism. And bouncing back on its own weaknesses. And—because of the corrupts—in 2022, it’s only about their constant self-praise, based on nothing concrete. And it is, at this point, their unchallenged weak points that dominate: look at their narcissisms; these more-than-childish character diseases. Yes, the weakness that will destroy them (since their psychorigidities of arrogant fools prevent change) is: They only want to appear as what they are not. And disguise themselves as fierce defenders of the Republic’s values. Yes, their worst enemy: the private sector in all its hideousness. Compulsive lesson-givers and character irritants. They only live through insults and calumnious devaluations of others. Like all sects or those who believe themselves... divine vanguards. A civilized person proves it through civility. They are just thugs of disgusting rudeness. The corrupted, putrefied ones. They also","Titre : Voir le visage des Corrompus en face

Texte : Lorsque l’ère bourgeoise devient un véritable danger public. Ils « oublient » de raisonner, pouvez-vous le croire ? Raisonner consiste à apporter des solutions en toute clarté pour tous. Et à les exposer... simplement. La bourgeoisie, avec ses manières désordonnées, ressemble davantage à un tas de saleté de travail. Ainsi, la mémoire réalise de grands succès : nous avons mis en évidence deux faits. D’abord, que l’« histoire génétique », sur le long terme, peut favoriser les classes les plus négligées et pillées—ce qui semble aller à l’encontre du bon sens. Ensuite, que les enfants de bourgeois héritent du affaiblissement tendanciel de l’immunité naturelle de leurs parents (vu ainsi, le Covid serait une maladie « de luxe »). Selon les données de l’époque où ce fil a été découvert, en 2022, il faut admettre que l’Afrique est presque épargnée par le Covid. Les causes résident dans ce que nous venons de souligner.

Maintenant, nous approfondissons les origines directes du déclin accéléré de l’Occident (chaque jour, ses faux dirigeants apparaissent encore plus ridicules et hébétés). Oui, nous pouvons résumer : la tolérance aux abus de corruption est la principale cause du déficit de santé mentale de l’Occident. Rappelez-vous que « corruption » appartient à... la mort. La putréfaction de la chair = perte de tout sens de la raison. Laisser la mort diriger la société ne peut pas être considéré... comme raisonnable. Le rejet bestial des mesures sanitaires contre les corrompus a brisé les anciennes chances de l’Occident. Lesquelles ? Toujours l’autocritique. Et rebondir sur ses propres faiblesses. Et—à cause des corrompus—en 2022, il ne s’agit que de leur auto-plaissance constante, basée sur rien de concret. Et c’est, à ce stade, leurs points faibles incontestés qui dominent : regardez leur narcissisme ; ces maladies de caractère plus que infantiles. Oui, la faiblesse qui les détruira (puisque leurs psychorigidités d’imbéciles arrogants empêchent le changement) est : ils"
https://ripostelaique.com/honte-a-la-societe-francaise-qui-a-permis-la-suspension-des-soignants.html,1,1,1,0,1,1,1,1,0,"Titre :Honte à la société française, qui a permis la suspension des soignants texte : ﻿ On annonce donc que les soignants non vaccinés, suspendus depuis 18 mois, vont être réintégrés. Retour sur le plus grand scandale d’après-guerre subi par des salariés, avec la complicité de la majorité de la population française.","Honte à la société française, qui a permis la suspension des soignants","Title: Shame on French society, which allowed the suspension of healthcare workers

Text: It is announced that healthcare workers who are unvaccinated and have been suspended for 18 months will be reinstated. A look back at the biggest scandal faced by employees since the war, with the complicity of the majority of the French population.","Titre : Honte à la société française, qui a permis la suspension des professionnels de santé

Texte : Il est annoncé que les professionnels de santé non vaccinés, suspendus depuis 18 mois, seront réintégrés. Retour sur le plus grand scandale auquel ont été confrontés les employés depuis la guerre, avec la complicité de la majorité de la population française."
https://ripostelaique.com/les-faux-culs-par-ailleurs-va-t-en-guerre-ca-suffit.html,1,1,1,0,1,0,1,1,0,"Titre :Les faux-culs, par ailleurs « va-t-en guerre », ça suffit ! texte : Les informations incessantes distillées sur les ondes radio, dans les journaux et à la télévision ne cessent de nous inonder d’informations plus détestables les unes que les autres concernant le conflit en Ukraine.Tous les commentaires vont invariablement dans le même sens : Poutine est un monstre, Zelensky un héros et il faut soutenir sans aucune réserve les Ukrainiens, quitte à ce que tout cela se finisse par un gigantesque conflit pouvant être nucléaire. Dans tous les débats sur les médias, français (et étrangers), il n’y a que des personnes pro-Zelensky et pro-Ukraine. Jamais aucun représentant russe ne peut exposer son point de vue.Pourtant, à ma connaissance, il existe toujours une ambassade de Russie à Paris. Les médias pourraient sans problème faire une place à l’un de ses représentants.Ce serait de l’information, donnant la parole aux deux camps et laissant l’auditeur, le lecteur ou le téléspectateur se faire une opinion.Mais non, nous n’avons droit qu’à du « journalisme » de propagande avec une seule des parties, autorisée à s’exprimer. C’est insupportable ! Je prends donc la plume pour « pousser un coup de gueule » et à cette occasion rétablir quelques vérités, ce qui implique de remonter un peu en arrière dans le temps, afin de resituer le débat. En 1989, le mur de Berlin s’effondre. Événement historique au plein sens du terme.Que va-t-il se passer ?Jusqu’à ce jour, il y avait deux blocs, l’est et l’ouest. Mais maintenant ?Que va devenir l’Allemagne, coupée en deux ? Que va devenir le Pacte de Varsovie ? Gorbatchev qui présidait à l’époque l’URSS et le bloc soviétique, mène en 1990-1991 des discussions avec les principaux pays du bloc de l’ouest. Notamment, les USA, la Grande-Bretagne, la France et l’Allemagne. Il accepte que l’Allemagne soit réunifiée à condition que les autres pays du pacte de Varsovie soient transformés en zone tampon, dans laquelle l’OTAN s’engage à ne pas installer de base militaire.Les pays sus-cités acceptent cette proposition, mais aucun document officiel écrit n’est signé. Ces faits ont été confirmés récemment, sur Sud-Radio, sans aucune équivoque, par Roland Dumas, qui a été l’un des négociateurs à l’époque. Que constate-t-on aujourd’hui ? L’Ukraine n’est devenu un pays «indépendant» qu’en 1991, dans le cadre de ces accords entre grandes puissances.L’OTAN n’a pas respecté ses engagements et a installé des base militaires dans plusieurs pays de l’ancien pacte de Varsovie.La Russie a le droit de considérer que cela représente une menace pour son territoire et son existence d’avoir des missiles installés à quelques encâblures et pointés vers son territoire. Faut-il rappeler à tous nos faux-culs va-t-en guerre et donneurs de leçons de morale qu’en 1962, Khrouchtchev s’est mis en tête d’installer à Cuba des missiles nucléaires.Kennedy, s’est montré intraitable et a exigé le retrait sans condition de ces missiles à Cuba car cela constituait une menace insupportable pour les USA.Le monde occidental l’a soutenu. La tension était telle à l’époque qu’on a réellement frôlé la 3e guerre mondiale… nucléaire.Finalement, Khrouchtchev a capitulé et retiré ses missiles. Pourquoi ce qui était compréhensible en 1962 pour les USA ne l’est plus en 2022 pour la Russie ? Car c’est bien un problème du même type dont il est question aujourd’hui.Si l’Ukraine rejoint aujourd’hui l’OTAN et l’Europe, l’installation de bases de l’OTAN s’y trouvera posée.Elle ne seront pas à quelques centaines de km, comme à Cuba, mais à la frontière même de la Russie. Qui ne comprend pas que pour la Russie, cette menace est inacceptable ? D’autant que les accords passés en 1991, promettant de ne pas installer de base de l’OTAN, ont été rapidement violés par la dite OTAN, c’est à dire en réalité par les USA qui en tirent les ficelles. Autre point, les accords de Minsk, signés en 2015. Jamais appliqués notamment du fait du refus de l’Ukraine.Il était notamment prévu dans cet accord que les républiques de Lougansk et Donetsk accèdent à l’autonomie.Depuis 2014, l’Ukraine mène une guerre sans relâche contre le Donbass à majorité russophone. Conflit qui a fait au bas mot 13.000 morts du côté russophone.Où étaient tous nos vertueux commentateurs qui accablent aujourd’hui Poutine et la Russie ?Pourquoi à l’époque n’ont-ils pas fait des émissions quotidiennes pour dénoncer la sale guerre menée par l’Ukraine contre ces populations et le refus de Kiev de respecter les accords de Minsk, signés entre autres par la France et l’Allemagne ? Qui ne comprend pas que cette attitude de Kiev est inacceptable pour la Russie ? De plus, les services secrets russes on vite appris qu’une invasion du Donbass par l’Ukraine était prévue pour le début Mars.En réponse, Poutine a massé environ 150.000 soldats à la frontière. Il n’a pas attendu l’invasion ukrainienne pour réagir et est intervenu fin février. Certes, la guerre est toujours la pire solution. Et à moins d’être fou, personne ne peut se satisfaire de ce conflit armé.Mais à un moment donné, lassé de constater que tous les accords et engagements sont violés, Poutine n’est-il pas en droit de dire : «Maintenant, ça suffit. Vous ne pouvez pas éternellement vous comporter ainsi avec la Russie». A la limite on serait même en droit de dire qu’il en fallu beaucoup avant qu’il ne tape du poing sur la table. Maintenant, s’agissant de l’Ukraine, il faut cesser de nous prendre pour des perdreaux de l’année.L’Ukraine est un des pays les plus corrompus de la planète. Le si gentil M. Zelensky est connu pour avoir des comptes off-shore où il planque l’argent qu’il détourne.Par ailleurs, c’est lui aussi un faux-cul et un Tartuffe de première, sans aucune limite.Ainsi, il demande au monde entier de refuser des visas aux russes. Mais il se trouve que la presse l’a pris la main dans le sac, la même semaine, à louer l’une de ses nombreuses villas de luxe, celle-là en Italie, à… des Russes.Pour 50.000 $ la semaine. C’est ça le « Monsieur propre » qui donne des leçons de morale à la terre entière et qui est en permanence glorifié par tous nos commentateurs ?Mais là, une fois de plus, aucun de nos commentateurs si «objectifs» ne dit rien ! Honte à eux. Et puis, cerise sur le gâteau, rappelons aussi que l’Ukraine est connue pour être l’un des pays en pointe pour la GPA. C’est à dire l’ignoble marchandisation des corps, si chère à nos «minorités sexuelles» qui en réclament d’ailleurs la légalisation en France et ailleurs.Là aussi… silence absolu de tous nos moralistes vendus au wokisme et aux revendications des minorités sexuelles. Quelle hypocrisie généralisée … ! Enfin, passons à l’Europe.Nos bien-pensants, qui comme nous l’avons vu sont les véritables responsables du chaos dans lequel nous sommes tombés, se déguisent en «père la vertu».C’est à qui inventera les pires sanctions contre la Russie afin de «ne pas aider Poutine à financer la guerre». Ce faisant, il ne font que démontrer leur insondable stupidité.D’abord, l’Europe a lié le prix de l’électricité au prix du gaz. Là c’était un mauvais coup des Allemands contre la France qui produisait une électricité en abondance et pas chère grâce à son parc nucléaire, au moment où l’Allemagne ayant renoncé au sien, dépendait en quasi totalité du gaz et du charbon pour produire son électricité. Elle n’acceptait pas que la France fasse des bénéfices dans ce domaine et soit en position de force. Avec la guerre en Ukraine, face aux sanctions, la Russie a menacé de limiter les livraisons de gaz à l‘Allemagne, qui en dépend à 100 %, puis est passée aux actes.Résultat : flambée des prix du gaz, donc de l’électricité, ainsi que du pétrole.Panique à bord… comment va-t-on se chauffer cet hiver ? Eh oui, quand on s’attaque à la Russie, il ne faut jamais oublier le « général Hiver ».Napoléon s’y est cassé les dents. Tout comme Hitler lorsqu’il a attaqué l’URSS durant la seconde guerre mondiale.L’Europe va bientôt l’apprendre à ses dépends.Mais, sans attendre les mois les plus froids, l’Europe s’est déjà plongée dans une monumentale crise économique dont personne ne sait comment on va pouvoir en sortir.Crise dont l’Europe porte l’entière responsabilité puisqu’elle est consécutive aux mesures de rétorsion décidées contre la Russie, sans aucune réflexion sérieuse, et dont nous sommes de facto les premières victimes.Quels stratèges ces «chefs» européens… ! Chapeau l’artiste… ! Par ailleurs, il convient aussi de souligner l’incroyable récente intervention de Mme Von der Layen qui s’autorise à déclarer que si l’Italie élit Mme Meloni, des sanctions sont déjà prêtes pour frapper ce pays comme l’Europe l’a fait pour la Pologne et la Hongrie. Là encore, les commentateurs auraient dû hurler au scandale. Mais à nouveau… silence. Vendus qu’ils sont à la cause mondialiste et européiste.Pourtant, Mme Von der Layen n’est élue par personne. De quel droit ose-t-elle menacer un peuple au moment où celui-ci va voter ?C’est une ingérence inadmissible dans les affaires internes de l’Italie. Les Italiens ne sont ils pas assez intelligents et responsables pour savoir quel bulletin mettre dans les urnes ?En menaçant les citoyens de ce pays, Mme Von der Layen nous confirme que l’Europe est une construction totalement anti-démocratique, qui n’a que faire de l’opinion des nations membres.L’Europe est une machine de guerre contre la Démocratie et le droit des peuples à disposer d’eux-mêmes ! Dans le même registre, il faut dénoncer la politique va-t-en guerre de l’Europe, qui en la circonstance n’est que le faux-nez de l’OTAN donc des USA. Qui plus est la politique de l’Europe est décidée par des bureaucrates hors-sol parlant au nom des peuples, sans aucun mandat, mais dont les peuples vont devoir subir les conséquences.Ce qui est certain, c’est que la Russie ne s’arrêtera pas. Et elle dispose de moyens considérables. Il fallait comprendre à temps qu’à force de tirer sur la corde celle-ci finirait par casser.Nos grands stratèges n’ont pas compris que ce n’est pas la Hongrie ou la Pologne qu’ils avaient en face d’eux.Habitués qu’ils sont à taper sur les doigts et d’envoyer au coin ceux qui ne marchent pas droit, ils ont cru pouvoir faire la même chose avec Poutine.Mauvaise pioche… Nous sommes maintenant dans un joli bourbier. Reste la seule solution intelligente : arrêter d’armer et de soutenir le triste Zelensky et convoquer une conférence internationale pour la paix afin de trouver une solution négociée pour mettre fin à ce terrible conflit.Mais cette fois, il faudra accepter de négocier avec Poutine, le prendre au sérieux et… respecter l’accord qui sera trouvé.Si cette solution n’est pas mise en œuvre rapidement, nul ne sait comment l’affaire se conclura.Mais les risques sont grands que ce soit de manière dramatique. Bernard Germain","Les faux-culs, par ailleurs « va-t-en guerre », ça suffit !","Title: The Hypocrites, Also ""Warmongers,"" Enough!

Text:  
The incessant flow of information broadcast on radio waves, in newspapers, and on television continues to flood us with more and more detestable details about the conflict in Ukraine. All comments invariably follow the same line: Putin is a monster, Zelensky is a hero, and we must support the Ukrainians unreservedly, even if it all ends in a gigantic conflict that could be nuclear. In all media debates, whether French or foreign, there are only pro-Zelensky and pro-Ukraine voices. No Russian representative can ever present their point of view.  

However, to my knowledge, there is still a Russian embassy in Paris. The media could easily make space for one of its representatives. That would be real journalism—giving voice to both sides and allowing the listener, reader, or viewer to form their own opinion. But no, we are only given propaganda journalism, with one side allowed to speak. It’s unbearable!  

So I am taking up the pen to ""voice my outrage"" and, on this occasion, to set some truths straight, which requires going back a bit in time to contextualize the debate.  

In 1989, the Berlin Wall falls—an event of historic significance in the full sense of the word. What will happen next? Until then, there were two blocs: East and West. But now? What will become of Germany, split in two? What about the Warsaw Pact?  

Gorbachev, who was then presiding over the USSR and the Soviet bloc, engaged in discussions in 1990-1991 with the main Western countries, notably the USA, Great Britain, France, and Germany. He agreed that Germany would be reunified, provided that the other Warsaw Pact countries were transformed into buffer zones, within which NATO would commit not to establish military bases.  

The aforementioned countries accepted this proposal, but no official written document was signed. These facts were recently confirmed, unequivocally, on Sud Radio by Roland Dumas, who was one of the negotiators at the time.  

What do we observe today? Ukraine only became an ""independent"" country in 1991, within the framework of these agreements among major powers. NATO did not respect its commitments and installed military bases in several former Warsaw Pact countries.  

Russia has the right to see this as a threat to its territory and existence—missiles installed just a","Titre : Les Hypocrites, aussi appelés « Guerriers de la guerre », Assez !

Texte :  
Le flux incessant d’informations diffusées par ondes radio, dans les journaux et à la télévision continue de nous submerger avec de plus en plus de détails détestables sur le conflit en Ukraine. Tous les commentaires suivent invariablement la même ligne : Poutine est un monstre, Zelensky est un héros, et nous devons soutenir les Ukrainiens sans réserve, même si cela se termine par un conflit gigantesque pouvant être nucléaire. Dans tous les débats médiatiques, qu’ils soient français ou étrangers, il n’y a que des voix pro-Zelensky et pro-Ukraine. Aucun représentant russe ne peut jamais présenter son point de vue.  

Cependant, à ma connaissance, il existe encore une ambassade russe à Paris. Les médias pourraient facilement faire place à l’un de ses représentants. Ce serait un vrai journalisme—donner la parole aux deux côtés et permettre à l’auditeur, au lecteur ou au spectateur de se faire sa propre opinion. Mais non, on ne nous donne que du journalisme de propagande, avec un seul camp autorisé à s’exprimer. C’est insupportable !  

Je prends donc la plume pour « exprimer mon indignation » et, à cette occasion, remettre quelques vérités en place, ce qui nécessite de remonter un peu dans le temps pour contextualiser le débat.  

En 1989, le Mur de Berlin tombe—un événement de portée historique à tous points de vue. Que va-t-il se passer ensuite ? Jusqu’alors, il y avait deux blocs : l’Est et l’Ouest. Mais maintenant ? Que va devenir l’Allemagne, divisée en deux ? Qu’en est-il du Pacte de Varsovie ?  

Gorbatchev, qui présidait alors l’URSS et le bloc soviétique, a engagé des discussions en 1990-1991 avec les principales puissances occidentales, notamment les États-Unis, la Grande-Bretagne, la France et l’Allemagne. Il a accepté que l’Allemagne soit réunifiée, à condition que les autres pays du Pacte de Varsovie soient transformés en zones tampons, dans lesquelles l’OTAN s’engagerait à ne pas établir de bases militaires.  

Les pays mentionnés ont accepté cette proposition, mais aucun document officiel écrit n’a été signé."
https://ripostelaique.com/lola-assassinee-la-reponse-des-juges-8-mois-de-taule-pour-thais.html,1,1,1,0,1,0,1,1,1,"Titre :Lola assassinée, la réponse des juges : 8 mois de taule pour Thaïs ! texte : ﻿ L’institut pour la Justice organisait donc un rassemblement place Denfert-Rochereau, pour rendre hommage à Lola, assassinée par une Algérienne en situation irrégulière qui aurait dû être expulsée de France depuis trois ans. Regardez, sur ce magnifique reportage de Vincent Lapierre, les réactions de la rue, dans le quartier où vivait Lola, devant le laxisme de l’Etat, et notamment de la justice. L’occasion justement de commenter quelques récentes décisions de justice. D’abord une bonne nouvelle : notre grand ami Pierre Serne, qui se vantait partout, sur les réseaux sociaux, de nous avoir fait condamner à 6 000 euros d’amende et de dommages et intérêts, a été débouté de sa plainte, suite à notre appel. Mais, n’ayant aucun problème d’argent, il se pourvoit en cassation, ce qui va nous coûter encore de l’argent ! Par contre, un véritable scandale judiciaire, la condamnation de Thaïs d’Escufon, ancienne porte-parole de Génération Identitaire, et d’un autre militant, à 8 mois de prison avec sursis, pour avoir occupé quelques minutes les locaux de SOS Méditerranée, à Marseille, et déployé cette banderole. En outre, ils ont été condamnés à payer, entre les amendes et les dommages et intérêts, l’exorbitante somme de 91 426 euros. Il est vrai que la Justice du Yéti avait réussi à coller un procureur qui s’appelle Ahmed Chafaï, qui a requis des peines ahurissantes de manière partisane. Dossier complet sur le site Fdesouche. Conclusion : coupable d’un laxisme judiciaire criminel, notamment avec l’immigration clandestine que provoque SOS Méditerranée et toutes les associations à migrants, les juges du Yéti condamnent des militants comme Thaïs, coupable de dénoncer ce qui a provoqué la mort de Lola. Et pendant ce temps-là, les antifas… Des antifas à la manif de Lolapic.twitter.com/wTalqXK7Ef — Georges Jordito (@JordiPasAlba)October 20, 2022 Bravo les juges !","Lola assassinée, la réponse des juges : 8 mois de taule pour Thaïs !","Title: Lola murdered, the judges' response: 8 months in prison for Thaïs!

Text: The Institute for Justice organized a rally at Place Denfert-Rochereau to pay tribute to Lola, who was murdered by an Algerian woman in an irregular situation that should have been deported from France three years ago. Watch this excellent report by Vincent Lapierre to see the reactions from the street, in the neighborhood where Lola lived, regarding the state's laxity, especially the justice system. This was an opportunity to comment on some recent judicial decisions.

First, some good news: our good friend Pierre Serne, who boasted everywhere on social media about having caused us to be fined 6,000 euros and ordered to pay damages, was dismissed from his complaint following our appeal. However, since he has no financial issues, he is appealing to the Court of Cassation, which will cost us more money!

On the other hand, a real judicial scandal is the sentencing of Thaïs d’Escufon, former spokesperson of Génération Identitaire, and another activist, to 8 months in prison with suspension, for occupying the offices of SOS Mediterranee in Marseille for a few minutes and deploying a banner. Additionally, they were ordered to pay, through fines and damages, the exorbitant sum of 91,426 euros. It’s true that the Yeti’s justice managed to assign a prosecutor named Ahmed Chafaï, who requested astonishingly harsh sentences in a partisan manner. Full case details are available on the Fdesouche website.

Conclusion: guilty of criminal judicial laxity, especially regarding illegal immigration caused by SOS Mediterranee and all migrant associations, the judges of the Yeti condemn activists like Thaïs, who dared to denounce what caused Lola’s death. And meanwhile, the antifas...

Antifa at the demonstration: Lolapic.twitter.com/wTalqXK7Ef — Georges Jordito (@JordiPasAlba) October 20, 2022

Bravo, judges!","Titre : Lola assassinée, la réponse des juges : 8 mois de prison pour Thaïs !

Texte : L'Institut pour la Justice a organisé un rassemblement Place Denfert-Rochereau pour rendre hommage à Lola, qui a été assassinée par une femme algérienne en situation irrégulière qui aurait dû être expulsée de France il y a trois ans. Regardez ce excellent reportage de Vincent Lapierre pour voir les réactions de la rue, dans le quartier où vivait Lola, concernant laxisme de l'État, notamment du système judiciaire. Ce fut l'occasion de commenter certaines décisions judiciaires récentes.

Tout d'abord, quelques bonnes nouvelles : notre bon ami Pierre Serne, qui se vantait partout sur les réseaux sociaux d'avoir causé notre amende de 6 000 euros et l'obligation de payer des dommages et intérêts, a été débouté de sa plainte suite à notre appel. Cependant, comme il n'a pas de soucis financiers, il fait appel devant la Cour de cassation, ce qui nous coûtera encore plus d'argent !

D'autre part, un véritable scandale judiciaire est la condamnation de Thaïs d’Escufon, ancienne porte-parole de Génération Identitaire, et d’un autre militant, à 8 mois de prison avec sursis, pour avoir occupé quelques minutes les locaux de SOS Méditerranée à Marseille et déployé une banderole. De plus, ils ont été condamnés à payer, par amendes et dommages et intérêts, la somme exorbitante de 91 426 euros. Il est vrai que la justice du Yeti a réussi à désigner un procureur nommé Ahmed Chafaï, qui a requis des peines étonnamment sévères de manière partisane. Tous les détails de l’affaire sont disponibles sur le site Fdesouche.

Conclusion : coupables de laxisme judiciaire criminel, notamment en ce qui concerne l’immigration illégale causée par SOS Méditerranée et toutes les associations de migrants, les juges du Yeti condamnent des activistes comme Thaïs, qui ont osé dénoncer ce qui a causé la mort de Lola. Et pendant ce temps, les antifas...

Antifa lors de la manifestation : Lolapic.twitter.com/wTalqXK7Ef — Georges Jordito (@JordiPasAlba) 20 octobre 2022

Bravo, juges !"
https://ripostelaique.com/piotr-tolstoi-si-la-france-ne-parle-pas-allemand-cest-grace-a-nous.html,1,1,1,1,0,1,1,1,0,"Titre :Piotr Tolstoï : Si la France ne parle pas allemand, c’est grâce à nous texte : Piotr Tolstoï, vice-président de la Douma, a récemment été interviewé sur LCI. Voici l’essentiel de ses réponses. Les chars allemands, français, polonais, de toutes façons, seront brûlés par l’armée russe. Cela ne fait que prolonger la guerre et augmenter le nombre de morts. Après les chars, il y aura les missiles et les avions… Nous ne faisons pas la guerre à l’américaine en ciblant les civils. On ne veut pas brûler Kiev, Odessa etc. Mais quand l’ennemi se cache dans les immeubles, comme à Marioupol, il y a forcément des destructions. Mais plus vous armerez l’Ukraine, plus il y aura des villes dévastées. Nous allons brûler les chars Leclerc, la France va franchir une ligne rouge, elle est notre ennemie. Notre but n’a pas changé : démilitariser et dénazifier totalement l’Ukraine. Nous savons ce que vaut la parole des Européens avec les accords de Minsk, que les Français et les Allemands ont sabotés. Nous allons contrôler tout le territoire de l’Ukraine.Nous allons libérer les 20 millions de Russes pris en otages par le régime de Zelensky, qui les prive de leur langue, de leur identité et de leur histoire. Non, on n’a pas connu d’échec en février. L’armée russe a repris l’initiative et avance. Les petits reculs de Kharkov ou Kherson, ce n’est rien à l’échelle de cette guerre. L’armée russe avance lentement pour ne pas sacrifier ses soldats. Les Polonais rêvent. Il n’y aura jamais de désintégration de la Fédération de Russie et la Russie sera voisine de la Pologne. L’Ukraine a toujours fait partie de la Russie. Les Ukrainiens décideront de leur avenir après l’ère Zelensky. Tous les crimes de guerre dont on nous accuse sont des mensonges.On s’en fout du tribunal international.C’est une parodie de justice. Seuls les Serbes ont été condamnés, mais les crimes des Croates et des Bosniaques ont été oubliés. Vous, les Français, ainsi que vos amis Américains ou Anglais, n’avez aucun droit de nous juger. Vous avez déclenché des guerres civiles en Afghanistan, en Irak, en Libye. On se souvient de la fiole brandie par Colin Powell pour envahir l’Irak. Nous, nous voulons libérer nos 20 millions de compatriotes pris en otage par la bande de Zenensky. On va les écraser. La commémoration de la libération d’Auschwitz s’est faite sans inviter les Russes, que vous avez remplacés par une représentation LGBT, c’est bien le signe de votre effondrement moral et de l’hypocrisie occidentale. Je vous rappelle que c’est l’Armée rouge qui a libéré Auschwitz Vous faites tout pour faire oublier que c’est l’Armée rouge qui a gagné la guerre et libéré l’Europe. Les Français ont tenu 40 jours face aux Allemands. Nous, nous avons combattu pendant 4 ans. Ce qui compte, c’est le résultat.Si la France ne parle pas allemand, aujourd’hui, c’est grâce à nous. Je n’aime pas les Anglo-Saxons. Ils ont commis énormément de crimes. Ils n’ont aucune morale. On n’a plus de grands leaders en Europe, comme un Churchill, pour faire un nouveau Yalta. On a des clowns qui veulent écraser la Russie. Nous allons gagner cette guerre et nous verrons si nous pouvons organiser un nouveau Yalta. On analysera les comportements de chaque pays. Vous savez, quand Napoléon nous a agressés, ça s’est terminé à Paris. Quand Hitler nous a agressés, ça s’est terminé à Berlin. Vous avez saboté les négociations et attisé la guerre. Vous allez voir ce que ça va donner. Les Russes, vous ne pouvez pas les arrêter. Vos leaders et vos médias mentent aux peuples. Ils clament que la Russie va perdre la guerre, alors que nous n’avons pas encore commencé. ————————————————- Piotr Tolstoï nous a habitués à un langage de vérité, sans fioritures superflues. Avec lui, c’est un franc- parler qui remet les pendules à l’heure à chaque question posée. Si les peuples européens, qui seront les grands perdants de cette guerre qui n’est pas la leur, avaient la volonté de s’informer et d’écouter un autre son de cloche que le narratif occidental, tissu de mensonges éhontés, nul doute que les opinions publiques calmeraient les ardeurs belliqueuses d’un excité comme Macron ou d’un teigneux comme Scholz. Cela dit, Poutine finira bien par mettre tout le monde d’accord, quand l’équipe de Zelensky sera balayée. Le plus tôt sera le mieux pour éviter des dizaines ou des centaines de milliers de morts supplémentaires. Des morts innombrables, dont Biden et ses vassaux resteront comptables à jamais au regard de l’Histoire. Jacques Guillemain","Piotr Tolstoï : Si la France ne parle pas allemand, c’est grâce à nous","Title: Piotr Tolstoï: If France Doesn't Speak German, It's Thanks to Us

Text: Piotr Tolstoï, Vice President of the Duma, was recently interviewed on LCI. Here are the main points of his responses.

German, French, Polish tanks—regardless of their origin—will be burned by the Russian army. This only prolongs the war and increases the number of deaths. After tanks, there will be missiles and aircraft...

We are not fighting American-style by targeting civilians. We do not want to burn Kyiv, Odessa, etc. But when the enemy hides in buildings, as in Mariupol, there are inevitably destructions. However, the more you arm Ukraine, the more cities will be devastated.

We will burn the Leclerc tanks; France will cross a red line, and it is our enemy. Our goal has not changed: to completely demilitarize and denazify Ukraine. We know the value of European promises, such as the Minsk agreements, which the French and Germans sabotaged. We will control the entire territory of Ukraine.

We will free the 20 million Russians taken hostage by Zelensky's regime, which deprives them of their language, their identity, and their history. No, we did not experience failure in February. The Russian army has regained the initiative and is advancing. The small retreats in Kharkiv or Kherson are nothing in the context of this war. The Russian army advances slowly to avoid sacrificing its soldiers.

The Poles are dreaming. There will never be a disintegration of the Russian Federation, and Russia will remain a neighbor to Poland. Ukraine has always been part of Russia. Ukrainians will decide their future after the Zelensky era. All the war crimes we are accused of are lies. We don't care about the international tribunal. It is a parody of justice. Only the Serbs have been convicted, but the crimes of Croats and Bosniaks have been forgotten.

You, the French, along with your American or British friends, have no right to judge us. You have triggered civil wars in Afghanistan, Iraq, Libya. We remember Colin Powell brandishing a vial to justify invading Iraq. We want to free our 20 million compatriots held hostage by the Zenensky gang. We will crush them.

The commemoration of the liberation of Auschwitz was held without inviting the Russians, whom you replaced with a LGBT representation. This is a clear sign of your moral collapse and","Titre : Piotr Tolstoï : Si la France ne parle pas allemand, c’est grâce à nous

Texte : Piotr Tolstoï, vice-président de la Douma, a récemment été interviewé sur LCI. Voici les principaux points de ses réponses.

Des tanks allemands, français, polonais — peu importe leur origine — seront brûlés par l’armée russe. Cela ne fait que prolonger la guerre et augmenter le nombre de morts. Après les tanks, il y aura des missiles et des avions...

Nous ne menons pas la guerre à la manière américaine en ciblant les civils. Nous ne voulons pas brûler Kiev, Odessa, etc. Mais lorsque l’ennemi se cache dans des bâtiments, comme à Marioupol, il y a inévitablement des destructions. Cependant, plus vous armez l’Ukraine, plus les villes seront dévastées.

Nous brûlerons les tanks Leclerc ; la France franchira une ligne rouge, et ce sera notre ennemi. Notre objectif n’a pas changé : démilitariser complètement et dénazifier l’Ukraine. Nous connaissons la valeur des promesses européennes, comme les accords de Minsk, que les Français et les Allemands ont sabotés. Nous contrôlerons l’ensemble du territoire ukrainien.

Nous libérerons les 20 millions de Russes pris en otage par le régime de Zelensky, qui leur prive de leur langue, de leur identité et de leur histoire. Non, nous n’avons pas connu d’échec en février. L’armée russe a repris l’initiative et avance. Les petites retraites à Kharkiv ou Kherson ne sont rien dans le contexte de cette guerre. L’armée russe avance lentement pour éviter de sacrifier ses soldats.

Les Polonais rêvent. Il n’y aura jamais de dislocation de la Fédération de Russie, et la Russie restera un voisin de la Pologne. L’Ukraine a toujours fait partie de la Russie. Les Ukrainiens décideront de leur avenir après l’ère Zelensky. Tous les crimes de guerre dont on nous accuse sont des mensonges. Nous nous moquons du tribunal international. C’est une parodie de justice. Seuls les Serbes ont été condamnés, mais les crimes des Croates et des Bosniaques ont été oubliés.

Vous, les Français, avec vos amis américains ou britanniques, n’avez pas le droit de nous juger."
https://ripostelaique.com/un-president-en-panne-didees-peut-il-encore-diriger-le-pays.html,0,1,1,0,0,0,1,1,0,"Titre :Un président en panne d’idées peut-il encore diriger le pays ? texte : L’information est énorme, incroyable tout autant qu’inquiétante. Elle est pourtant passée quasi inaperçue. Aucun débat, pas le moindre commentaire dans la presse… Et pourtant elle est capitale. Figurez-vous que Macron est en panne d’idées… Oui, vous avez bien lu. Choupinet manque d’inspiration. Il n’a plus de vision pour le pays. À tel point qu’il organise des séances de brainstorming avec ses conseillers. Le Point qui révèle l’information dans son édition du 16 février explique: «Le premier rendez-vous de ce type a eu lieu le 16 décembre et le second un mois plus tard, le 27 janvier». L’un des participants à ces «séminaires» s’est confié à l’hebdomadaire: «Ça permet de phosphorer à fond sur la suite, de réfléchir. Le président va à la pêche aux idées». On croit rêver ! Pourquoi a-t-il besoin de convoquer l’ensemble de ses conseillers – ils sont une quarantaine – à des exercices de remue-méninges d’une demi-journée ? Celui qui en 2017 voulait faire de la France une «start up nation» a dû revoir ses ambitions à la baisse. L’affaire Benalla, puis la crise des Gilets Jaunes l’ont forcé à descendre dans l’arène. Ses petites phrases choc et polémiques du style «Les gens qui ne sont rien» ou encore ces «Gaulois réfractaires au changement» pour parler des Français l’ont éloigné du peuple qui l’a trouvé arrogant et méprisant. Mais cela c’était avant. Durant son premier mandat. Des erreurs de jeunesse en quelque sorte. Dans le discours d’investiture qui a suivi sa réélection du 20 avril 2022, il s’est présenté comme «un président nouveau (pour) un mandat nouveau». Le Macron millésime 2022 n’aurait plus rien à voir avec celui de 2017. Il avait plein de projets pour la France. On allait voir ce qu’on allait voir ! Mais patatras, dix mois après sa réélection, les nuages noirs s’accumulent au dessus de sa tête. La réforme des retraites a du mal à passer dans l’opinion et les députés s’étripent à l’Assemblée. L’obsession de Macron Pas facile de faire voter des lois quand on n’a plus de réelle majorité. Composer, négocier avec l’opposition ne fait pas partie du logiciel macroniste. Il faut bien pourtant s’y résoudre si l’on ne veut pas se condamner à faire du surplace. C’est ainsi que le chef de l’État, sur les conseils d’Alexis Kohler son secrétaire général qui a préparé les réunions, s’est tourné vers ses conseillers. Son dernier carré de fidèles ? Face à une situation qu’il ne maîtrise plus il a besoin d’échanger avec eux, de les interroger, de les écouter, de noter leurs réflexions. Car Macron n’a qu’une obsession en tête. Comment faire pour que le pays ne tombe pas entre les mains de l’extrême droite en 2027 ? Cette idée ne le quitte plus depuis des mois. À tel point que la nouvelle de sa démission anticipée a couru à l’automne. «Il n’a pas envie d’être celui qui remettra les clés de l’Élysée à Marine Le Pendans cinq ans» confiait un fidèle en octobre dernier. Une peur panique qui a gagné toute la macronie jusqu’aux députés. À l’occasion des débats houleux sur la réforme des retraites, l’un d’eux a fait un cauchemar éveillé en observant Marine Le Pen. «Elle était là, stoïque. Je l’ai vue tout à coup sur le perron de l’Élysée. J’ai peur que tout cela se termine trèsmal…». Face à une majorité affolée, aux mauvaises manières et aux outrances verbales de la Nupes, le groupe RN de l’Assemblée offre au contraire une image de sérieux et de responsabilité. «C’est à l’Assemblée que se prépare la prochaine campagne présidentielle. J’ai besoin d’une armée triée sur le volet» confie Marine Le Pen en privé. Une stratégie gagnante. Le groupe parlementaire qu’elle préside est celui dont les Français ont eu la meilleure opinion pendant les débats à l’Assemblée nationale selon un récent sondage. L’ancienne finaliste de la présidentielle et son parti gagnent en crédibilité surtout à droite de l’échiquier politique. En décembre dernier, une étude de l’institut Kantar précisait que pour 40 % des sondés, le Rassemblement national avait vocation à participer à un gouvernement. De quoi ajouter encore au désespoir des macronistes. Alain MARSAUGUY",Un président en panne d’idées peut-il encore diriger le pays ?,"Title: Can a President Out of Ideas Still Lead the Country?

Text: The news is huge, incredible, and just as worrying. Yet, it has gone almost unnoticed. No debate, not a single comment in the press... And yet, it is crucial. Imagine that Macron is out of ideas... Yes, you read that right. Little Macron is lacking inspiration. He no longer has a vision for the country. To such an extent that he is organizing brainstorming sessions with his advisors. Le Point, which revealed the information in its February 16th edition, explains: “The first such meeting took place on December 16th, and the second one a month later, on January 27th.” One of the participants in these “seminars” confided to the weekly magazine: “It allows us to brainstorm thoroughly about the future, to think. The president is out fishing for ideas.” One can hardly believe it! Why does he need to summon all his advisors – about forty of them – for half-day brainstorming exercises? The same person who in 2017 wanted to make France a “start-up nation” must have lowered his ambitions. The Benalla affair, then the Yellow Vests crisis, forced him to step into the arena. His little shock and controversial phrases like “People who are nothing” or “Refractory Gauls” when talking about the French have distanced him from the people, who found him arrogant and contemptuous. But that was before. During his first term. Youthful mistakes, in a way. In his inauguration speech following his re-election on April 20, 2022, he presented himself as “a new president for a new term.” The Macron of 2022 would be completely different from that of 2017. He had many projects for France. We were about to see what was coming! But alas, ten months after his re-election, dark clouds are gathering over his head. The pension reform is struggling to pass in public opinion, and deputies are tearing each other apart in the Assembly. Macron’s Obsession It’s not easy to get laws passed when you no longer have a real majority. Composing, negotiating with the opposition is not part of the Macronist software. Yet, one must accept it if they do not want to condemn themselves to stand still. That’s why the head of state, on the advice of Alexis Kohler, his secretary-general who prepared the meetings, turned to his advisors. His","Titre : Un président à court d'idées peut-il encore diriger le pays ?

Texte : La nouvelle est énorme, incroyable, et tout aussi inquiétante. Pourtant, elle est passée presque inaperçue. Pas de débat, pas un seul commentaire dans la presse... Et pourtant, c’est crucial. Imaginez que Macron soit à court d’idées... Oui, vous avez bien lu. Le petit Macron manque d’inspiration. Il n’a plus de vision pour le pays. À tel point qu’il organise des séances de brainstorming avec ses conseillers. Le Point, qui a révélé l’information dans son édition du 16 février, explique : « La première de ces réunions a eu lieu le 16 décembre, et la seconde un mois plus tard, le 27 janvier. » L’un des participants à ces « séminaires » confiait au magazine hebdomadaire : « Cela nous permet de réfléchir en profondeur sur l’avenir, de penser. Le président part à la pêche aux idées. » On a du mal à le croire ! Pourquoi a-t-il besoin de convoquer tous ses conseillers – une quarantaine d’entre eux – pour des exercices de brainstorming d’une demi-journée ? La même personne qui en 2017 voulait faire de la France une « start-up nation » doit avoir revu ses ambitions à la baisse. L’affaire Benalla, puis la crise des Gilets jaunes, l’ont forcé à sortir de l’ombre. Ses petites phrases choc et controversées comme « Les gens qui ne sont rien » ou « Gaulois réfractaires » lorsqu’il parle des Français l’ont éloigné du peuple, qui le trouvait arrogant et méprisant. Mais c’était avant. Pendant son premier mandat. Des erreurs de jeunesse, en quelque sorte. Dans son discours d’investiture suite à sa réélection le 20 avril 2022, il se présentait comme « un nouveau président pour un nouveau mandat ». Le Macron de 2022 serait totalement différent de celui de 2017. Il avait de nombreux projets pour la France. On allait voir ce qui allait arriver ! Mais hélas, dix mois après sa réélection, des nuages sombres s’amoncellent au-dessus de sa tête. La réforme des retraites peine à passer dans l’opinion publique, et les députés se déchirent à l’Assemblée. L’obsession de Macron Ce n’est pas facile de"
https://www.breizh-info.com/2017/11/10/81481/qi-augmente-education-etude-debat/,0,1,0,0,1,0,0,0,0,"Titre :Le QI peut-il être augmenté par l’éducation ? Une étude relance le débat texte :Tous les spécialistes de l’intelligence humaine vous le diront : le QI est un excellent indicateur des capacités cognitives d’un individu. Augmenter le QI a donc été un objectif de nombreux chercheurs et gouvernements. Jusqu’ici, aucun gain durable de QI n’avait été observé. Mais une nouvelle étude – pas encore publiée dans une revue scientifique – veut prouver que les gains de QI par l’éducation peuvent être durables. Décryptage. Stuart J. Ritchie, de l’université Édimbourg et Elliot M. Tucker-Drob, de l’université du Texas sont deux chercheurs spécialisés dans l’intelligence humaine. Le 7 novembre dernier, ils ont révélé une méta-analyse (analyse et synthèse de plusieurs études) au titre évocateur :« A quel point l’éducation améliore-t-elle l’intelligence ? » Réunissant 28 études différentes, portant sur près de 616 000 individus, les deux chercheurs ont cherché à comprendre l’impact d’une année d’éducation sur le QI d’un individu. Et les chercheurs semblent formels :« Nous avons découvert des preuves très claires quant au lien entre durée de l’éducation et résultats des tests de QI. »Et quel serait l’effet d’une année supplémentaire d’éducation sur un individu ?« Approximativement 1 à 5 points de QI supplémentaires »selon eux. Mais cette étude recèle plusieurs faiblesses qui pourraient bien lui être fatales. En effet, de nombreuses études non-publiées dans des revues à comité de lecture ont été utilisées par les deux chercheurs.En outre, il faut noter que cette étude est également parue avant d’être publiée dans une revue spécialisée.Les auteurs, eux-mêmes, n’hésitent pas à exposer longuement les faiblesses de certaines études utilisées. Enfin, de très nombreux contre-exemples semblent démontrer que l’amélioration durable du QI est une lubie. Le site Analyse Economiquerépertorie ainsi les multiples échecs de toutes les tentatives en ce sens. Passé un certain temps après la fin de la stimulation de QI, le gain cognitif se dissipe presque totalement. Ce constat est aussi celui des auteurs deThe Bell Curvequi reviennent eux aussi sur toutes les tentatives manquées. Connaissant bien ces études, les auteurs essayent d’expliquer cette incongruité à leur manière :« Pourquoi les effets [de l’augmentation de la durée de l’éducation] sont toujours apparents par la suite alors que les effets d’interventions éducatives ciblées durant l’enfance ont tendance à s’évanouir à l’âge adulte ? Une possibilité intrigante est que, au contraire des interventions ciblées, l’augmentation de la durée des études a une influence durable sur une variété de processus sociaux en découlant, permettant de maintenir les bénéfices cognitifs initiaux. » Cette étude, aussi intéressante que frustrante – pourquoi avoir utilisé des données attaquables et quid de l’effet de plusieurs années d’éducation ? – sera certainement bientôt disséquée par les spécialistes de l’intelligence humaine. Nous ne manquerons pas d’y revenir. Pour aller plus loin, sur l’intelligence humaine : Sciences. 536 gènes liés à l’intelligence découverts, une percée majeureLes enfants réfugiés sud-soudanais auraient un QI extrêmement faibleTaille du cerveau et intelligence seraient fortement liéesSciences. Quarante gènes de l’intelligence découvertsBaisse du QI moyen en France : l’influence de l’immigration ?[20 an après] The Bell Curve : Le QI moyen diffère entre les groupes ethniquesDanemark. Les conscrits extra-européens ont un QI inférieur à celui des conscrits européensEmil Kirkegaard : « Le quotient intellectuel mondial est à peu près de 85 » [Entretien] Crédit photo : Allan Ajifo [CC BY 2.0][cc]Breizh-info.com, 2017, dépêches libres de copie et de diffusion sous réserve de mention et de lien vers la source d’origine",Le QI peut-il être augmenté par l’éducation ? Une étude relance le débat,"Title: Can IQ be increased through education? A study rekindles the debate

Text:
All experts in human intelligence will tell you: IQ is an excellent indicator of an individual's cognitive abilities. Increasing IQ has therefore been a goal for many researchers and governments. Until now, no lasting gains in IQ had been observed. But a new study—not yet published in a scientific journal—aims to prove that IQ gains through education can be durable. Analysis.

Stuart J. Ritchie from the University of Edinburgh and Elliot M. Tucker-Drob from the University of Texas are two researchers specialized in human intelligence. On November 7th, they revealed a meta-analysis (analysis and synthesis of multiple studies) with the evocative title: ""To what extent does education improve intelligence?"" Combining 28 different studies involving nearly 616,000 individuals, the two researchers sought to understand the impact of one year of education on an individual's IQ. And the researchers seem confident: ""We have found very clear evidence of a link between the duration of education and IQ test results.""

What would be the effect of an additional year of education on an individual? ""Approximately 1 to 5 additional IQ points,"" they say. But this study has several weaknesses that could undermine its conclusions. Indeed, many studies not published in peer-reviewed journals were used by the two researchers. Furthermore, it should be noted that this study was also published before appearing in a specialized journal. The authors themselves do not hesitate to extensively discuss the weaknesses of some of the studies used. Finally, numerous counterexamples seem to demonstrate that lasting IQ improvement is a pipe dream. The website Analyse Économique lists the multiple failures of all such attempts. After a certain period following IQ stimulation, cognitive gains almost completely dissipate. This observation is also shared by the authors of The Bell Curve, who also review all failed attempts.

Knowing these studies well, the authors try to explain this inconsistency in their own way: ""Why are the effects [of increasing the duration of education] always apparent afterward, whereas the effects of targeted educational interventions during childhood tend to fade by adulthood? An intriguing possibility is that, unlike targeted interventions, increasing the length of studies has a lasting influence on a variety of social processes, thereby maintaining the initial cognitive benefits.""

This study, as interesting as it is frustrating—why use questionable data, and what about the effects of several years of education?—will surely soon be dissected by human intelligence specialists. We will certainly","Titre : Peut-on augmenter le QI par l’éducation ? Une étude relance le débat

Texte :
Tous les experts en intelligence humaine vous le diront : le QI est un excellent indicateur des capacités cognitives d’un individu. Augmenter le QI est donc un objectif pour de nombreux chercheurs et gouvernements. Jusqu’à présent, aucune progression durable du QI n’avait été observée. Mais une nouvelle étude — pas encore publiée dans une revue scientifique — vise à prouver que les gains de QI par l’éducation peuvent être durables. Analyse.

Stuart J. Ritchie de l’Université d’Édimbourg et Elliot M. Tucker-Drob de l’Université du Texas sont deux chercheurs spécialisés en intelligence humaine. Le 7 novembre, ils ont révélé une méta-analyse (analyse et synthèse de plusieurs études) au titre évocateur : « Dans quelle mesure l’éducation améliore-t-elle l’intelligence ? » En combinant 28 études différentes impliquant près de 616 000 individus, les deux chercheurs ont cherché à comprendre l’impact d’une année d’éducation sur le QI d’un individu. Et les chercheurs semblent confiants : « Nous avons trouvé des preuves très claires d’un lien entre la durée de l’éducation et les résultats aux tests de QI. »

Quel serait l’effet d’une année supplémentaire d’éducation sur un individu ? « Environ 1 à 5 points de QI supplémentaires », disent-ils. Mais cette étude présente plusieurs faiblesses qui pourraient compromettre ses conclusions. En effet, de nombreuses études non publiées dans des revues à comité de lecture ont été utilisées par les deux chercheurs. De plus, il faut noter que cette étude a également été publiée avant d’apparaître dans une revue spécialisée. Les auteurs eux-mêmes n’hésitent pas à discuter en détail des faiblesses de certaines études utilisées. Enfin, de nombreux contre-exemples semblent démontrer que l’amélioration durable du QI est un rêve pieux. Le site Analyse Économique recense les multiples échecs de toutes ces tentatives. Après une certaine période suivant la stimulation du QI, les gains cognitifs disparaissent presque complètement. Cette observation est également partagée par les auteurs de La Courbe de Bell, qui passent aussi en revue tous les échecs.

Connaissant bien ces études, les auteurs tentent d’expliquer cette incohérence à leur manière :"
https://www.breizh-info.com/2021/01/27/157958/confinement-les-habitants-de-brest-morlaix-et-carhaix-invites-a-repondre-a-une-etude-sur-leur-consommation-dalcool/,0,0,0,0,1,0,0,0,0,"Titre :Confinement. Les habitants de Brest, Morlaix et Carhaix invités à répondre à une étude sur leur consommation d’alcool texte :Dans le cadre duDry January, opération commerciale américaine (mais aussi sanitaire) placée sous le signe du sans alcool pendant un mois, le CHRU de Brest, en lien avec la ville de Brest dans le cadre du Plan Alcool, Brest métropole, l’association Addictions France et l’Université citoyenne de prévention en santé de Bretagne Occidentale, lance un questionnaire auprès des habitants de Brest, Morlaix et Carhaix. Le but ? Etudier la consommation d’alcool durant le confinement pour voir l’impact de celui ci dans les foyers. La diffusion du questionnaire est en cours (il est disponible ici) et durera jusqu’au 15 février. Le public ciblé comprend toute personne âgée de plus de 18 ans, résidant dans les trois communes citées plus haut. Parallèlement, le CHRU recrute des volontaires ayant des problèmes de consommation d’alcool pour participer à une étude nationale de 4 mois sur un nouveau traitement.«Elle étudie l’impact d’une association de deux médicaments connus sur la consommation d’alcool»,explique le docteur Guillou à Ouest France.Les volontaires souhaitant participer peuvent contacter l’addictologie de liaison au 02 98 34 23 48 – mail :[email protected] Une version papier du questionnaireest disponible aux urgences de Brest, Morlaix et Carhaix. En 2020, au début du confinement, Santé publique France avait lancéune étude en plusieurs vagues auprès de la population pour connaître ses comportements et leurs évolutions. Selon cette enquête, environ un quart des fumeurs déclare avoir augmenté sa consommation de tabac. L’évolution des usages d’alcool semble moins défavorable, avec environ un consommateur sur dix déclarant avoir augmenté sa consommation mais un sur cinq l’avoir diminuée. Parmi les consommateurs d’alcool interrogés(887 sur 1344) : Parmi ceux qui déclarent avoir augmenté leur consommation, 51 % déclarent avoir augmenté leur fréquence de consommation, 10 % le nombre de verres bus les jours de consommation et 23 % les deux paramètres. L’augmentation de la consommation d’alcool est plus fréquemment mentionnée par les moins de 50 ans (entre 14 % et 17 % selon les classes d’âge), les individus vivant dans une ville de plus de 100 000 habitants (13 % contre 9 % des habitants d’agglomérations de moins de 100 000 habitants) et les parents d’enfants de moins de 16 ans (18 % contre 8 % des répondants n’ayant pas d’enfant de moins de 16 ans). Crédit photo : DR[cc]Breizh-info.com, 2021, dépêches libres de copie et de diffusion sous réserve de mention et de lien vers la source d’origine","Confinement. Les habitants de Brest, Morlaix et Carhaix invités à répondre à une étude sur leur consommation d’alcool","Title: Lockdown. Residents of Brest, Morlaix, and Carhaix invited to participate in a study on their alcohol consumption

Text:  
As part of Dry January, an American commercial (but also health-related) initiative promoting abstinence from alcohol for a month, the Brest University Hospital (CHRU), in collaboration with the city of Brest within the framework of the Alcohol Plan, Brest Métropole, the Addictions France association, and the Citizen University for Health Prevention of Western Brittany, is launching a questionnaire for residents of Brest, Morlaix, and Carhaix. The goal? To study alcohol consumption during the lockdown to assess its impact on households. The questionnaire is currently being distributed (it is available here) and will be open until February 15.

The targeted audience includes anyone over the age of 18 residing in the three aforementioned towns. Simultaneously, the CHRU is recruiting volunteers with alcohol consumption issues to participate in a four-month national study on a new treatment.  
""She studies the impact of a combination of two known medications on alcohol consumption,"" explains Dr. Guillou to Ouest France.  
Volunteers interested in participating can contact the liaison addiction service at 02 98 34 23 48 or via email: [email protected].

A paper version of the questionnaire is available at the emergency departments of Brest, Morlaix, and Carhaix. In 2020, at the start of the lockdown, Public Health France launched a multi-wave study to understand the population's behaviors and their changes. According to this survey, about a quarter of smokers reported increasing their tobacco consumption. The trends in alcohol use appear less unfavorable, with about one in ten consumers reporting increased consumption, while one in five reported decreasing it.

Among the alcohol consumers surveyed (887 out of 1,344):  
- Among those who reported increasing their consumption, 51% said they increased their frequency of drinking, 10% increased the number of drinks per day, and 23% increased both parameters.  
- The increase in alcohol consumption is more frequently reported by those under 50 years old (between 14% and 17% depending on age groups), residents of cities with more than 100,000 inhabitants (13% versus 9% in smaller towns), and parents of children under 16 (18% versus 8% among respondents without children under 16).

Photo credit: DR [cc] Breizh-info.com, 2021","Titre : Confinement. Les habitants de Brest, Morlaix et Carhaix invités à participer à une étude sur leur consommation d’alcool

Texte :  
Dans le cadre de Dry January, une initiative commerciale (mais aussi liée à la santé) américaine visant à promouvoir l’abstinence d’alcool pendant un mois, l’Hôpital Universitaire de Brest (CHRU), en collaboration avec la ville de Brest dans le cadre du Plan Alcool, Brest Métropole, l’association Addictions France, et l’Université Citoyenne pour la Prévention Santé du Grand Ouest, lance un questionnaire destiné aux habitants de Brest, Morlaix et Carhaix. L’objectif ? Étudier la consommation d’alcool pendant le confinement afin d’évaluer son impact sur les foyers. Le questionnaire est actuellement en cours de distribution (il est disponible ici) et restera accessible jusqu’au 15 février.

Le public ciblé comprend toute personne de plus de 18 ans résidant dans les trois villes mentionnées. Par ailleurs, le CHRU recrute également des volontaires ayant des problèmes de consommation d’alcool pour participer à une étude nationale de quatre mois sur un nouveau traitement.  
« Elle étudie l’impact d’une combinaison de deux médicaments connus sur la consommation d’alcool », explique le Dr Guillou à Ouest France.  
Les volontaires intéressés peuvent contacter le service d’addictologie de liaison au 02 98 34 23 48 ou par email : [adresse email].

Une version papier du questionnaire est disponible dans les services d’urgence de Brest, Morlaix et Carhaix. En 2020, au début du confinement, Santé Publique France a lancé une étude multi-volets pour comprendre les comportements de la population et leurs évolutions. Selon cette enquête, environ un quart des fumeurs ont déclaré avoir augmenté leur consommation de tabac. Les tendances en matière de consommation d’alcool semblent moins défavorables, avec environ une personne sur dix déclarant avoir augmenté leur consommation, tandis qu’une sur cinq a indiqué la diminuer.

Parmi les consommateurs d’alcool interrogés (887 sur 1 344) :  
- Parmi ceux qui ont déclaré augmenter leur consommation, 51 % ont dit augmenter leur fréquence de consommation, 10 % le nombre de verres par jour, et 23 % les deux paramètres.  
- L’augmentation de la consommation d’alcool est plus fréquemment"
https://www.breizh-info.com/2021/07/08/167263/vannes-apres-quimper-la-ville-devient-elle-aussi-une-zone-de-liberte-lgbt/,0,1,1,0,1,0,1,1,0,"Titre :Vannes. Après Quimper, la ville devient elle aussi une « zone de liberté LGBT »… texte :Vannes, son port, ses remparts, et désormais… sa « zone de liberté LGBT ». En effet, la ville morbihannaise, sous l’impulsion du groupe LREM, a adopté un vœu destiné à marquer son opposition aux récentes mesures prises par des villes polonaises et hongroises visant à préserver le modèle familial traditionnel. Un certain sens des priorités… En Bretagne comme ailleurs en France, la propagande « progressiste » ne connaît pas de répit. Dernière lubie en date, voici que le conseil municipal de Vannes a adopté, le 5 juillet, le vœu de déclarer la ville « Zone de liberté LGBT ». La proposition émanait du groupe LREM (La République en marche) « Vannes pour tous ». Groupe qui, dans un communiqué, a déclaré à la suite de cette adoption que ces « zones de liberté » sont « la réponse symbolique apportée par l’Union européenne et aujourd’hui par des collectivités locales partout en Europe aux auto-proclamations en zones anti-LGBT de certaines mairies polonaises et hongroises. » En clair, les élus macronistes vannetais se perçoivent donc comme des « résistants » face à laHongriede Victor Orbán, un pays qui aurait le tort, à leurs yeux, de faire preuve de scepticisme face à la propagande LGBT remettant en cause le modèle familial traditionnel. De son côté, Guillaume Auffret, conseiller municipal LREM ayant porté le vœu pour son groupe, s’est réjoui de voir Vannes se « distinguer » en la matière : « C’est une première pour notre ville. Après Quimper, Vannes se positionne en pointe de la lutte contre les discriminations fondées sur l’orientation sexuelle, avant Rennes, Nantes ou Brest », a précisé l’élu. Grande fierté d’avoir participé à cette étape historique pour notre ville. C’est un symbole fort de tolérance d’une ville plus que jamais en phase avec son temps !#VannesPourTous@LeMestrePatrick@ODILEMONNET@MNKergosien — Guillaume Auffret (@GAuffret)July 6, 2021 Pour sa part, la majorité municipale du maire David Robo, voyant dans cette proposition un « coup de com », n’a pas pris part au vote, le vœu ayant été adopté par les groupes d’oppositions. L’adjoint au maire Fabien Le Guernevé, à travers une déclaration n’ayant rien à envier à celle de son homologue LREM en matière de conformisme, a justifié la position des siens : « En France, pays des droits de l’homme, l’ensemble du territoire est un lieu de liberté, garanti par notre Constitution. Inutile de pointer du doigt un groupe plutôt qu’un autre, une partie du territoire qui garantirait plus de liberté qu’un autre. Nous sommes attachés à ce que notre République demeure une et indivisible. À Vannes, nous avons une vision universelle des droits accordés et garantis à nos concitoyens. Nous traitons avec sérieux et détermination la question cruciale de lutte contre toutes les discriminations, qu’elles soient raciales, sociales, sexuelles, religieuses, liées aux handicaps,… ». La majorité municipale de David Robo qui est, rappelons-le, estampillée « divers droite »… Toutefois, cette « zone de liberté LGBT » n’est pas la première en Bretagne puisqu’au mois d’avril dernier, c’est Quimper qui devenait la première ville de France à se revendiquer « zone de liberté pour les personnes LGBTQIA+ (Lesbienne, Gay, Bi, Trans, Queer, Intersexe, Asexuel et les autres minorités sexuelles) ». Un titre qui, dans la ville gérée par la socialiste Isabelle Assih, aura cependant du mal à masquer une autre« fierté » locale: l’insécurité. À l’origine de cette proposition, on retrouvait le conseiller municipal quimpérois Karim Ghachem, avec le concours de la députée LREM Annaïg Le Meur. Crédit photo : DR (photo d’illustration)[cc]Breizh-info.com, 2021, dépêches libres de copie et de diffusion sous réserve de mention et de lien vers la source d’origine","Vannes. Après Quimper, la ville devient elle aussi une « zone de liberté LGBT »…","Title: Vannes. After Quimper, the city also becomes a ""LGBT Freedom Zone""...

Text: Vannes, its port, its ramparts, and now… its ""LGBT Freedom Zone."" Indeed, the Morbihan city, under the influence of the LREM group, adopted a motion to mark its opposition to recent measures taken by Polish and Hungarian cities aimed at preserving the traditional family model. A certain sense of priorities...

In Brittany, as elsewhere in France, ""progressive"" propaganda shows no respite. The latest craze: on July 5th, the Vannes city council adopted a motion to declare the city a ""LGBT Freedom Zone."" The proposal came from the LREM group ""Vannes for All."" The group stated in a press release that these ""freedom zones"" are ""a symbolic response by the European Union and now by local authorities across Europe to the self-proclaimed anti-LGBT zones of certain Polish and Hungarian town halls."" 

In clear terms, the Macronist elected officials of Vannes see themselves as ""resistors"" against Viktor Orbán's Hungary, a country that, in their view, is wrong to show skepticism toward LGBT propaganda that challenges the traditional family model. 

Meanwhile, Guillaume Auffret, LREM municipal councilor who presented the motion for his group, expressed pride in seeing Vannes ""stand out"" in this matter: ""This is a first for our city. After Quimper, Vannes positions itself at the forefront of the fight against discrimination based on sexual orientation, ahead of Rennes, Nantes, or Brest,"" the elected official said. ""A great pride to have participated in this historic step for our city. It is a strong symbol of tolerance, a city more than ever in tune with its time!""

#VannesForAll @LeMestrePatrick @ODILEMONNET @MNKergosien — Guillaume Auffret (@GAuffret) July 6, 2021

For his part, the municipal majority led by Mayor David Robo, viewing this proposal as a ""publicity stunt,"" did not participate in the vote, as the motion was adopted by opposition groups. Deputy Mayor Fabien Le Guernevé, in a statement that rivals that of his LREM counterpart in conformism, justified his group's position: ""In France, a country of human rights, the entire territory is a place of freedom, guaranteed by our Constitution. There is no need to point fingers at one group or","Titre : Vannes. Après Quimper, la ville devient aussi une « Zone de Liberté LGBT »...

Texte : Vannes, son port, ses remparts, et maintenant… sa « Zone de Liberté LGBT ». En effet, la ville du Morbihan, sous l’influence du groupe LREM, a adopté une motion pour marquer son opposition aux mesures récentes prises par des villes polonaises et hongroises visant à préserver le modèle familial traditionnel. Une certaine priorité des priorités...

En Bretagne, comme ailleurs en France, la propagande « progressiste » ne montre aucun répit. La dernière lubie : le 5 juillet, le conseil municipal de Vannes a adopté une motion pour déclarer la ville « Zone de Liberté LGBT ». La proposition est venue du groupe LREM « Vannes pour Tous ». Le groupe a déclaré dans un communiqué de presse que ces « zones de liberté » sont « une réponse symbolique de l’Union européenne et désormais des autorités locales à travers l’Europe aux zones anti-LGBT auto-proclamées de certaines mairies polonaises et hongroises. »

En termes clairs, les élus macronistes de Vannes se voient comme des « résistants » face à la Hongrie de Viktor Orbán, un pays qui, selon eux, a tort de faire preuve de scepticisme envers la propagande LGBT qui remet en question le modèle familial traditionnel.

Par ailleurs, Guillaume Auffret, conseiller municipal LREM qui a présenté la motion pour son groupe, a exprimé sa fierté de voir Vannes « se démarquer » sur ce sujet : « C’est une première pour notre ville. Après Quimper, Vannes se positionne en tête de la lutte contre la discrimination fondée sur l’orientation sexuelle, devant Rennes, Nantes ou Brest », a déclaré l’élu. « Une grande fierté d’avoir participé à cette étape historique pour notre ville. C’est un symbole fort de tolérance, une ville plus que jamais en phase avec son temps ! »

#VannesPourTous @LeMestrePatrick @ODILEMONNET @MNKergosien — Guillaume Auffret (@GAuffret) 6 juillet 2021

De son côté, la majorité municipale dirigée par le maire David Robo, considérant cette proposition comme une « opération de communication », n’a pas participé au vote, la motion ayant été adoptée par les groupes d’opposition. Le"
https://www.breizh-info.com/2021/10/18/172821/soutien-a-la-maternite-de-guingamp-un-rassemblement-le-23-octobre/,0,1,1,0,0,0,0,0,0,"Titre :Soutien à la maternité de Guingamp. Un rassemblement le 23 octobre texte :Une réunion de la commission médicale de l’hôpital de Guingampa révélé mi-septembre une nouvelle menace de fermeture de la maternité mais aussi de la chirurgie. Le prétexte trouvé pour ces potentielles fermetures ? Le manque de pédiatres ou d’anesthésistes notamment dans le domaine de la chirurgie, de la médecine. Pendant ce temps, élus et politiques qui ont sabordé la politique de formation des étudiants en médecine avec le numérus clausus depuis des années, eux, coulent des jours heureux. De quoi susciter la colère locale. Un rassemblement de soutien est prévu samedi 23 octobre à 10h place du Champ au Roy pour réclamer le maintien inconditionnel d’un hôpital digne de ce nom, un hôpital avec maternité et chirurgie. Une fermeture signifierait une grande instabilité pour les familles du secteur, qui devraient faire de nombreux kilomètres supplémentaires pour se rendre en maternité comme en chirurgie. Encore une fois, la périphérie trinquerait par rapport aux métropoles qui engloutissent tout. Il est donc indispensable de mettre la pression, alors que les annonces officielles pourraient intervenir en 2022. Crédit photo : DR[cc]Breizh-info.com, 2021, dépêches libres de copie et de diffusion sous réserve de mention et de lien vers la source d’origine",Soutien à la maternité de Guingamp. Un rassemblement le 23 octobre,"Title: Support for Guingamp Maternity Hospital. A rally on October 23

Text: A meeting of the medical commission of Guingamp Hospital revealed in mid-September a new threat of closure for the maternity ward, as well as for the surgical department. The pretext for these potential closures? A lack of pediatricians or anesthesiologists, particularly in the fields of surgery and medicine. Meanwhile, elected officials and politicians, who have sabotaged medical training policies for students with the numerus clausus system for years, are enjoying their days. This has sparked local anger. A support rally is scheduled for Saturday, October 23, at 10 a.m. in Place du Champ au Roy to demand the unconditional preservation of a proper hospital—one with maternity and surgical services. A closure would mean great instability for local families, who would have to travel many additional kilometers to access maternity and surgical care. Once again, the outskirts would suffer compared to metropolitan areas that swallow everything. It is therefore essential to put pressure, as official announcements could be made in 2022. Photo credit: DR [cc] Breizh-info.com, 2021, free news reports for copying and distribution, subject to mention and linking to the original source.","Titre : Soutien à l'hôpital de la Maternité de Guingamp. Un rassemblement le 23 octobre

Texte : Une réunion de la commission médicale de l'hôpital de Guingamp a révélé à la mi-septembre une nouvelle menace de fermeture de la maternité, ainsi que du service de chirurgie. Le prétexte de ces potentielles fermetures ? Un manque de pédiatres ou d'anesthésistes, notamment dans les domaines de la chirurgie et de la médecine. Pendant ce temps, les élus et les politiciens, qui ont saboté les politiques de formation médicale pour les étudiants avec le système de numerus clausus depuis des années, profitent de leurs journées. Cela a suscité la colère locale. Un rassemblement de soutien est prévu le samedi 23 octobre, à 10 heures, place du Champ au Roy, pour exiger la préservation inconditionnelle d’un hôpital digne de ce nom — avec des services de maternité et de chirurgie. Une fermeture signifierait une grande instabilité pour les familles locales, qui devraient parcourir de nombreux kilomètres supplémentaires pour accéder aux soins de maternité et de chirurgie. Une fois de plus, la périphérie souffrirait par rapport aux zones métropolitaines qui absorbent tout. Il est donc essentiel de faire pression, car des annonces officielles pourraient être faites en 2022. Crédit photo : DR [cc] Breizh-info.com, 2021, reportages d’informations libres à copier et diffuser, sous réserve de mentionner et de faire un lien vers la source originale."
https://www.bvoltaire.fr/audiovisuel-public-la-grande-entourloupe-la-redevance-part-la-depense-reste/,0,1,1,0,1,0,1,1,0,"Titre :Audiovisuel public, la grande entourloupe : la redevance part, la dépense reste ! texte :Alléluia ! Sonnez fanfares triomphales,/Tonnez canons, battez tambours !/Et vous, cloches des cathédrales,/Ébranlez-vous comme aux grands jours ! Emmanuel Macron tient sa première promesse de campagne, et même avec un an d’avance : la redevance télé, instaurée en 1933 pour la radio avant d’être étendue à la télévision en 1949, sera supprimée à compter de 2022. C’est ce que nous apprend le compte rendu du Conseil des ministres de mercredi dernier. Cette redevance, dont doivent s’acquitter les foyers possédant une télé, s’élève actuellement à 138 euros. Au total, ce sont plus de trois milliards d’euros qui sont ainsi affectés à l’audiovisuel public. Une entourloupe enfantine, gobée tout cru et répétée gentiment à l'envi par la plupart des grands titres de presse. Selon le Conseil des ministres, cette suppression « dès cette année » s’inscrit dans le cadre des mesures de soutien du pouvoir d’achat des ménages. La bonne blague. Car évidemment, l’audiovisuel public ne va pas disparaître pour autant. Il est peu probable que se volatilisent d’un coup ses magnifiques immeubles vitrés en front de Seine, sesopen spaceslumineux, ses couloirs interminables, ses studios feutrés, son matériel technique de pointe et surtout son personnel pléthorique. Alors, qui va payer, désormais ? Toujours les mêmes. Les Français. Seule la ligne, autrement dit le compartiment du porte-monnaie, aura changé. La dépense « redevance » n'apparaîtra pas clairement sur leur déclaration, l’avantage étant qu’on pourra l’augmenter sans que cela soit voyant. Puisqu’elle n’existe plus. Officiellement. Le 8 mars 2022, surFrance Inter, le porte-parole du gouvernement, Gabriel Attal, avait d’ailleurs rassuré ceux qui faisaient semblant de s’inquiéter :« Ce n’est pas parce qu’on supprime un impôt qu’on s’attaque à l’audiovisuel public. »Rajoutant :« Évidemment qu’on va continuer à financer l’audiovisuel public. »Qui en doutait ? Et le Conseil des ministres, qui est décidément facétieux, rajoute que« le financement de l’audiovisuel public sera assuré dans le respect de l’objectif constitutionnel de pluralisme et d’indépendance des médias ». Un pluralisme et une indépendance qui ont spécialement sauté aux yeux durant le deuxième tour de la campagne présidentielle… Les Français pourront chanter unTe Deumet se réjouir de faire d’utiles économies quand enfin, pour rester dans le registre campanaire, on sonnera le glas de l’audiovisuel public. Mais hélas, il est à craindre que cette suppression de la redevance ne soit même pas le premier clou dans le cercueil.","Audiovisuel public, la grande entourloupe : la redevance part, la dépense reste !","Title: Public broadcasting, the big scam: the fee is gone, but the expense remains!

Text: Hallelujah! Sound triumphant fanfares, fire cannons, beat drums! And you, cathedral bells, shake yourselves like on great days! Emmanuel Macron keeps his first campaign promise, and even a year early: the TV license fee, established in 1933 for radio before being extended to television in 1949, will be abolished starting in 2022. This is what the report from last Wednesday’s Council of Ministers tells us. This fee, which households with a television must pay, currently amounts to 138 euros. In total, more than three billion euros are allocated to public broadcasting. A childish trick, swallowed raw and gently repeated over and over by most major press outlets.

According to the Council of Ministers, this abolition “as early as this year” is part of measures to support household purchasing power. The good joke. Because, of course, public broadcasting will not disappear overnight. It’s unlikely that its magnificent glass-fronted buildings on the Seine, its bright open spaces, endless corridors, plush studios, state-of-the-art technical equipment, and especially its large staff will vanish suddenly. So, who will pay now? The same people as before. The French. Only the line, in other words the wallet compartment, will have changed. The “fee” expense will not appear clearly on their tax return; the advantage is that it can be increased without it being obvious. Since it no longer exists. Officially.

On March 8, 2022, on France Inter, government spokesperson Gabriel Attal reassured those pretending to worry: “Just because we’re abolishing a tax doesn’t mean we’re attacking public broadcasting.” He added: “Of course, we will continue to fund public broadcasting.” Who doubted it? And the Council of Ministers, which is quite mischievous, adds that “the funding of public broadcasting will be ensured in accordance with the constitutional goal of media pluralism and independence.” A pluralism and independence that especially jumped out during the second round of the presidential campaign… The French will be able to sing a Te Deum and rejoice in saving some money when, finally, in the bell-ringing register, the death knell of public broadcasting is sounded. But alas, it is to be feared that this abolition of the fee is not even the first nail in the coffin.","Titre : La radiodiffusion publique, la grande arnaque : la redevance a disparu, mais la dépense demeure !

Texte : Alléluia ! Sonnez les fanfares triomphantes, les canons à feu, battez les tambours ! Et vous, cloches de la cathédrale, secouez-vous comme lors des grands jours ! Emmanuel Macron tient sa première promesse de campagne, et même un an à l’avance : la redevance télé, instaurée en 1933 pour la radio avant d’être étendue à la télévision en 1949, sera supprimée à partir de 2022. C’est ce que nous dit le rapport du Conseil des ministres de mercredi dernier. Cette redevance, que doivent payer les ménages possédant une télévision, s’élève actuellement à 138 euros. Au total, plus de trois milliards d’euros sont consacrés à la radiodiffusion publique. Une astuce enfantine, avalée brute et doucement répétée encore et encore par la majorité des grands médias.

Selon le Conseil des ministres, cette suppression « dès cette année » s’inscrit dans le cadre de mesures pour soutenir le pouvoir d’achat des ménages. La bonne blague. Car, bien sûr, la radiodiffusion publique ne disparaîtra pas du jour au lendemain. Il est peu probable que ses magnifiques bâtiments en verre sur la Seine, ses espaces lumineux, ses couloirs interminables, ses studios somptueux, son équipement technique de pointe, et surtout son personnel nombreux disparaissent soudainement. Alors, qui paiera maintenant ? Les mêmes qu’avant. Les Français. Seule la ligne, en d’autres termes le compartiment de la poche, aura changé. La dépense « redevance » n’apparaîtra pas clairement sur leur déclaration de revenus ; l’avantage, c’est qu’elle pourra être augmentée sans que cela soit évident. Puisqu’elle n’existe plus. Officiellement.

Le 8 mars 2022, sur France Inter, le porte-parole du gouvernement Gabriel Attal a rassuré ceux qui prétendaient s’inquiéter : « Ce n’est pas parce que nous supprimons une taxe que nous attaquons la radiodiffusion publique. » Il a ajouté : « Bien sûr, nous continuerons à financer la radiodiffusion publique. » Qui en doutait ? Et"
https://www.bvoltaire.fr/entretien-exclusif-helen-joyce-aujourdhui-on-demande-aux-enseignants-dapprendre-aux-enfants-ce-que-signifie-etre-un-garcon-ou-une-fille-en-les-faisant-se-questionner-sur-leur-i/,1,1,1,1,0,0,1,1,0,"Titre :[Entretien exclusif] Helen Joyce : « Aujourd’hui, on demande aux enseignants d’apprendre aux enfants ce que signifie être un garçon ou une fille en les faisant se questionner sur leur identité de genre » texte :Helen Joyce est une journaliste irlandaise, rédactrice en chef des affaires événementielles àThe Economist. Depuis 2018, Helen Joyce s’intéresse aux questions de transsexualité. En 2021, elle publie un ouvrage qui connaît un grand succès :Trans, quand l’idéologie rencontre la réalité(Trans: When Ideology Meets Reality). PourBoulevard Voltaire, elle accepte de répondre à nos questions. Geoffroy Antoine. Dans votre ouvrage, vous faites la genèse du « phénomène trans ». Pourriez-vous résumer en quelques mots l’émergence de ce mouvement ? Helen Joyce.Le « phénomène trans » commence au moment où certaines personnes ont imaginé que l'on pouvait opérer quelqu'un pour le faire ressembler davantage à un membre du sexe opposé. C'était d'abord à la fin des années 1920 en Allemagne, puis ça a été repris dans les années 1950 en Amérique. Évidemment, à cette époque, la notion de genre n’existait pas. Ils pensaient que ces personne étaient dans une détresse inhabituelle et qu'il fallait les aider. Cela ne concernait qu'un très petit nombre de personnes. Mais dans les années 1990, divers courants intellectuels issus du postmodernisme et de la « French Theory » des années 50 ont fait leur apparition aux États-Unis. Dès lors, les rôles sociaux de l’homme et de la femme vont prendre le dessus sur le fait biologique et de nombreux travaux universitaires refuseront de parler de « mâle » et de « femelle » pour désigner les hommes et les femmes. C’est la naissance de la théorie du genre. D’après mes recherches, cette négation de la biologie permet la mise en place d'un processus circulaire dans lequel les gens sont amenés à s'interroger sur leur genre, à ressentir une dysphorie ou une maladie de genre, et augmente ainsi le nombre de personnes qui se considèrent comme n'appartenant pas à la catégorie à laquelle elles ont été reconnues à la naissance. C'est un processus qui s'accélère, qui est allé assez loin et qui a encore du chemin à faire. G. A. Aujourd’hui, les étudiants ne sont plus les seuls à être exposés à la théorie du genre et au mouvement trans activiste, de plus en plus de jeunes enfants, parfois en bas âge, y sont également confrontés. Comment cela est-il possible ? H. J.Les enseignants veulent être progressistes. Ils veulent être inclusifs. On leur a appris que c'était mal d'être raciste ou sexiste. Et aujourd’hui, on demande aux enseignants d’apprendre aux enfants ce que signifie être un garçon ou être une fille en les faisant se questionner sur leur identité de genre. « Est-ce votre représentation des stéréotypes », votre « identification aux stéréotypes » ? Et, bien sûr, certains enfants sont très « non conformes », c’est-à-dire que vous avez des petits garçons qui ne sont pas très garçons ou des petites filles qui ne sont pas très filles. Et, ainsi, vous semez les graines du doute dans l'esprit de ces enfants quant à leur sexe. Et je ne pense pas que ce soit l’intention des enseignants, ils essaient de rendre la vie des enfants plus facile, mais en fait, ils la rendent plus difficile. G. A. Peut-on parler d’une forme de propagande en faveur du mouvement trans ? H. J.C'est un mot fort. Mais je le pense, oui. Les personnes qui veulent contraindre à penser de la sorte ont une vision de la réalité qu'elles pensent être la bonne et la plus juste. Et elles veulent que nous soyons tous d'accord. C’est pourquoi ils reconnaissent que le moyen de faire changer tout le monde passe par les écoles, les institutions éducatives et les médias. G. A. Vous évoquez régulièrement, dans votre ouvrage, l’influence de ce « lobby trans ». Comment s’est-il formé ? H. J.Certaines personnes pensent que c'est une conspiration de l'industrie pharmaceutique pour créer des patients à vie. Je ne pense pas cela. Je pense qu’il s’agit surtout d’une combinaison de facteurs. Des individus qui voulaient être acceptés comme membres du sexe opposé, avec leur médecin, ont réussi à se faire entendre par les autorités. Certains d'entre eux étaient des personnes très motivées et ils ont fait pression pour obtenir des changements juridiques. Et je pense que ces changements juridiques ont eu plus de conséquences que les gouvernements ne l'avaient compris à l'époque. Bien sûr, je pense que vous ne pouvez pas ignorer le rôle des grandes organisations caritatives et des groupes de pression qui ont œuvré pour le mariage gay. Et quand ils ont réussi avec le mariage gay, ils ont eu besoin d'une nouvelle cause. Ils ont donc porté leur attention sur les problèmes des transgenres, car sinon, à quoi bon ? Ils pourraient tout aussi bien ne pas exister. G. A. Y a-t-il un business qui se cache derrière ce lobby ? Une potentielle manne financière ? H. J.Eh bien, je pense qu'il y a maintenant un très grand lobby, c'est-à-dire des personnes employées dans les entreprises, les universités, les écoles, l'industrie de la diversité et de l'équité. Des tas et des tas de gens ont pour mission de trouver des « préjugés » ou des « stéréotypes » et de les déraciner dans tous les départements de ressources humaines, dans toutes les grandes entreprises, et ils ont besoin de trouver du travail. Ils ont besoin de faire quelque chose. Vous savez, vous avez besoin de justifier votre travail. Il y a donc beaucoup de gens dont le métier est de trouver du racisme, du sexisme, etc. Et une partie de ce qu'ils font maintenant est de pousser l'idéologie trans. Pas de toilettes unisexes, mettre des pronoms dans votre signature email, ce genre de choses. Ça permet de donner des emplois aux diplômés des départements d'études de genre, de sociologie et d'humanités. Et maintenant, le lobby de la santé est entré en scène. Ils ne sont pas encore visibles, mais ils sont maintenant derrière, définitivement, surtout en Amérique, où le système de santé est très axé sur le profit. Le plus grand lobby du monde, c’est le lobby américain des produits pharmaceutiques et des soins de santé, qui dépense plus d'argent que n'importe quel autre groupe de pression. C'est très important de le dire. G. A. Dans le monde anglo-saxon, les critiques du mouvement trans sont parfois exposées à la vindicte populaire, comme ce fut le cas avec J. K. Rowling. Depuis la publication de votre livre, avez-vous expérimenté pareil traitement ? H. J.Je n'ai pas connu de problèmes majeurs mais je suis constamment diffamée. Les gens mentent sur moi tout le temps et ce n'est pas agréable. J'ai été invitée à donner des conférences, puis on m'a retiré l'invitation. J'ai fait partie des listes d’intervenants pour parler lors de conférences médicales, et puis ils m'ont laissée tomber. J'ai été mise sur la liste noire des chaînes de télévision… Mais je ne prête pas trop d’attention aux critiques et je continue à faire mon travail qui doit être fait pour protéger les enfants et les femmes.","[Entretien exclusif] Helen Joyce : « Aujourd’hui, on demande aux enseignants d’apprendre aux enfants ce que signifie être un garçon ou une fille en les faisant se questionner sur leur identité de genre »","Title: [Exclusive Interview] Helen Joyce: ""Today, teachers are being asked to teach children what it means to be a boy or a girl by making them question their gender identity""

Text: Helen Joyce is an Irish journalist and editor-in-chief of event affairs at The Economist. Since 2018, Helen Joyce has been interested in issues related to transsexuality. In 2021, she published a highly successful book: *Trans: When Ideology Meets Reality*. For Boulevard Voltaire, she agreed to answer our questions.

Geoffroy Antoine: In your book, you trace the origins of the ""trans phenomenon."" Could you briefly summarize the emergence of this movement?

Helen Joyce: The ""trans phenomenon"" began when some people imagined that it was possible to operate on someone to make them resemble a member of the opposite sex. This initially happened in the late 1920s in Germany, then was taken up again in the 1950s in America. Of course, at that time, the concept of gender did not exist. They believed these individuals were in unusual distress and needed help. It involved only a very small number of people. But in the 1990s, various intellectual currents stemming from postmodernism and the ""French Theory"" of the 1950s appeared in the United States. From then on, the social roles of men and women began to take precedence over biological facts, and many academic works refused to refer to ""male"" and ""female"" to describe men and women. This marked the birth of gender theory. According to my research, this denial of biology enables a circular process where people are encouraged to question their gender, experience gender dysphoria or a gender-related illness, thereby increasing the number of individuals who see themselves as not belonging to the category they were assigned at birth. This process is accelerating, has gone quite far, and still has a way to go.

G. A.: Today, students are no longer the only ones exposed to gender theory and the trans activist movement; increasingly young children, sometimes very young, are also confronted with it. How is this possible?

H. J.: Teachers want to be progressive. They want to be inclusive. They have been taught that it is wrong to be racist or sexist. And today, teachers are being asked to teach children what it means to be a boy or a girl by making them question their gender identity. ""Is this your representation of stereotypes,"" or ""your identification with stereotypes","Titre : [Entretien exclusif] Helen Joyce : « Aujourd’hui, on demande aux enseignants d’apprendre aux enfants ce que signifie être un garçon ou une fille en leur faisant remettre en question leur identité de genre »

Texte : Helen Joyce est une journaliste irlandaise et rédactrice en chef des affaires événementielles chez The Economist. Depuis 2018, Helen Joyce s’intéresse aux questions liées à la transsexualité. En 2021, elle a publié un livre à grand succès : *Trans : When Ideology Meets Reality*. Pour Boulevard Voltaire, elle a accepté de répondre à nos questions.

Géoffroy Antoine : Dans votre livre, vous retracez l’origine du « phénomène trans ». Pouvez-vous résumer brièvement l’émergence de ce mouvement ?

Helen Joyce : Le « phénomène trans » a commencé lorsque certaines personnes ont imaginé qu’il était possible d’opérer quelqu’un pour le faire ressembler à un membre de l’autre sexe. Cela s’est d’abord produit à la fin des années 1920 en Allemagne, puis a été repris dans les années 1950 en Amérique. Bien sûr, à cette époque, le concept de genre n’existait pas. Ils pensaient que ces individus étaient en détresse inhabituelle et avaient besoin d’aide. Cela concernait seulement un très petit nombre de personnes. Mais dans les années 1990, diverses courants intellectuels issus du postmodernisme et de la « French Theory » des années 1950 sont apparus aux États-Unis. Dès lors, les rôles sociaux des hommes et des femmes ont commencé à primer sur les faits biologiques, et de nombreux travaux académiques ont refusé de faire référence à « mâle » et « femelle » pour décrire les hommes et les femmes. Cela a marqué la naissance de la théorie du genre. Selon mes recherches, ce déni de la biologie permet un processus circulaire où l’on encourage les gens à remettre en question leur genre, à ressentir une dysphorie de genre ou une maladie liée au genre, augmentant ainsi le nombre de personnes qui se voient comme ne appartenant pas à la catégorie qui leur a été assignée à la naissance. Ce processus s’accélère, il a déjà beaucoup avancé, mais il reste encore du chemin à parcourir.

G. A. : Aujourd’hui, les élèves ne sont plus les seuls exposés à la théorie du genre et"
https://www.bvoltaire.fr/la-grece-ne-veut-plus-etre-le-mouton-noir-de-leurope/,0,1,1,0,1,0,1,1,0,"Titre :La Grèce ne veut plus être le mouton noir de l’Europe texte :Souvenez-vous : la Grèce devait être brûlée sur le bûcher de l'Euroland, comme le fut jadis Iphigénie en Tauride, immolée par son père Agamemnon pour plaire à la déesse Artémis. L'infâme Lysandre européenne, ou plutôt... l'intraitable Merkel avait exigé « du sang et des larmes » en déclarant sans ambages, en 2013, qu’il faudrait que cela fasse mal, très mal («Es muss weh tun! ») pour que la Grèce puisse prétendre à l’aide européenne. Après douze ans de mesures coercitives, de surveillance renforcée, par la Commission européenne, la Grèce vient enfin de se libérer du carcan européen, a annoncé, samedi dernier, le Premier ministre grec, dans une adresse à la nation. « Un cycle de douze ans qui a apporté de la douleur aux citoyens, fait stagner l'économie et divisé la société se referme », a déclaré le Premier ministre conservateur, Kyriákos Mitsotákis, qui a a ajouté, en s'exprimant sur les réseaux sociaux,rapporteLe Figaro, que« le pays ne sera plus le mouton noir de l’Europe ». La Grèce va pouvoir retrouver, a-t-il encore ajouté, la souveraineté de ses décisions budgétaires après douze longues années de tutelle imposée par l’Union européenne, la Banque centrale européenne (BCE) et le Fonds monétaire international (FMI). « La Grèce d'aujourd'hui est une Grèce différente », affirme encore le Premier ministre grec. Oui, mais dans quel état et à quel prix ! Je ne suis pas sûr que les touristes croisent dans leurs banlieues ces milliers de Grecs qui chaque jour, à Athènes comme sur les îles, ne vont pas à la plage mais dans les restos du cœur de l’Église orthodoxe. Ou encore ces miséreux retraités qui doivent souvent vivre à Athènes avec parfois moins de 400 euros par mois ou encore ces familles éplorées par la perte de l’un des leurs, souvent le chef de famille, préférant se donner la mort plutôt que de faire les poubelles. Le taux de suicide à Athènes a plus que doublé, ces dernières années. Sans compter le chômage des jeunes qui explose - près de 60 % des moins de 25 ans. Mais l’optimisme est de mise, estime Kyriákos Mitsotákis :« Aujourd'hui marque la fin des Mémorandums et de tout ce qui a été imposé en leur nom : impôts insoutenables et réductions des salaires et des retraites. » « Tout cela appartient heureusement au passé », a assuré Kyriákos Mitsotákis, qui parle d’un« jour historique pour la Grèce et les Grecs ». Mais malgré l’optimisme affiché, les Grecs devraient sentir longtemps encore les effets d’une dette qui représente toujours, aujourd’hui, 180 % du PIB du pays et qui continue de peser sur son économie. Et il est à craindre que la Grèce, toujours fragile économiquement, ne sera pas à l’abri de nouvelles mesures d’austérité.",La Grèce ne veut plus être le mouton noir de l’Europe,"Title: Greece No Longer Wants to Be the Black Sheep of Europe

Text: Remember: Greece was to be burned on the Euroland's pyre, just as Iphigenia in Tauris was once sacrificed by her father Agamemnon to please the goddess Artemis. The infamous European Lysander, or rather... the unyielding Merkel, demanded ""blood and tears,"" declaring outright in 2013 that it would have to hurt—very badly (""Es muss weh tun!"")—for Greece to be eligible for European aid. 

After twelve years of coercive measures, reinforced surveillance by the European Commission, Greece has finally freed itself from the European stranglehold, announced last Saturday by the Greek Prime Minister in a national address. ""A twelve-year cycle that brought pain to citizens, stagnated the economy, and divided society is coming to an end,"" declared the conservative Prime Minister, Kyriákos Mitsotákis. He also added, via social media, according to Le Figaro, that ""the country will no longer be the black sheep of Europe."" 

Greece will be able to regain, he further stated, the sovereignty over its budgetary decisions after twelve long years of tutelage imposed by the European Union, the European Central Bank (ECB), and the International Monetary Fund (IMF). ""Today’s Greece is a different Greece,"" the Greek Prime Minister affirms. Yes, but in what state and at what cost! 

I am not sure that tourists passing through the suburbs see the thousands of Greeks who, every day in Athens and on the islands, do not go to the beach but to the Orthodox Church’s charity kitchens. Or the impoverished retirees who often live in Athens on less than 400 euros a month, or the grieving families who have lost a loved one—often the breadwinner—preferring to take their own lives rather than rummage through garbage. The suicide rate in Athens has more than doubled in recent years. Not to mention the exploding youth unemployment—nearly 60% of those under 25.

But optimism is in the air, according to Kyriákos Mitsotákis: ""Today marks the end of the Memorandums and everything that was imposed in their name: unsustainable taxes and reductions in wages and pensions."" ""All of this is thankfully in the past,"" assured Mitsotákis, who calls it a ""historic day for Greece and the Greeks."" 

However, despite this optimistic tone","Titre : La Grèce ne veut plus être le mouton noir de l’Europe

Texte : Rappelez-vous : la Grèce devait être brûlée sur le bûcher d’Euroland, tout comme Iphigénie en Tauride fut autrefois sacrifiée par son père Agamemnon pour plaire à la déesse Artémis. Le fameux Lysandre européen, ou plutôt... la tenace Merkel, exigeait « du sang et des larmes », déclarant carrément en 2013 qu’il faudrait faire très mal (« Es muss weh tun ! ») pour que la Grèce soit éligible à l’aide européenne.

Après douze ans de mesures coercitives, renforcées par une surveillance accrue de la Commission européenne, la Grèce s’est enfin libérée de l’étau européen, a annoncé samedi dernier le Premier ministre grec lors d’un discours national. « Un cycle de douze ans qui a apporté douleur aux citoyens, stagné l’économie et divisé la société touche à sa fin », a déclaré le Premier ministre conservateur, Kyriákos Mitsotákis. Il a également ajouté, via les réseaux sociaux, selon Le Figaro, que « le pays ne sera plus le mouton noir de l’Europe ».

La Grèce pourra, selon lui, retrouver la souveraineté sur ses décisions budgétaires après douze longues années de tutelle imposée par l’Union européenne, la Banque centrale européenne (BCE) et le Fonds monétaire international (FMI). « La Grèce d’aujourd’hui est une Grèce différente », affirme le Premier ministre grec. Oui, mais dans quel état et à quel prix !

Je ne suis pas sûr que les touristes passant par les banlieues voient les milliers de Grecs qui, chaque jour à Athènes et sur les îles, ne vont pas à la plage mais aux cuisines de charité de l’Église orthodoxe. Ou les retraités pauvres qui vivent souvent à Athènes avec moins de 400 euros par mois, ou les familles en deuil qui ont perdu un proche—souvent le soutien de famille—préfèrent se donner la mort plutôt que de fouiller dans les poubelles. Le taux de suicide à Athènes a plus que doublé ces dernières années. Sans parler du chômage des jeunes qui explose—près de 60 % des moins de 25 ans.

Mais l’optimisme est dans l’air"
https://www.bvoltaire.fr/la-guerre-en-ukraine-accelerera-t-elle-la-chute-de-lempire-americain/,0,1,1,0,1,0,0,0,0,"Titre :La guerre en Ukraine accélérera-t-elle la chute de l’empire américain ? texte :Dans une récentechronique publiée dansMarianne, Emmanuel Todd, reprenant ses analyses sur le déclin américain qu’il avait développées dansAprès l’empire(2002), soutient que la guerre en Ukraine constitue un enjeu existentiel non seulement pour Moscou mais aussi pour Washington :« Si la Russie tient en Ukraine, le système impérial des États-Unis s’effondre. » Pour l’essayiste, avec 1.000 milliards de dollars de déficit sur les échanges de biens et les multiples signes de son décrochage tant sur le plan industriel que militaire, l’Amérique tient aujourd’hui le monde« par des symboles »qui masquent la réalité ainsi que par le règne du dollar, son système financier, Internet et la langue anglaise. Si la Russie survivait aux sanctions, la démonstration serait faite de la fin de sa capacité de contrôle et de contrainte. Les faiblesses de l’empire seraient mises au jour. Face à ce risque existentiel, les Américains avec l’aide de l’OTAN, leur instrument, seraient prêts à tout pour l’emporter. Emmanuel Todd en veut pour preuve l’attentat contre les gazoducs Nord Stream dont il ne doute pas de l’origine atlantiste. Pour séduisante que soit l’analyse du déclin américain, on peut douter du fait qu’elle soit partagée par les élites de Washington. Il y a, en effet, les chiffres et les données brutes mais il y a aussi la psychologie humaine avec ses phénomènes de dissonance cognitive qui conduisent souvent à réinterpréter les événements d’une manière bien différente de ce qu’ils expriment dans la réalité. Dansun article publié parL’Expressle 22 octobre dernier, Francis Fukuyama voyait dans le conflit ukrainien une confirmation de sa théorie de la« fin de l’Histoire ». À travers une lecture plus idéologique qu’Emmanuel Todd, il incitait les partisans de la démocratie libérale à ne pas céder au fatalisme« qui accepte tacitement la ligne russo-chinoise selon laquelle[les]démocraties vivraient un déclin inévitable ». Le monde libéral avait certes connu de terribles revers par le passé, notamment dans les années 1930, mais ses concurrents autoritaires avaient toujours fini par s’effondrer. Pour Fukuyama, les signes sont les mêmes aujourd’hui, qu’il s’agisse de la Russie, qui est« devenue un objet de dérision », de la Chine ou de l’Iran. Pas de doute, l’Occident est du bon côté de l’Histoire. Mêmes accents optimistes du côté de la Maison-Blanche, qui a récemment publiéun document sur ses priorités stratégiques. Dans l’introduction, Joe Biden, comme Fukuyama, oppose le camp des démocraties, conduit et défendu par les États-Unis, aux autocraties, Chine et Russie en tête, qui tenteraient de subvertir l’ordre international. Ces dernières finiront par comprendre qu’il n’est jamais bon« de parier contre les États-Unis », affirme le président américain qui met en avant le dynamisme de son économie, la résilience de son peuple et son armée sans égale.« Les États-Unis ont tout pour gagner la compétition du XXIesiècle. Nous sortons plus forts de chaque crise. Et il n'y a rien qui dépasse nos capacités », conclut Joe Biden. Alors, déclin imminent ou retour de la « fin de l’Histoire » et d’une victoire sans partage du monde occidental dirigé par les États-Unis ? Pour une réponse plus nuancée, on pourra se reporter aux analyses de l’universitaire britannique Richard Sakwa, spécialiste du monde soviétique et de la Russie. DansRussia Against the Rest, ouvrage publié en 2017, non traduit en français, il reprend tous les éléments qui, depuis la chute de l’URSS, ont conduit à la crise ukrainienne de 2014 et décrit, dès ce moment-là, le basculement géopolitique auquel nous assistons aujourd’hui. L’incapacité de l’Europe à se libérer de la tutelle américaine et à élaborer par elle-même un système de sécurité continental incluant la Russie a abouti au « pivot » asiatique russe et à son alignement avec la Chine. Le monde unipolaire issu de la fin de la guerre froide se voit désormais contesté par une coalition « anti-hégémonique ».Des BRICS à l’Organisation de coopération de Shanghai (OCS), de nouvelles institutions internationales se développent et esquissent l’avènement d’un monde non pas « anti-occidental » mais « post-occidental ». La guerre en Ukraine, à défaut de mettre en péril avec certitude l’existence même de l’empire américain, contribue de toute évidence à accélérer ce processus. Non pas la « fin de l’Histoire » de Fukuyama mais la fin d'un cycle. Celui de la domination occidentale du monde.",La guerre en Ukraine accélérera-t-elle la chute de l’empire américain ?,"Title: Will the War in Ukraine Accelerate the Fall of the American Empire?

Text: In a recent column published in Marianne, Emmanuel Todd revisits his analyses on American decline, which he developed in *After the Empire* (2002). He argues that the war in Ukraine poses an existential challenge not only for Moscow but also for Washington: ""If Russia holds in Ukraine, the American imperial system collapses."" For the essayist, with a $1 trillion deficit in goods trade and numerous signs of its disengagement both industrially and militarily, America today holds the world ""by symbols"" that mask reality—such as the dominance of the dollar, its financial system, the internet, and the English language. If Russia survives the sanctions, it would demonstrate the end of its capacity for control and coercion. The weaknesses of the empire would be exposed. Faced with this existential risk, Americans, with NATO— their instrument— would be prepared to do anything to win. Emmanuel Todd cites the Nord Stream gas pipeline sabotage, which he believes was atlantist in origin, as proof.

While Todd’s analysis of American decline is compelling, one might doubt that it is shared by Washington’s elites. Indeed, there are raw figures and data, but also human psychology, with phenomena like cognitive dissonance that often lead to reinterpreting events in a way that differs significantly from their reality. In an article published by L’Express on October 22, Francis Fukuyama saw the Ukrainian conflict as confirmation of his theory of the ""End of History."" From a more ideological perspective than Todd’s, Fukuyama urged supporters of liberal democracy not to succumb to fatalism—""which tacitly accepts the Russian-Chinese line that democracies are doomed to inevitable decline."" The liberal world had faced severe setbacks in the past, notably in the 1930s, but its authoritarian rivals always eventually collapsed. For Fukuyama, the signs are the same today, whether it’s Russia—""now an object of ridicule""—China, or Iran. No doubt, the West is on the right side of history.

Similarly optimistic tones come from the White House, which recently published a document outlining its strategic priorities. In the introduction, Joe Biden, like Fukuyama, contrasts the camp of democracies—led and defended by the United States—with autocracies, primarily China and Russia, which seek to subvert the international order. Biden asserts that these autocracies will","Titre : La guerre en Ukraine accélérera-t-elle la chute de l’Empire américain ?

Texte : Dans une chronique récente publiée dans Marianne, Emmanuel Todd revisite ses analyses sur le déclin de l’Amérique, qu’il avait développées dans *Après l’Empire* (2002). Il soutient que la guerre en Ukraine constitue un défi existentiel non seulement pour Moscou mais aussi pour Washington : « Si la Russie tient en Ukraine, le système impérial américain s’effondre. » Pour l’essayiste, avec un déficit commercial de 1 000 milliards de dollars en biens et de nombreux signes de son désengagement tant industriel que militaire, l’Amérique aujourd’hui tient le monde « par des symboles » qui masquent la réalité — tels que la domination du dollar, son système financier, Internet et la langue anglaise. Si la Russie survit aux sanctions, cela démontrerait la fin de sa capacité de contrôle et de coercition. Les faiblesses de l’empire seraient alors exposées. Face à ce risque existentiel, les Américains, avec l’OTAN — leur instrument — seraient prêts à tout pour gagner. Emmanuel Todd cite le sabotage du gazoduc Nord Stream, qu’il considère comme étant d’origine atlantiste, comme preuve.

Bien que l’analyse de Todd sur le déclin américain soit convaincante, on pourrait douter qu’elle soit partagée par les élites de Washington. En effet, il existe des chiffres bruts et des données, mais aussi la psychologie humaine, avec des phénomènes comme la dissonance cognitive qui conduisent souvent à réinterpréter les événements d’une manière qui diffère considérablement de leur réalité. Dans un article publié par L’Express le 22 octobre, Francis Fukuyama considérait le conflit ukrainien comme la confirmation de sa théorie de « la Fin de l’Histoire ». D’un point de vue plus idéologique que celui de Todd, Fukuyama exhortait ses supporters de la démocratie libérale à ne pas céder au fatalisme — « qui accepte tacitement la ligne russo-chinoise selon laquelle les démocraties sont vouées à un déclin inévitable ». Le monde libéral a connu de graves revers par le passé, notamment dans les années 1930, mais ses rivaux autoritaires ont toujours fini par s’effondrer. Pour Fukuyama, les signes sont les mêmes aujourd’hui"
https://www.bvoltaire.fr/qui-va-emporter-le-debat-du-second-tour/,0,1,1,0,1,0,0,0,0,"Titre :Qui va emporter le débat du second tour ? texte :Il faudrait déjà savoir qui seront les deux concurrents, même si on commence à avoir une petite idée, à onze jours du premier tour de l’élection présidentielle. Sauf surprise stratégique... Mais il ne s’agit pas de cela mais du débat dans le débat. Car il y a un débat dans le débat : qui seront les deux journalistes finalistes (un homme, une femme - parité oblige) appelés à animer ce combat de titans sans merci ? Une occasion qui ne se présente que tous les cinq ans et offre aux impétrants une consécration médiatique et journalistique sans pareille. Une sorte de petite élection dans la grande élection. Depuis ce mercredi 30 mars, on en sait un peu plus parLe Parisien. Déjà, retenez la date : mercredi 20 avril à 21 heures. C’estTF1etFrance 2, selon une tradition établie de longue date maintenant, qui auront le privilège d’organiser la soirée : un« héritage de l’ORTF », chouineBFM TV, qui devra se contenter, comme les autres chaînes d’information en continu, de diffuser le débat sans participer à son organisation et, donc, sans pouvoir y placer ses poulains. Privilège des vieilles maisons et de l’Histoire ! Alors qui ? Rien n’est décidé à ce jour, sachant que la décision de valider le duo de journalistes appartient à l’Autorité de régulation de la communication audiovisuelle et numérique (ARCOM), qui a succédé au CSA, le 1erjanvier dernier, avec un pouvoir de veto des deux candidats à l’élection présidentielle.Le Parisiennous parle d’une« logique »qui« voudrait que les titulaires des journaux de 20 Heures soient désignés. À savoir Gilles Bouleau et Anne-Sophie Lapix. »Ah bon, il y aurait donc une logique ? Par rapport à quoi ? En effet, car si on reprend l’historique des débats d’entre-deux-tours, on ne voit pas que les présentateurs du 20 Heures aient été systématiquement retenus pour arbitrer le match. Loin de là. Certes, en 2012, pour le débat Sarkozy-Hollande, Laurence Ferrari et David Pujadas, respectivement présentateurs des JT deTF1etFrance 2, furent retenus, mais en 2017, pour le débat Le Pen-Macron, c'est Christophe Jakubyszyn et Nathalie Saint-Cricq qui assurèrent la mission. En 2007, pour le débat Royal-Sarkozy, on opta pour un mix avec Patrick Poivre d'Arvor, présentateur du JT surTF1, et Arlette Chabot, directrice générale adjointe chargée de l’information deFrance 2. Et si l’on remonte dans le temps, on constate qu’on ne fit jamais appel aux vedettes du 20 Heures. 1995 : Alain Duhamel et Guillaume Durand, pour le débat Chirac-Jospin. 1988 : Michèle Cotta, directrice de l'information deTF1, et Élie Vannier, directeur de l’information d’Antenne 2, furent témoins du jugement de Dieu entre Mitterrand et Chirac. 1981 : Jean Boissonnat, journaliste àL'Expansion, chroniqueur àEurope 1, et Michèle Cotta (déjà elle !), rédactrice en chef àRTL, arbitrèrent le match retour Giscard-Mitterrand. Enfin, en 1974, le premier débat télévisé d’entre-deux-tours, entre Giscard et Mitterrand, fut animé par Jacqueline Baudrier, directrice de l’information de la Une et Alain Duhamel (déjà lui !), qu’on ne présente pas... Alors, qui, en 2022 ? Apparemment, pas Anne-Sophie Lapix !« “Elle pourrait être récusée par les deux camps”, affirme un cadre du service public », révèleLe Parisien. Les deux camps, c’est-à-dire ? C’est-à-dire Emmanuel Macron et Marine Le Pen… On a visiblement le sens de l’anticipation... Du côté du candidat-Président,« le journal de 20 heures d’Anne-Sophie Lapix, en particulier, est jugé trop critique et décliniste », révélaitLe Mondedu 12 mars dernier. Du côté de la candidate du Rassemblement national, on imagine que le comportement de la journaliste, le 4 mars dernier surFrance 2, dans l’émission « Élysée 2022« », animée par Léa Salamé, a été plus que moyennement apprécié. Le député RN du Gard Nicolas Meizonnet avait tweeté :« Anne-Sophie Lapix, qui s’est comportée en petit procureur et militant de LREM pendant son interview de Marine Le Pen, passe maintenant son temps à rire dans le public. Comportement indigne d’une journaliste. » Anne-Sophie Lapix qui s'est comportée en petit procureur et militant de LREM pendant son interview de@MLP_officiel, passe maintenant son temps à rire dans le public. Comportement indigne d'une ""journaliste"".#Elysee2022 — Nicolas Meizonnet (@NMeizonnet)March 3, 2022 Mais si ce n’est pas Lapix, cela pourrait être Laurent Delahousse pour représenterFrance 2, mais dans ce cas, exit Gilles Bouleau deTF1, parité oblige. Compliqué, tout ça. Cela dit, la parité n’est pas exigée pour les deux finalistes de la présidentielle mais s’imposera peut-être d’elle-même...",Qui va emporter le débat du second tour ?,"Title: Who Will Win the Second Round Debate?  
Text:  
We first need to know who the two candidates will be, even though we’re starting to have a little idea, eleven days before the first round of the presidential election. Unless there’s a strategic surprise... But that’s not the point here; it’s about the debate within the debate. Because there is a debate within the debate: who will be the two final journalists (one man, one woman – parity required) chosen to host this titanic, merciless battle? An opportunity that only comes around every five years and offers the contenders unparalleled media and journalistic recognition. A sort of mini-election within the big election.  

Since Wednesday, March 30, we know a bit more thanks to Le Parisien. First, mark the date: Wednesday, April 20 at 9 p.m. It is TF1 and France 2, according to a long-established tradition now, that will have the privilege of organizing the evening: a “legacy of ORTF,” whines BFM TV, which will have to content itself, like other continuous news channels, with broadcasting the debate without participating in its organization and, therefore, without being able to place its protégés. Privilege of the old houses and history!  

So, who? Nothing has been decided to date, knowing that the decision to validate the duo of journalists rests with the Audiovisual and Digital Communication Regulatory Authority (ARCOM), which succeeded the CSA on January 1, with veto power over the two candidates for the presidential election.  

Le Parisien talks about a “logic” that “would suggest that the hosts of the 8 p.m. news are designated. Namely Gilles Bouleau and Anne-Sophie Lapix.”  

Oh really, so there’s a logic? Based on what? Indeed, because if we look at the history of second-round debates, we don’t see that the anchors of the 8 p.m. news have been systematically chosen to moderate the match. Far from it. In 2012, for Sarkozy-Hollande, Laurence Ferrari and David Pujadas, respectively anchors of TF1 and France 2’s evening news, were chosen, but in 2017, for the Le Pen-Macron debate, Christophe Jakubyszyn and Nathalie Saint-Cricq took on the role. In 2007, for the Royal-Sarkozy debate, a mix was used with Patrick","Titre : Qui remportera le débat du second tour ?  
Texte :  
Nous devons d’abord savoir qui seront les deux candidats, même si nous commençons à avoir une petite idée, onze jours avant le premier tour de l’élection présidentielle. À moins qu’il y ait une surprise stratégique... Mais ce n’est pas le sujet ici ; il s’agit du débat dans le débat. Car il y a un débat dans le débat : qui seront les deux journalistes finalistes (un homme, une femme – parité requise) choisis pour animer cette bataille titanesque et impitoyable ? Une opportunité qui ne se présente qu’une fois tous les cinq ans et qui offre aux prétendants une reconnaissance médiatique et journalistique sans pareil. Une sorte de mini-élection dans la grande élection.  

Depuis le mercredi 30 mars, nous en savons un peu plus grâce à Le Parisien. D’abord, notez la date : mercredi 20 avril à 21 heures. C’est TF1 et France 2, selon une tradition bien établie désormais, qui auront le privilège d’organiser la soirée : un “héritage de l’ORTF”, se plaint BFM TV, qui devra se contenter, comme les autres chaînes d’information continue, de diffuser le débat sans en participer à l’organisation et, donc, sans pouvoir placer ses protégés. Privilege des anciennes maisons et de l’histoire !  

Alors, qui ? Rien n’a été décidé à ce jour, sachant que la décision de valider le duo de journalistes revient à l’Autorité de régulation de la communication audiovisuelle et numérique (ARCOM), qui a succédé au CSA le 1er janvier, avec un pouvoir de veto sur les deux candidats à l’élection présidentielle.  

Le Parisien évoque une “logique” qui “suggérerait que les animateurs du journal de 20 heures soient désignés. À savoir Gilles Bouleau et Anne-Sophie Lapix.”  

Ah bon, donc il y aurait une logique ? Sur quoi se base-t-elle ? En effet, parce que si l’on regarde l’histoire des débats du second tour, on ne voit pas que les présentateurs du journal de 20 heures aient été systématiquement choisis pour modérer la rencontre. Bien au contraire. En 2012, pour Sarkozy-Hollande, Laurence Ferrari et David Pujadas, respectivement présentateurs du journal"
https://www.bvoltaire.fr/tribune-en-pleine-affaire-ocean-vicking-le-passeur-cedric-herrou-va-rencontrer-des-lyceens/,0,1,1,0,1,0,1,1,0,"Titre :[Tribune] En pleine affaire Ocean Viking, le passeur Cédric Herrou va rencontrer des lycéens ! texte :Alors que l'Ocean Vikingdébarquait ses clandestins le 11 novembre, dans le port de Toulon, nous apprenions, grâce à notre réseau de Parents Vigilants, que Cédric Herrou rencontrera les lycéens d’un établissement de Luçon (le lycée Atlantique, pour ne pas le nommer), le vendredi 18 novembre 2022, de 13 à 15 heures. Uneinformation confirmée parOuest-France. Pour rappel, M. Herrou est un agriculteur actif dans l’aide aux clandestins. Il fut condamné en 2017 pour leur prise en charge illégale sur le sol italien, puis, après une peine alourdie en appel (quatre mois de prison avec sursis),il fut relaxépar la Cour de cassation en 2021, au nom du « principe de fraternité », principe consacré par le Conseil constitutionnel en 2018. On imagine donc que la rencontre de M. Herrou avec les lycéens de Luçon a plus de chance de porter sur la question migratoire que sur l'agriculture bio, d'autant que le lendemain il participera, toujours à Luçon mais dans une salle municipale, à une soirée sur le thème« Migration : le défi de solidarité ». Un enseignement public neutre ? Sur le site même de l’Éducation nationale, il est spécifié que« l’enseignement public est neutre : la neutralité philosophique et politique s'impose aux enseignants et aux élèves. »Or, à l'évidence, Cédric Herrou est loin d’avoir un parcours neutre puisqu’il est un acteur actif dans la prise en charge de personnes arrivant illégalement sur notre territoire. Des clandestins qui finissent malheureusement pour beaucoup d’entre eux, désœuvrés, dormant sous des tentes de fortune, que nous sommes incapables d’accueillir avec dignité car ils sont trop nombreux pour une prise en charge correcte. L’État étant débordé et inactif sur ces questions. Mais de l’« après », M. Herrou ne se soucie sans doute guère. Ce qui lui importe, en somme, c’est d’avoir bonne conscience, en participant à la venue de ces clandestins. Il est un rouage dans le trafic humain puisqu’il est établi que des passeurs profitent financièrement de la misère humaine pour exploiter ces malheureux. Sachant cela, comment est-il possible qu’un chef d’établissement, d’un établissement public, fasse la promotion de cet esclavagisme moderne en accueillant M. Herrou ? Nos collectivités, qui investissent plus de 36 milliards d’euros dans le système éducatif français, n’ont pas à financer ou à promouvoir (même gratuitement) de telles interventions, qui ne sont ni neutres, ni éducatives, puisqu’il n’y aura probablement pas d’autres intervenants pour confronter des points de vue différents. Il s’agit là d’un endoctrinement de notre jeunesse, ni plus, ni moins. La réalité d’une immigration incontrôlée À l’heure où bien trop de nos compatriotes sont menacés dans leur intégrité physique, ne parviennent plus à vivre dignement, sont soumis à des règles toujours plus absurdes, il est temps de réagir et d’oser dire ce que depuis trop longtemps nous n’osions dénoncer : charité bien ordonnée commence par soi-même, en l’occurrence occupons-nous d’abord des nôtres et, si nous pouvons, quand nous le pourrons, en veillant à ce que nos traditions et notre culture soient respectées, nous pourrons nous occuper de ceux qui en feront la demande légalement afin de leur garantir un accueil digne. Une conception de la hiérarchie des priorités et de la dignité que Cédric Herrou n'a pas l’air de bien intégrer, si l'on s'en réfère à ses « faits d'armes ». En attendant, protégeons nos enfants !","[Tribune] En pleine affaire Ocean Viking, le passeur Cédric Herrou va rencontrer des lycéens !","Title: [Opinion Piece] Amid the Ocean Viking Affair, Smuggler Cédric Herrou Will Meet with High School Students!

Text:  
While the Ocean Viking was disembarking its illegal migrants on November 11th at the port of Toulon, we learned, thanks to our network of Vigilant Parents, that Cédric Herrou will meet with high school students from a school in Luçon (the Atlantic High School, to name it), on Friday, November 18, 2022, from 1 to 3 p.m. This information was confirmed by Ouest-France.  

As a reminder, Mr. Herrou is a farmer actively involved in helping illegal migrants. He was convicted in 2017 for illegally assisting them on Italian soil, then, after a heavier sentence on appeal (four months in prison suspended), he was acquitted by the Court of Cassation in 2021, based on the ""principle of fraternity,"" a principle enshrined by the Constitutional Council in 2018.  

We can therefore imagine that Mr. Herrou’s meeting with the high school students in Luçon is more likely to focus on migration issues than on organic farming, especially since the next day he will participate, still in Luçon but in a municipal hall, in an evening event on the theme ""Migration: the challenge of solidarity.""  

A neutral public education?  
On the official site of the Ministry of National Education, it is specified that ""public education is neutral: philosophical and political neutrality is imposed on teachers and students.""  

However, it is clear that Cédric Herrou’s background is far from neutral, as he is an active participant in assisting people arriving illegally on our territory. These illegal migrants, many of whom end up destitute, sleeping under makeshift tents, are people we are unable to welcome with dignity because there are too many for proper care, as the state is overwhelmed and inactive on these issues.  

But Mr. Herrou probably doesn’t care much about what happens ""after."" What matters to him, essentially, is having a clear conscience by participating in the arrival of these illegal migrants. He is a cog in human trafficking, as it is established that smugglers profit financially from human misery to exploit these unfortunate people.  

Knowing this, how is it possible that a head of a public institution promotes this modern form of slavery by welcoming Mr. Herrou? Our communities, which invest over 36 billion","Titre : [Tribune] Au milieu de l’affaire Ocean Viking, le passeur Cédric Herrou rencontrera des lycéens !

Texte :  
Alors que l’Ocean Viking débarquait ses migrants illégaux le 11 novembre au port de Toulon, nous avons appris, grâce à notre réseau de Parents Vigilants, que Cédric Herrou rencontrera des lycéens d’un établissement de Luçon (le Lycée de l’Atlantique, pour le nommer), le vendredi 18 novembre 2022, de 13h à 15h. Cette information a été confirmée par Ouest-France.

Pour rappel, M. Herrou est un agriculteur activement impliqué dans l’aide aux migrants illégaux. Il a été condamné en 2017 pour avoir aidé illégalement ces personnes sur le sol italien, puis, après une peine plus lourde en appel (quatre mois de prison avec sursis), il a été acquitté par la Cour de cassation en 2021, sur la base du « principe de fraternité », un principe inscrit dans la Constitution en 2018.

Nous pouvons donc imaginer que la rencontre de M. Herrou avec les lycéens de Luçon sera plus axée sur les questions migratoires que sur l’agriculture biologique, d’autant plus que le lendemain, il participera, toujours à Luçon mais dans une salle municipale, à une soirée sur le thème « Migration : le défi de la solidarité ».

Une éducation publique neutre ?  
Sur le site officiel du Ministère de l’Éducation nationale, il est précisé que « l’éducation publique est neutre : la neutralité philosophique et politique est imposée aux enseignants et aux élèves ».

Cependant, il est évident que le parcours de Cédric Herrou est loin d’être neutre, puisqu’il est un acteur actif dans l’aide aux personnes arrivant illégalement sur notre territoire. Ces migrants illégaux, dont beaucoup se retrouvent démunis, dormant sous des tentes de fortune, sont des personnes que nous sommes incapables d’accueillir dignement car ils sont trop nombreux pour un accompagnement adéquat, l’État étant dépassé et inactif sur ces questions.

Mais M. Herrou ne semble probablement pas se soucier de ce qui se passe « après ». Ce qui compte pour lui, essentiellement, c’est d’avoir bonne conscience en participant"
https://www.bvoltaire.fr/vaccin-anti-covid-que-penser-des-troubles-menstruels/,0,1,1,0,1,0,0,0,0,"Titre :Vaccin anti-Covid : que penser des troubles menstruels ? texte :Depuis quelques années, particulièrement depuis l'épidémie de grippe de 2009, un nombre croissant de Français est méfiant vis-à-vis des vaccins. Le dernier en date, celui destiné à lutter contre le virus du Covid, parce qu'il fait appel à une technique nouvelle (celle de l'ARN messager), a suscité de nombreuses inquiétudes et fut accusé par certains de tous les maux. Les effets secondaires à long terme ne pourront être envisagés que dans dix ou quinze ans, mais on a déjà une vision assez fiable des effets secondaires à court terme, grâce aux études entreprises par les agences de santé française ou européenne. Une étude menée conjointementpar l'Agence nationale de sécurité du médicament et des produits de santé (ANSM) et la Caisse nationale d'assurance maladie, regroupées sous l'identité EPI-PHARE, avait déjà permis d’étudier le risque de myocardite (inflammation du muscle cardiaque) et de péricardite (inflammation de la membrane qui entoure le cœur) avec les vaccins à ARN messager chez des sujets de 12 à 50 ans en France. Ainsi, depuis juillet 2021, on peut officiellement considérer que des myocardites et des péricardites peuvent être des effets secondaires indésirables pouvant survenir dans les sept jours suivant une vaccination avec un vaccin à ARN messager, surtout chez les sujets masculins jeunes, et a un degré moindre chez les femmes. Cet effet secondaire est cependant assez rare ; il a été noté qu'il ne se manifestait que chez 132 hommes et 37 femmes pour un million de doses injectées, pour ce qui concerne les myocardites, et un peu moins pour les péricardites. Parmi les autres effets secondaires des vaccins de Pfizer ou Moderna, on note fréquemment destroubles menstruelstels que des saignements anormalement longs pendant ou en dehors des règles, parfois une absence de règles pendant plusieurs mois, fréquemment des douleurs pelviennes importantes. Chez les femmes atteintes d'endométriose, on a également décrit des réactivations de leurs symptômes alors que la maladie était bien contrôlée jusque-là. Et chez des femmes ménopausées des saignements anormaux. Dans la majorité des cas, ces troubles menstruels on été de courte durée, bien qu'ils puissent parfois durer six mois, et sont spontanément résolutifs. Mais il est encore trop tôt pour savoir si cette vaccination peut avoir un impact sur la fertilité. Une étude publiée par la revueScience Advances, le 15 juillet 2022 (vol. 8, n° 28), a permis d'établir un lien direct entre et la vaccination et ces troubles qui sont maintenant considérés comme un effet indésirable par l'Agence nationale du médicament (ANSM), sans qu’on puisse cependant expliquer pourquoi ils sont apparus après la vaccination et s'ils ont un lien avec l'utilisation d'ARN messager pour fabriquer le vaccin. Dans le cas du vaccin contre le Covid, dont on ne connaissait absolument pas les effets secondaires lors de sa mise sur le marché, on peut se demander si la politique sanitaire pour lutter contre ce virus, essentiellement fondée sur l'utilisation massive du vaccin, fut un choix très judicieux. Les statistiques dont on commence à disposermaintenant ne permettent pas de percevoir une diminution majeure de la mortalité dans les pays fortement vaccinés par rapport à ceux qui n’ont eu qu’une faible couverture vaccinale. Plusieurs facteurs, en dehors du vaccin, sont à prendre en compte, mais il y a là un bon sujet de réflexion.",Vaccin anti-Covid : que penser des troubles menstruels ?,"Title: COVID-19 Vaccine: What to Think About Menstrual Disorders?

Text:  
For several years now, especially since the 2009 flu epidemic, an increasing number of French people have been wary of vaccines. The most recent one, designed to combat the COVID-19 virus, because it uses a new technique (mRNA technology), has raised many concerns and was accused by some of all sorts of ills. Long-term side effects can only be assessed in ten or fifteen years, but we already have a fairly reliable view of short-term side effects, thanks to studies conducted by French or European health agencies.

A study jointly carried out by the National Agency for the Safety of Medicines and Health Products (ANSM) and the National Health Insurance Fund, under the name EPI-PHARE, had already examined the risk of myocarditis (inflammation of the heart muscle) and pericarditis (inflammation of the membrane surrounding the heart) associated with mRNA vaccines in individuals aged 12 to 50 in France.  

Since July 2021, it has been officially recognized that myocarditis and pericarditis can be adverse side effects that may occur within seven days following vaccination with an mRNA vaccine, especially in young male subjects, and to a lesser extent in women. However, this side effect is quite rare; it was noted that it occurred in only 132 men and 37 women per million doses administered, regarding myocarditis, and slightly less for pericarditis.

Among other side effects of Pfizer or Moderna vaccines, menstrual disorders are frequently reported, such as abnormally long bleeding during or outside of periods, sometimes a complete absence of periods for several months, and often significant pelvic pain. In women with endometriosis, reactivations of their symptoms have also been described, even when the disease was well-controlled until then. In menopausal women, abnormal bleeding has also been observed.  

In most cases, these menstrual disorders have been short-lived, although they can sometimes last up to six months, and tend to resolve spontaneously. However, it is still too early to determine whether this vaccination can impact fertility.  

A study published in the journal Science Advances on July 15, 2022 (vol. 8, no. 28) established a direct link between vaccination and these disorders, which are now considered adverse effects by the National Agency for the Safety of Medicines (ANSM). Nonetheless, it remains unclear why they appeared after vaccination and","Titre : Vaccin COVID-19 : Que penser des troubles menstruels ?

Texte :  
Depuis plusieurs années, notamment depuis l’épidémie de grippe de 2009, un nombre croissant de Français se méfient des vaccins. Le plus récent, conçu pour lutter contre le virus COVID-19, car il utilise une nouvelle technique (technologie à ARN messager), a suscité de nombreuses inquiétudes et a été accusé par certains de toutes sortes de maux. Les effets secondaires à long terme ne peuvent être évalués que dans dix ou quinze ans, mais nous disposons déjà d’une vision assez fiable des effets secondaires à court terme, grâce à des études menées par des agences de santé françaises ou européennes.

Une étude menée conjointement par l’Agence nationale de sécurité du médicament et des produits de santé (ANSM) et la Caisse nationale d’assurance maladie, sous le nom d’EPI-PHARE, avait déjà examiné le risque de myocardite (inflammation du muscle cardiaque) et de péricardite (inflammation de la membrane entourant le cœur) associées aux vaccins à ARN messager chez les personnes âgées de 12 à 50 ans en France.

Depuis juillet 2021, il est officiellement reconnu que la myocardite et la péricardite peuvent être des effets secondaires indésirables pouvant survenir dans les sept jours suivant la vaccination par un vaccin à ARN messager, en particulier chez les jeunes hommes, et dans une moindre mesure chez les femmes. Cependant, cet effet secondaire est assez rare ; il a été constaté qu’il se produisait chez seulement 132 hommes et 37 femmes pour un million de doses administrées, en ce qui concerne la myocardite, et légèrement moins pour la péricardite.

Parmi les autres effets secondaires des vaccins Pfizer ou Moderna, les troubles menstruels sont fréquemment rapportés, tels que des saignements anormalement longs pendant ou en dehors des règles, parfois une absence totale de règles pendant plusieurs mois, et souvent des douleurs pelviennes importantes. Chez les femmes atteintes d’endométriose, des réactivations de leurs symptômes ont également été décrites, même lorsque la maladie était bien contrôlée jusqu’alors. Chez les femmes ménopausées, des saignements anormaux ont aussi été observés.

Dans la plupart des cas, ces troubles menstruels ont été de courte durée,"
https://www.dreuz.info/2019/04/israel-bombarde-des-cibles-iraniennes-et-du-hezbollah-en-syrie-188960.html,0,0,0,0,1,0,0,0,0,"Titre :Israël bombarde des cibles iraniennes et du Hezbollah en Syrie texte :Selon de nombreux reportages des médias, plusieurs explosions ont été entendues dans toute la ville syrienne de Masyaf. L’armée syrienne a annoncé que le pays a été bombardé par plusieurs missiles israéliens, dont certains ont été interceptés avec succès par les moyens de défense aérienne ; d’autres ont atteint plusieurs bâtiments, y compris un poste militaire dans la ville, qui se situe à proximité d’un hôpital afin de se servir des malades comme bouclier humain. Au moins trois soldats ont été blessés lors de l’attaque dans la région nord-ouest du pays et ont été transférés dans un hôpital pour y être soignés. Selon l’opposition syrienne, les cibles atteintes étaient des installations utilisées par les forces iraniennes et celles du groupe terroriste Hezbollah. SANA, l’agence de presse syrienne officielle a confirmé qu’il y a eu trois blessés et plusieurs bâtiments détruits. Les médias syriens ont déclaré que les avions israéliens ont attaqué des cibles militaires près de la ville de Masyaf, dans la province occidentale de Hama, dans la nuit de vendredi à samedi 13 avril vers 2h30 du matin. L’agence de presse officielle syrienne SANA a précisé que l’armée de l’air israélienne a tiré des missiles depuis l’espace aérien libanais. Le rapport affirme que les défenses aériennes syriennes ont abattu plusieurs missiles. D’autres explosions ont également été signalées plus tôt dans la journée au nord-ouest du pays. Reproduction autorisée avec la mention suivante : © Jean-Patrick Grumberg pourDreuz.info. Si vous êtes chez Orange, Wanadoo, Free etc, ils bloquent notre newsletter. Prenez un compte chezProtonmail, qui protège votre anonymat Dreuz ne spam pas ! Votre adresse email n'est ni vendue, louée ou confiée à quiconque. L'inscription est gratuite et ouverte à tous Vérifiez votre boite de réception ou votre répertoire d’indésirables pour confirmer votre abonnement.",Israël bombarde des cibles iraniennes et du Hezbollah en Syrie,"Title: Israel Bombs Iranian and Hezbollah Targets in Syria

Text: According to numerous media reports, several explosions were heard throughout the Syrian city of Masyaf. The Syrian army announced that the country was bombed by several Israeli missiles, some of which were successfully intercepted by air defense systems; others hit several buildings, including a military post in the city, which is located near a hospital to use patients as human shields. At least three soldiers were injured during the attack in the northwest region of the country and were transferred to a hospital for treatment. According to the Syrian opposition, the targets hit were facilities used by Iranian forces and those of the terrorist group Hezbollah. SANA, the official Syrian news agency, confirmed that there were three injuries and several buildings destroyed. Syrian media reported that Israeli aircraft attacked military targets near the city of Masyaf, in the western province of Hama, during the night from Friday to Saturday, April 13, around 2:30 a.m. The official Syrian news agency SANA specified that the Israeli Air Force launched missiles from Lebanese airspace. The report states that Syrian air defenses shot down several missiles. Other explosions were also reported earlier in the day in the northwest of the country. Reproduction authorized with the following mention: © Jean-Patrick Grumberg for Dreuz.info. If you are with Orange, Wanadoo, Free, etc., they block our newsletter. Open an account with Protonmail, which protects your anonymity. Dreuz does not spam! Your email address is neither sold, rented, nor entrusted to anyone. Registration is free and open to all. Check your inbox or spam folder to confirm your subscription.","Titre : Israël bombarde des cibles iraniennes et du Hezbollah en Syrie

Texte : Selon de nombreux médias, plusieurs explosions ont été entendues dans la ville syrienne de Masyaf. L'armée syrienne a annoncé que le pays avait été bombardé par plusieurs missiles israéliens, dont certains ont été interceptés avec succès par les systèmes de défense aérienne ; d’autres ont frappé plusieurs bâtiments, dont un poste militaire dans la ville, située près d’un hôpital utilisant des patients comme boucliers humains. Au moins trois soldats ont été blessés lors de l’attaque dans la région nord-ouest du pays et ont été transférés à l’hôpital pour recevoir des soins. Selon l’opposition syrienne, les cibles touchées étaient des installations utilisées par les forces iraniennes et celles du groupe terroriste Hezbollah. SANA, l’agence de presse officielle syrienne, a confirmé qu’il y avait trois blessés et plusieurs bâtiments détruits. Les médias syriens ont rapporté que des avions israéliens ont attaqué des cibles militaires près de la ville de Masyaf, dans la province occidentale de Hama, dans la nuit du vendredi au samedi 13 avril, vers 2h30 du matin. L’agence de presse syrienne officielle SANA a précisé que l’Armée de l’air israélienne avait lancé des missiles depuis l’espace aérien libanais. Le rapport indique que les défenses aériennes syriennes ont abattu plusieurs missiles. D’autres explosions ont également été signalées plus tôt dans la journée dans le nord-ouest du pays. Reproduction autorisée avec la mention suivante : © Jean-Patrick Grumberg pour Dreuz.info. Si vous êtes chez Orange, Wanadoo, Free, etc., ils bloquent notre newsletter. Ouvrez un compte chez Protonmail, qui protège votre anonymat. Dreuz ne fait pas de spam ! Votre adresse e-mail n’est ni vendue, ni louée, ni confiée à quiconque. L’inscription est gratuite et ouverte à tous. Vérifiez votre boîte de réception ou votre dossier spam pour confirmer votre abonnement."
https://www.dreuz.info/2020/12/joe-biden-nomme-des-cretins-dans-son-eventuel-cabinet-232133.html,1,1,1,1,1,0,1,1,0,"Titre :Joe Biden nomme des crétins dans son éventuel cabinet texte :Si Joe Biden croyait réellement avoir été élu président des États-Unis en toute équité, il se comporterait en président de tous les Américains comme il l’avait annoncé. Sauf que dans son empressement à récompenser ses alliés gauchistes et à punir les partisans du Président Trump, il nomme à son éventuel cabinet des «experts» qui feraient payer plus de taxes et ruineraient les Américains de la classe moyenne en prolongeant le confinement pour lutter contre la pandémie et en adoptant des mesures destructrices comme solutions contre les changements climatiques. Pour les lecteurs de Dreuz, j’ai traduit l’article de Monica Showalter, paru sur le site d’American Thinker, le 21 décembre. ************************** Tentant désespérément de prouver qu’il n’est pas un simple bidouilleur politique de 47 ans et de se distinguer du Président Trump, Joe Biden a fait tout un plat de «l’écoute des experts» et du «suivi de la science», comme s’il voulait faire croire que le brillant outsider non politique Donald Trump était une sorte d’amateur. «Voici venir les adultes», clamait un gros titre deThe New Republic. «Les choix du cabinet de Joe Biden envoient un message clair : Les adultes sont de retour aux commandes», s’est réjoui le magazineVogue. Et aucun n’a été plus bruyant que le politicien de 47 ans lui-même. Il a déclaré : SurTwitterle 2 novembre . Nous avons besoin d’un président qui écoute réellement des experts comme le Dr Fauci. Le 19 avril. Aucun président ne peut promettre de prévenir de futures épidémies. Mais je peux vous promettre que lorsque je serai président, nous nous préparerons mieux, nous réagirons mieux et nous nous rétablirons mieux. Nous écouterons les experts et tiendrons compte de leurs conseils. Et je vous dirai toujours la vérité. Trump refuse d’écouter les experts et de prendre des mesures – et nous en payons tous le prix Alors pourquoi le soi-disant « président élu » qui aime les experts fait-il quelque chose de très différent ? Pourquoi remplit-il son cabinet d’alliés politiques ignares et de crétins sans expérience ? LeNew York Posta publié un excellent éditorial sur tous ces soi-disant experts que Joe met de l’avant pour diriger son futur gouvernement, se demandant s’il les a sélectionnés en utilisant un jeu de fléchettes. Voici un échantillon, mais la liste est beaucoup plus longue. 1.Prenons l’exemple de la Représentante d’un district de l’Ohio,Marcia Fudge, qui devrait diriger le Département du logement et du développement urbain (DLU) : Elle a peu d’expérience en matière de logement, sauf en tant que maire d’une petite ville. À la Chambre des Représentants, elle s’est concentrée sur son service au sein de la Commission de l’agriculture. Il y a un mois, elle a déclaré àPolitico: «Nous allons devoir arrêter de ne considérer que pour certaines agences comme celles dans lesquelles les gens comme moi s’intègrent… l’idée c’est toujours de « mettre une personne noire au Département du Travail ou au DLU». Pourtant, elle est noire, et nommée au DLU. 2.Pete Buttigiegpour le Département des transports ? Sa principale expérience est celle de maire de South Bend, en Indiana, dont le réseau de transport en commun compte 66 bus. 3. Et pourquoi le procureur général de la Californie,Xavier Becerraserait-il nommé au Département de la santé et les services sociaux ? Ce n’est pas un professionnel de la santé, bien qu’il ait intenté plus de 100 procès à l’Administration Trump au sujet de la Loi d’Obama sur les soins abordables – se battant, par exemple, pour obliger les institutions catholiques à offrir une couverture à ses employées en matière d’avortement. 4.Susan Rice, une ex-« professionnelle » de la politique étrangère serait mise en charge de la politique intérieure ? 5. Jennifer Granholm, pour gérer le stock nucléaire et les réserves d’uranium du pays ? 6.John Kerry,en tant que responsable de la lutte contre le changement climatique ? Ce doit être l’endroit où les Démocrates collent leurs anciens candidats à la présidence, qui ont échoué (comme l’ex-VP, Al Gore).Et leNY Posten a encore plus. Et tandis que nous parlons d’« experts », comment se porte le bilan duDr Anthony Fauci, tant adulé par Joe Biden ? L’homme qui a dit qu’on n’avait «pas besoin de masque», puis que les masques étaient obligatoires pour tous, puis a omis d’en porter un lors d’un match de base-ball où il se trouvait avec des amis qui ne vivent pas dans son foyer ? Ses conseils permanents sur le confinement contredisent l’étude de l’Université d’Oxford réalisée par de vrais médecins décrivant le fonctionnement de l’immunité collective, avec des recommandations pour mettre fin à des confinements beaucoup trop destructeurs, ainsi qu’à un acte inutile qui ne fait que prolonger la pandémie. La condamnation par le Dr Fauci de l’hydroxychloroquine a été remise en question. Oh, et même si le Dr Fauci exerce son pouvoir avec empressement, en passant d’une position à l’autre, les suicides, les cancers et les maladies cardiaques non traités à cause des confinements sont en hausse. Il ne prête pas attention à l’économie. Le Dr Fauci n’est pas exactement intéressé par les questions de durabilité ou d’équilibre. Mais nous sommes ici avec Joe Biden, qui prétend nommer des experts, alors que ce que nous voyons, c’est un équilibre racial dans les nominations, des nominations des membres de son cabinet basée sur une approche simpliste de peinture à numéros, ainsi que des récompenses pour des acolytes ignorants. Le résultat net est sur le point de devenir une règle pour des politiciens corrompus qui trouvent le moyen de se remplir les poches tout en nommant une foule d’incompétents pour servir le peuple américain. Vous avez confiance dans la distribution du vaccin sous la direction du Président Biden ? Dans l’Administration Obama-Biden, personne n’a jamais été licencié pour incompétence. Pour avoir parlé quand ce n’était pas son tour, bien sûr qu’Obama pouvait licencier le Général Stanley McChrystal. Mais l’incompétence, les mensonges, la perte de crédibilité… eh bien, cela mène à des postes au sein du cabinet. Demandez à Susan Rice. Joe Biden, en tant que maître de la machine politique, dont l’objectif premier est la perpétuation du pouvoir démocrate et la californization de la politique nationale grâce à un parti unique socialiste (du genre Parti révolutionnaire institutionnel comme au Mexique), n’est pas un expert, ni un homme de confiance, ni un génie dans le choix de ses ministres, mais un amateur, choisi pour son utilité politique. Si la compétence était importante pour lui, il choisirait différemment. Mais ce n’est pas le cas. La compétence n’est importante que pour les Américains, et il n’a pas «gagné» l’élection grâce à eux, donc dans son esprit, il ne leur doit rien. Reproduction autorisée avec la mention suivante : © Traduction de Magali Marc (@magalimarc15) pourDreuz.info. Source :Americanthinker Si vous êtes chez Orange, Wanadoo, Free etc, ils bloquent notre newsletter. Prenez un compte chezProtonmail, qui protège votre anonymat Dreuz ne spam pas ! Votre adresse email n'est ni vendue, louée ou confiée à quiconque. L'inscription est gratuite et ouverte à tous Vérifiez votre boite de réception ou votre répertoire d’indésirables pour confirmer votre abonnement.",Joe Biden nomme des crétins dans son éventuel cabinet,"Title: Joe Biden appoints idiots to his potential cabinet

Text:  
If Joe Biden truly believed he was elected President of the United States fairly, he would behave as the president of all Americans, as he had announced. However, in his eagerness to reward his leftist allies and punish supporters of President Trump, he is appointing “experts” to his potential cabinet who would raise taxes and ruin middle-class Americans by extending lockdowns to fight the pandemic and adopting destructive measures as solutions to climate change.  

For Dreuz readers, I have translated the article by Monica Showalter, published on the American Thinker website, on December 21.

**************************

Desperately trying to prove he is not just a 47-year-old political hack and to distinguish himself from President Trump, Joe Biden has made a big deal about “listening to experts” and “following science,” as if he wanted to make it seem that the brilliant non-political outsider Donald Trump was some kind of amateur.  

“Here come the adults,” proclaimed a big headline in The New Republic.  
“Joe Biden’s cabinet choices send a clear message: The adults are back in charge,” cheered Vogue magazine.  

And no one was louder than the 47-year-old politician himself. He declared:  

On Twitter, November 2:  
“We need a president who actually listens to experts like Dr. Fauci.”  

April 19:  
“No president can promise to prevent future epidemics. But I can promise you that when I am president, we will be better prepared, respond better, and recover better. We will listen to the experts and heed their advice. And I will always tell you the truth.”  

Trump refuses to listen to experts and to take measures – and we all pay the price.  

So why does the so-called “elected president” who claims to love experts do something very different? Why is he filling his cabinet with ignorant political allies and clueless amateurs?  

The New York Post published an excellent editorial about all these so-called experts Joe is promoting to lead his future government, wondering if he selected them using a dartboard. Here is a sample, but the list is much longer.  

1. Take the example of Ohio district representative Marcia Fudge, who is supposed to lead the Department of Housing and Urban Development (HUD):  
She has little experience in housing, except as mayor of a small town. In the House of Representatives, she focused on","Titre : Joe Biden nomme des idiots à son éventuel cabinet

Texte :  
Si Joe Biden croyait vraiment avoir été élu président des États-Unis de manière équitable, il se comporterait comme le président de tous les Américains, comme il l’avait annoncé. Cependant, dans son empressement à récompenser ses alliés de gauche et à punir les supporters du président Trump, il nomme des « experts » à son éventuel cabinet qui augmenteraient les taxes et ruineraient les Américains de la classe moyenne en étendant les confinements pour lutter contre la pandémie et en adoptant des mesures destructrices comme solutions au changement climatique.  

Pour les lecteurs de Dreuz, j’ai traduit l’article de Monica Showalter, publié sur le site American Thinker, le 21 décembre.

**************************

Cherchant désespérément à prouver qu’il n’est pas simplement un politicard de 47 ans et à se distinguer du président Trump, Joe Biden a beaucoup insisté sur « écouter les experts » et « suivre la science », comme s’il voulait faire croire que le brillant outsider non-politicien Donald Trump était un amateur.  

« Voici venir les adultes », proclamait en gros titre The New Republic.  
« Les choix de cabinet de Joe Biden envoient un message clair : les adultes sont de retour aux commandes », se réjouissait Vogue.  

Et personne n’était plus bruyant que le politicien lui-même, âgé de 47 ans. Il a déclaré :  

Sur Twitter, le 2 novembre :  
« Nous avons besoin d’un président qui écoute réellement les experts comme le Dr Fauci. »  

Le 19 avril :  
« Aucun président ne peut promettre de prévenir les futures épidémies. Mais je peux vous promettre qu’en tant que président, nous serons mieux préparés, réagirons mieux et nous remettrons mieux. Nous écouterons les experts et suivrons leurs conseils. Et je vous dirai toujours la vérité. »  

Trump refuse d’écouter les experts et de prendre des mesures – et nous en payons tous le prix.  

Alors pourquoi le soi-disant « président élu » qui prétend aimer les experts fait-il quelque chose de tout à fait différent ? Pourquoi remplit-il son cabinet d’alliés politiques ignorants et d’amateurs sans aucune idée ?  

Le New York Post a publié un excellent éditorial sur tous ces soi-disant"
https://www.dreuz.info/2021/04/rudolph-giuliani-a-autorise-la-publication-de-la-declaration-suivante-concernant-le-raid-du-fbi-chez-lui-le-28-avril-242948.html,1,1,1,0,1,0,1,1,0,"Titre :Rudolph Giuliani a autorisé la publication de la déclaration suivante concernant le raid du FBI chez lui le 28 avril texte :Devenez « lecteur premium », pour avoir accès à une navigation sans publicité, et nous soutenir financièrement pour continuer de défendre vos idées ! En tant que lecteur premium, vous pouvez également participer à la discussion et publier des commentaires. Le département de la justice de Biden a complètement ignoré les preuves évidentes (que le FBI avait depuis plus d’un an) contenues dans des textes et des emails sur le disque dur de Hunter Biden, concernant l’absence d’enregistrement à de nombreuses reprises en tant qu’agent étranger, les images de pornographie infantile, le blanchiment d’argent, et 30 ans de pots-de-vin de la famille criminelle Biden pour vendre ses fonctions publiques. Au lieu de cela, le ministère de la Justice a décidé qu’il était plus prioritaire de délivrer (à l’aube) des mandats de perquisition pour des appareils électroniques au domicile et au cabinet de l’ancien maire Rudolph Giuliani. Les mandats de perquisition ne concernent qu’un seul incident présumé de non-enregistrement en tant qu’agent étranger. Cela contraste avec les multiples incidences prouvées de non-déclaration en tant qu’agent étranger contenues sur le disque dur de Biden, que le FBI et le ministère de la Justice ont ignorées. Vous n’avez pas vu le domicile de Hunter Biden perquisitionné par le FBI avec des mandats de perquisition. Ce comportement du ministère de la Justice, rendu possible par des médias complaisants, qui foule aux pieds les droits constitutionnels de toute personne impliquée dans l’affaire de l’ancien président Donald J. Trump ou qui la défend légalement, devient la règle plutôt que l’exception. C’est aussi un exemple clair d’un double standard de corruption. Les appareils électroniques confisqués [chez Giuliani] sont, également, remplis de matériel couvert par le secret professionnel et la confidentialité des correspondances entre l’avocat et son client, et d’autres privilèges protégés par la constitution. Le mandat délivré au cabinet d’avocats de M. Giuliani est un autre exemple troublant du mépris total du secret professionnel protégé par le sixième amendement de la Constitution. Qu’est-ce qui a changé depuis ? Une nouvelle administration – un nouveau procureur général. Ont-ils été informés de l’offre de M. Costello ? Le juge qui a signé le mandat de perquisition a-t-il été informé de l’offre de M. Costello ? Nous pensons que non. Par deux fois, l’avocat de M. Giuliani a proposé de rencontrer le SDNY et de démontrer que la conduite de M. Giuliani était légale. Il est scandaleux que le « syndrome de dérangement de Trump » soit allé si loin que la haine soit à l’origine de cette attaque injustifiée et contraire à l’éthique contre l’ancien procureur des États-Unis et maire de New York qui a fait plus pour réduire la criminalité que pratiquement n’importe quel autre dans l’histoire américaine. M. Giuliani respecte la loi, et il peut démontrer que sa conduite en tant qu’avocat et citoyen était absolument légale et éthique. Bien sûr, je suis sûr que vous ne serez pas surpris d’apprendre que le FBI n’a pas saisi les appareils électroniques et les disques durs de Hunter Biden qui contiennent des preuves de crimes. Le maire Giuliani les a offerts à plusieurs reprises, mais les agents ont fermement refusé. Gardez à l’esprit que les agents ne pouvaient pas lire les disques durs sans les brancher, mais ils ont cru M. Giuliani sur parole en affirmant que les disques durs étaient des copies du disque dur de Hunter Biden, et qu’ils ne contenaient rien concernant M. Giuliani. Réfléchissez à ce que cela veut dire : leur confiance dans la crédibilité de M. Giuliani vous dit tout ce que vous devez savoir sur toute cette affaire. Trump a déclaré jeudi à Fox Business que Giuliani était « le plus grand maire de l’histoire de New York » et « un grand patriote ». « C’est très, très injuste », a déclaré Trump à propos du raid de mercredi. « Rudy aime tellement ce pays, c’est tellement terrible quand on voit les choses qui se passent dans notre pays avec la corruption et les problèmes et qu’ils s’en prennent à Rudy Giuliani ». Je veux rappeler ici comment les médias ont accusé Trump d’être un dictateur, un Mussolini, un Hitler souvent, et vous demander de faire appel à votre mémoire : combien de fois le FBI ou le département de la Justice de Trump a-t-il été envoyé à l’aube contre un Démocrate ? Contre la fondation Clinton ? Contre les hauts dignitaires, sénateurs et élus du parti démocrate, et membres de la Maison-Blanche qui ont révélé des informations confidentielles aux médias ? Zéro. Comme disait ma mère : « trop bon, trop con ». Le président Biden a déclaré jeudi qu’il n’était pas au courant à l’avance de la descente du FBI dans l’appartement de Rudy Giuliani à Manhattan. « Je vous donne ma parole que je n’étais pas au courant, j’ai fait une promesse : Je me suis engagé à ne pas intervenir », a déclaré M. Biden lors d’une interview avec Craig Melvin de NBC News. « J’ai appris la nouvelle hier soir ». Biden a ajouté : « Le ministère de la Justice est l’avocat du peuple, pas l’avocat du président. » Vous je ne sais pas, mais dans ma vie, l’expérience m’a indiqué de douter des gens qui commencent une phrase par « je vous donne ma parole ». Les gens qui ne mentent pas ne se sentent pas obligés de dégainer ainsi pour prouver leur bonne foi. Cela ne veut pas dire que Biden était au courant – je le soupçonne, cet idiot, de ne pas être au courant de grand-chose. Reproduction autorisée avec la mention suivante : © Jean-Patrick Grumberg pourDreuz.info. Abonnez-vous sans tarder à notre chaîne Telegram, pour le cas où Dreuz soit censuré, ou son accès coupé.Cliquez ici :Dreuz.Info.Telegram. Si vous êtes chez Orange, Wanadoo, Free etc, ils bloquent notre newsletter. Prenez un compte chezProtonmail, qui protège votre anonymat Dreuz ne spam pas ! Votre adresse email n'est ni vendue, louée ou confiée à quiconque. L'inscription est gratuite et ouverte à tous Vérifiez votre boite de réception ou votre répertoire d’indésirables pour confirmer votre abonnement.",Rudolph Giuliani a autorisé la publication de la déclaration suivante concernant le raid du FBI chez lui le 28 avril,"Title: Rudolph Giuliani Authorized the Publication of the Following Statement Regarding the FBI Raid at His Home on April 28

Text:
Become a ""premium reader"" to gain access to ad-free browsing and to support us financially so we can continue defending your ideas! As a premium reader, you can also participate in discussions and post comments.

The Biden Department of Justice has completely ignored clear evidence (which the FBI had for over a year) contained in texts and emails on Hunter Biden's hard drive, concerning his repeated failure to register as a foreign agent, images of child pornography, money laundering, and 30 years of bribes from the Biden criminal family to sell their public offices. Instead, the Department of Justice decided it was more urgent to issue (at dawn) search warrants for electronic devices at the home and office of former Mayor Rudolph Giuliani. The warrants concern only one alleged incident of failure to register as a foreign agent. This contrasts with the multiple proven instances of non-declaration as a foreign agent contained on Biden's hard drive, which the FBI and DOJ have ignored.

You did not see Hunter Biden's residence being raided by the FBI with search warrants. This behavior by the Department of Justice, enabled by complicit media that trample on the constitutional rights of anyone involved in or defending former President Donald J. Trump’s case, is becoming the norm rather than the exception. It is also a clear example of a double standard of corruption.

The electronic devices seized [from Giuliani] are also filled with material protected by attorney-client privilege, confidentiality of correspondence between lawyer and client, and other rights protected by the Constitution. The warrant issued to Mr. Giuliani’s law firm is another troubling example of total disregard for attorney-client privilege protected by the Sixth Amendment.

What has changed since? A new administration – a new Attorney General. Have they been informed of Mr. Costello’s offer? Was the judge who signed the search warrant informed of Mr. Costello’s offer? We believe not. Twice, Mr. Giuliani’s lawyer offered to meet with SDNY and demonstrate that Mr. Giuliani’s conduct was legal. It is scandalous that the “Trump derangement syndrome” has gone so far that hatred is the driving force behind this unjustified and unethical attack on the former U.S. prosecutor and New York mayor, who has done more to reduce crime than almost anyone else in American history.

Mr. Giuliani respects the law, and he can demonstrate that his conduct as","Titre : Rudolph Giuliani a autorisé la publication de la déclaration suivante concernant la perquisition du FBI à son domicile le 28 avril

Texte :
Devenez un « lecteur premium » pour accéder à une navigation sans publicité et pour nous soutenir financièrement afin que nous puissions continuer à défendre vos idées ! En tant que lecteur premium, vous pouvez également participer à des discussions et publier des commentaires.

Le département de la Justice de Biden a complètement ignoré des preuves claires (que le FBI détenait depuis plus d’un an) contenues dans des textos et des courriels sur le disque dur de Hunter Biden, concernant ses multiples manquements à s’enregistrer en tant qu’agent étranger, des images de pornographie enfantine, du blanchiment d’argent et 30 ans de pots-de-vin de la famille criminelle Biden pour vendre leurs fonctions publiques. Au lieu de cela, le département de la Justice a décidé qu’il était plus urgent de délivrer (à l’aube) des mandats de perquisition pour des appareils électroniques au domicile et au bureau de l’ancien maire Rudolph Giuliani. Les mandats concernent uniquement un incident présumé de non-enregistrement en tant qu’agent étranger. Cela contraste avec les multiples cas avérés de non-déclaration en tant qu’agent étranger contenus sur le disque dur de Biden, que le FBI et le DOJ ont ignorés.

Vous n’avez pas vu la résidence de Hunter Biden faire l’objet d’une perquisition par le FBI avec des mandats de recherche. Ce comportement du département de la Justice, facilité par des médias complices qui foulent aux pieds les droits constitutionnels de toute personne impliquée ou défendant le cas de l’ancien président Donald J. Trump, devient la norme plutôt que l’exception. C’est aussi un exemple clair de double standard de corruption.

Les appareils électroniques saisis [chez Giuliani] sont également remplis de matériel protégé par le secret professionnel entre avocat et client, la confidentialité de la correspondance entre avocat et client, et d’autres droits protégés par la Constitution. Le mandat délivré au cabinet d’avocats de M. Giuliani est un autre exemple troublant de mépris total pour le secret professionnel protégé par le Sixième Amendement.

Qu’est-ce qui a changé depuis ? Une nouvelle administration – un nouveau procureur général. Ont-ils été informés de l’offre de M. Costello ? Le juge qui a signé le"
https://www.dreuz.info/2021/08/suisse-une-rentree-politique-sous-le-signe-du-viol-249468.html,0,1,0,0,1,0,0,0,0,"Titre :Suisse : une rentrée politique sous le signe du viol texte :En tant que lecteur premium, vous pouvez également participer à la discussion et publier des commentaires. C’est la rentrée parlementaire à Berne. Lundi et mardi, la Commission des affaires juridiques (CAJ) du Conseil des États traitera de la révision du droit pénal en matière sexuelle. Dans cet exercice, elle s’occupera du sujet sensible du moment: la redéfinition du viol dans le Code pénal. Samedi, une quinzaine de membres d’un collectif féministe romand se sont rendus dans la profonde vallée du Lötschental, sur la commune de Wiler. C’est ici qu’habite le président de cette commission, le conseiller aux États valaisan Beat Rieder (C/VS). Une fois encore, les féministes ont fait passer le message, concernant ce qu’elles attendent de cette loi: la notion de consentement, plutôt que l’actuel concept de contrainte. Cette visite chez le très conservateur élu valaisan a coïncidé avec une polémique qui s’est enflammée à Bâle. Fin juillet, la Cour d’appel de ce canton a réduit la peine infligée à un violeur. Condamné en première instance à 51 mois de prison, il a vu sa peine réduite à 36 mois, dont la moitié ferme. La cour a motivé sa mansuétude en évoquant l’attitude de la victime qui aurait «joué avec le feu» ou donné un «mauvais signal». De plus, la durée du viol de 11 minutes a été qualifiée de «courte» et la victime n’aurait pas eu de lourdes séquelles. Ce sont les juges bâlois qui ont joué avec le feu en avançant de tels arguments dans le contexte actuel. La détermination des mouvements féministes est très forte contre cette situation, où l’on fait porter à la victime d’un viol une part de responsabilité. A Bâle, dimanche, une manifestation a réuni 500 personnes qui ont fait 11 minutes de silence en hommage à la victime. Amnesty International a lancé une campagne de sensibilisation nationale: «Seul un oui est un oui». Le 31 août, une grande manifestation aura lieu à Berne pour faire pression sur les membres de la CAJ. Le Conseil des États devrait débattre du sujet en plénum, durant la session d’automne qui débute le 13 septembre. En l’état actuel, le projet de loi ne contient pas la notion de consentement. Globalement, il élargit les types d’infractions et durcit les peines. La Commission des affaires juridiques risque d’être très partagée sur le sujet. Son président Beat Rieder n’a pas la réputation d’être un progressiste mais la composition de la CAJ est assez équilibrée. On y trouve, notamment, Liza Mazzone (Verts/GE), Céline Vara (Verts/NE) et Carla Sommaruga (PS/GE). Il s’y trouve cependant une majorité bourgeoise qui peut faire obstacle au consentement. Cela se jouera à une ou deux voix en commission. Abonnez-vous sans tarder à notre chaîne Telegram, pour le cas où Dreuz soit censuré, ou son accès coupé.Cliquez ici :Dreuz.Info.Telegram. Si vous êtes chez Orange, Wanadoo, Free etc, ils bloquent notre newsletter. Prenez un compte chezProtonmail, qui protège votre anonymat Dreuz ne spam pas ! Votre adresse email n'est ni vendue, louée ou confiée à quiconque. L'inscription est gratuite et ouverte à tous Vérifiez votre boite de réception ou votre répertoire d’indésirables pour confirmer votre abonnement.",Suisse : une rentrée politique sous le signe du viol,"Title: Switzerland: A Political Return Under the Sign of Rape

Text: As a premium reader, you can also participate in the discussion and post comments. It’s the start of the parliamentary session in Bern. On Monday and Tuesday, the Legal Affairs Committee (CAJ) of the Council of States will discuss the revision of criminal law regarding sexual offenses. In this session, they will address the sensitive topic of the moment: redefining rape in the Penal Code.

On Saturday, about fifteen members of a feminist collective from the French-speaking part of Switzerland visited the deep Lötschental valley, in the municipality of Wiler. This is where the president of this committee, the Valaisan Councilor of States Beat Rieder (C/VS), resides. Once again, feminists conveyed their message regarding their expectations for this law: the notion of consent, rather than the current concept of coercion.

This visit to the very conservative elected official from Valais coincided with a controversy that ignited in Basel. At the end of July, the Court of Appeal of this canton reduced the sentence given to a rapist. Convicted in the first instance to 51 months in prison, his sentence was reduced to 36 months, half of which was to be served in prison. The court justified its leniency by citing the victim’s attitude, which allegedly “played with fire” or sent a “bad signal.” Additionally, the 11-minute duration of the rape was described as “short,” and the victim was said not to have suffered severe consequences.

It is the Basel judges who played with fire by advancing such arguments in the current context. Feminist movements are strongly determined against this situation, where responsibility for a rape is partly shifted onto the victim. In Basel, on Sunday, a demonstration gathered 500 people who observed 11 minutes of silence in tribute to the victim. Amnesty International launched a national awareness campaign: “Only yes means yes.” On August 31, a large demonstration will take place in Bern to pressure the members of the CAJ. The Council of States is expected to debate the issue in plenary during the autumn session starting September 13.

As it stands, the draft law does not include the notion of consent. Overall, it broadens the types of offenses and increases penalties. The Legal Affairs Committee is likely to be very divided on this issue. Its president, Beat Rieder, does not have a reputation as a progressive, but the composition of the CA","Titre : Suisse : un retour politique sous le signe du viol

Texte : En tant que lecteur premium, vous pouvez également participer à la discussion et publier des commentaires. C’est le début de la session parlementaire à Berne. Lundi et mardi, la Commission des affaires juridiques (CAJ) du Conseil des États examinera la révision du droit pénal concernant les infractions sexuelles. Lors de cette session, ils aborderont le sujet sensible du moment : la redéfinition du viol dans le Code pénal.

Samedi, une quinzaine de membres d’un collectif féministe de la partie francophone de la Suisse ont visité la vallée profonde du Lötschental, dans la commune de Wiler. C’est là que réside la présidente de cette commission, la conseillère aux États valaisanne Beat Rieder (C/VS). Une fois de plus, les féministes ont transmis leur message concernant leurs attentes pour cette loi : la notion de consentement, plutôt que le concept actuel de coercition.

Cette visite de l’élue très conservatrice du Valais a coïncidé avec une controverse qui a éclaté à Bâle. Fin juillet, la Cour d’appel de ce canton a réduit la peine infligée à un violeur. Condamné en première instance à 51 mois de prison, sa peine a été ramenée à 36 mois, dont la moitié doit être purgée en prison. La cour a justifié sa clémence en évoquant l’attitude de la victime, qui aurait « joué avec le feu » ou envoyé un « mauvais signal ». De plus, la durée de 11 minutes du viol a été qualifiée de « courte », et il a été dit que la victime n’avait pas subi de conséquences graves.

Ce sont les juges bâlois qui ont joué avec le feu en avançant de tels arguments dans le contexte actuel. Les mouvements féministes sont fortement déterminés contre cette situation, où la responsabilité d’un viol est en partie déportée sur la victime. À Bâle, dimanche, une manifestation a rassemblé 500 personnes qui ont observé 11 minutes de silence en hommage à la victime. Amnesty International a lancé une campagne de sensibilisation nationale : « Only yes means yes » (Seulement oui signifie oui). Le 31 août, une grande manifestation aura lieu à Berne pour faire pression sur les membres de la CAJ"
https://www.dreuz.info/2021/10/la-misere-energetique-pour-punir-les-consommateurs-253129.html,0,1,1,1,1,0,1,1,0,"Titre :La misère énergétique, pour punir les consommateurs texte :On se souvient que le célèbre gauchiste américain Michael Moore[1]s’en était pris au lobby de l’électricité verte dans son documentaire «Planet of the Humans»véritable bombe anti-énergies renouvelables. Aujourd’hui un éditorialiste conservateur anglais n’hésite pas à le faire en s’en prenant, non pas à Greta Thunberg, mais au Premier ministre britannique qu’il a pourtant soutenu. Energie : Et si la fracturation hydraulique (extraction de gaz de schiste) était la solution pour l’Angleterre, questionne un éditorialiste conservateur en s’appuyant sur un éditorial du journaliste Boris Johnson. Devenez « lecteur premium », pour avoir accès à une navigation sans publicité, et nous soutenir financièrement pour continuer de défendre vos idées ! En tant que lecteur premium, vous pouvez également participer à la discussion et publier des commentaires. La fracturation hydraulique (extraction de gaz de schiste), écrit l’écrivain et journaliste conservateur anglais James Delingpole, dont l’idéologie verte n’est pas la tasse de thé, aurait pu épargner à la Grande-Bretagne son «hiver de mécontentement» qui s’annonce ; ce que Bojo sait d’autant mieux que, journaliste auTelegraph, il écrivait en 2012 dans un article prémonitoire[2]: «Nous avons des retraités qui luttent contre la précarité énergétique. Nous avons des entreprises énergétiques qui haussent leurs prix. Nous avons de réelles inquiétudes au sujet de la sécurité de l’approvisionnement énergétique.» Delingpole, journaliste auDaily Mail, auTelegraphou auSpectator, qui lui-même publiait alors «Pastèques : Comment les écologistes tuent la planète, détruisent l’économie et volent l’avenir de vos enfants»[3]– non traduit en français à ce jour -, rappelle que Boris Johnson avait averti dès 2012 que les énergies renouvelables n’étaient pas une solution aux problèmes d’alimentation électrique de base de la Grande-Bretagne : «Les collines et les vallées de la Grande-Bretagne sont arborées de sataniques moulins blancs (with white Satanic mills), et pourtant la contribution totale de l’énergie éolienne est toujours seulement environ 0,4 pour cent des besoins de la Grande-Bretagne. L’énergie des vagues, l’énergie solaire, la biomasse – leur punch collectif n’a aucune puissance, (their collective oomph wouldn’t pull the skin off a rice pudding).» James Delingpole, auteur du «Petit livre vert de l’écofascisme : le plan de la gauche pour effrayer vos enfants, faire grimper les coûts énergétiques et augmenter vos impôts!»[4]– non traduit en français à ce jour -, relance dansBreibart London[5]la question de la fracturation hydraulique, en rappelant qu’elle aurait pu épargner à la Grande-Bretagne son «hiver de mécontentement», l’expression n’est pas sans rappeler le monologue shakespearienNow is the winter of our discontent«Voici venu l’hiver de notre mécontentement» même si aujourd’hui l’«hiver du mécontentement »[6]renvoi à la narrativisation des événements de l’hiver 1978-79 comme «crise» de la gestion sociale-démocrate qui a préparé la victoire idéologique des conservateurs thatchériens. Boris Johnson reconnaissait même que la tendance britannique à l’énergie «propre» la rendrait vulnérable à l’exploitation par des puissances étrangères : «On nous empêche de mettre en place un nouveau système de centrales électriques alimentées au charbon, puisque cela irait à l’encontre de nos engagements de Kyoto. Nous dépendons donc de plus en plus et de façon humiliante du gaz de Vladimir Poutine ou de la puissance atomique de l’État français.» Mais il y avait, ajoutait Boris Johnson avec joie, souligne Delingpole, une solution parfaite sur le pas de la porte de la Grande-Bretagne. Ou, en dessous, plutôt… «Et puis, dans la région de Blackpool – comme par miracle – nous avons peut-être trouvé la solution. L’extraction du gaz de schiste par fracturation hydraulique, ou fracturation hydraulique semble une réponse aux prières de la nation. Il semble qu’il y en ait des quantités, environ 1,3 milliard de barils, et si nous pouvions l’extraire, nous pourrions alimenter nos grille-pain et nos lave-vaisselle dans un avenir prévisible. En offrant l’espoir d’une électricité bon marché, la fracturation rendrait la Grande-Bretagne encore une fois compétitive dans des secteurs industriels – la fusion de la bauxite nous vient à l’esprit – où nous avons perdu espoir. «À lui seul, le processus d’extraction créerait des dizaines de milliers d’emplois dans des régions du pays qui en ont désespérément besoin. Et surtout, la combustion du gaz pour produire de l’électricité est beaucoup plus propre – et produit moins de CO2 – que la combustion du charbon. Qui n’est pas bonne pour le climat, comme on dit ?» What indeed, Boris Johnson. En effet !? Feint de s’étonner Delingpole. Absolument rien de significatif n’a changé depuis que Boris Johnson a écrit ces mots en 2012, conclut-il. Les barils sont toujours là, sous terre, et récupérables. La Grande-Bretagne a encore besoin d’énergie bon marché. Et elle dépend encore cruellement du carburant importé. Et encore plus vulnérable aux problèmes d’approvisionnement. Pourtant, même si chaque mot de cet article reste vrai, l’auteur de celui-ci (maintenant malheureusement le Premier ministre de la Grande-Bretagne, s’étrangle Delingpole qui l’a soutenu aux dernières législatives en 2019) a effectué un demi-tour complet. Les effets seront sans doute désastreux. En effet, la catastrophe a déjà commencé. Selon le Mail[7], la Grande-Bretagne se dirige vers un hiver de mécontentement. «Downing Street a signalé aujourd’hui qu’ils se préparent à un «hiver de mécontentement» après que BP et Tesco ont été forcés de rationner le carburant et de fermer des stations, que les supermarchés ont prévenu de pénuries alimentaires et que d’autres entreprises énergétiques ont fait faillite en raison de la hausse des prix de l’essence. «Lenumber tena déclaré cet après-midi que reconnaître qu’il y a des problèmes auxquels font face de nombreuses industries au Royaume-Uni» alors que le pays se dirige vers les mois les plus froids. «Le porte-parole officiel du Premier ministre a insisté sur le fait qu’il n’y a pas de pénurie de carburant et a exhorté les gens à continuer de remplir leurs véhicules «normalement». Les établissements de soins, prévient Robert Booth dansthe Gardian[8], peuvent être particulièrement touchés :«Les factures de gaz et d’électricité du secteur des soins pourraient doubler cet hiver en raison de la crise énergétique«Les exploitants d’entreprises de soins de santé qui font face à une hausse de 100 p. 100 de leurs factures d’énergie pour garder les résidents au chaud cet hiver ont exigé une intervention urgente du gouvernement pour éviter les fermetures d’établissements.«Un établissement de soins typique de 50 résidents dépense déjà environ 50000 £ par an en gaz et en électricité, mais les hausses de prix pourraient signifier que les exploitants paient le double, selon un courtier en énergie. Les foyers de soins ne sont pas couverts par le plafonnement des prix qui protège les consommateurs domestiques.» MêmeThe Economist[9]pense que l’écologisme insensé du régime de Johnson pourrait s’avérer être contre-productif : «Quelle que soit la teinte politique naturelle d’un électeur britannique — bleue conservatrice, rouge travailliste ou orange libérale démocrate —, ces jours-ci, elle finit par être teintée de vert. Le gouvernement conservateur parle beaucoup de «reconstruire plus vert». Les travaillistes veulent une «révolution industrielle verte». Les libéraux-démocrates se sont servis de leur position de troisième parti pour demander à tout le monde d’aller plus loin et plus vite. Et puis il y a tous les gens qui veulent raser l’économie du carbone après-demain : pas seulement le Parti vert, mais aussi des groupuscules extrémistes commeExtinction RebellionetInsulate Britain. «Ce qui laisse un vide dans le marché pour quelque chose de différent : la politique anti-verte. Le Brexit a transformé la Grande-Bretagne en puisant dans le ressentiment des gens ordinaires à l’égard des élites lointaines, et l’anti-écologisme pourrait faire de même. L’environnementalisme est porté par deux grands croque-mitaines populistes, des experts scientifiques et des institutions multilatérales. Les militants verts rivalisent pour embrouiller le public avec des acronymes et du jargon. Les institutions multilatérales ont préséance sur les assemblées législatives démocratiques pour coordonner l’action mondiale. Dans l’esprit du public, l’écologisme se traduit par des conciliabules mondiaux qui produisent encore plus de directives, et des manifestants qui bloquent les centres-villes et les autoroutes.«Les turbulences sur le marché mondial de l’énergie attirent l’attention des fournisseurs d’énergie britanniques, qui sont aux prises avec la transition des centrales au charbon et au gaz vers les énergies renouvelables. Plus le secrétaire d’affaires, Kwasi Kwarteng, dit qu’il n’est absolument pas question que les lumières s’éteignent, plus les consommateurs s’inquiéteront. «Et d’autres politiques environnementales à l’horizon les frapperont aussi durement. A partir de 2030, la vente de nouvelles voitures essence et diesel sera interdite. Les voitures électriques qui vont les remplacer s’améliorent rapidement, mais pas encore aussi bon marché ou aussi pratique. Pour les citadins, il est assez difficile de trouver un parking sans avoir à chercher un point de recharge trop, et de longs trajets nécessitent une planification.» Si le chroniqueur vedette du plus grand journal de Grande-Bretagne écrivait ce genre de choses en 2012, ces arguments étaient certainement du domaine public – et pouvaient être réfutés par quiconque voulait les réfuter, rappelle faussement naïf l’éditorialiste deBreitbart London. Mais personne n’a jamais réussi à les réfuter. Ou plutôt, personne ne les a honnêtement réfutés. Au lieu de cela, les régimes conservateurs successifs se sont laissés intimider par des groupes de pression verts et des éco-célébrités comme Emma Thompson, et ont enterré l’industrie de la fracturation minière naissante de la Grande-Bretagne en prétendant être d’accord avec leGuardianselon lequel un tremblement de terre à peine perceptible est la même chose qu’un «tremblement de terre». Comme l’explique un article de Spiked[10]: «Le problème, c’est qu’il y a eu un moratoire sur la fracturation hydraulique en Angleterre depuis novembre 2019 en raison des inquiétudes liées aux tremblements de terre. Les inquiétudes se sont intensifiées après un tremblement dans le Lancashire mesuré à 2,9 sur l’échelle de Richter. Ce «tremblement de terre», comme le disait hyperboliquement leGuardian, pouvait se faire sentir dans les villes voisines.«Quelle terrible catastrophe en a résulté ? Un résident de la localité voisine de Lytham St Annes, cité par leGuardian, a déclaré qu’il y avait eu un «grondement très fort», que la «maison entière a tremblé» et qu’une «photo est tombée d’une étagère». Whaoo ! C’était «assez effrayant», semble-t-il ? Dans l’histoire des événements sismiques, ce fut un non-événement.«Comme l’a fait remarquer Cuadrilla, l’entreprise qui gère le site de fracturation, le grondement n’a causé qu’un tiers du mouvement de fond autorisé par la loi pour les projets de construction.» Autrement dit, résume James Delingpole, toute la misère énergétique que connaîtra la Grande-Bretagne au cours des prochains mois — les hausses de prix, les pénuries, les inconvénients, les morts inévitables des personnes âgées prises au piège de la précarité énergétique — est tout à fait inutile et aurait facilement pu être évitée. «Le Premier ministre le savait en 2012. Il n’y a aucune raison pour que soudainement il ne le sache plus en 2021. Franchement, il n’y a pas non plus de raison pour qu’un membre de son Cabinet ne soit pas au courant de la vérité.«Ce qui soulève la question : pourquoi font-ils cela ?«La volonté actuelle du Royaume-Uni d’adopter une politique de consommation énergétique nette zéro (qui signifie d’énormes baisses de l’utilisation du charbon, du pétrole et du gaz) est tout le contraire de ce qui est bon pour le pays, sa population ou son économie. N’importe qui avec la moitié d’un cerveau sait cela, pourtant c’est une fuite en avant à plein régime sur les rochers de la catastrophe verte qui nous attend. Je ne crois pas que ce soit accidentel. J’aimerais savoir qui est vraiment derrière tout cela.«Pas Boris Johnson, c’est sûr», affirme Delingpole. Cela étant le Royaume-Uni affiche ses ambitions sur le front des hydrocarbures. Londres veut autoriser de nouveaux forages pétroliers et gaziers en mer du Nord. Un accord a été dévoilé avec le secteur des hydrocarbures sur la transition énergétique en mer du Nord, qui promet de n’autoriser que des projets d’exploration qui seraient compatibles avec l’objectif du pays d’être neutre en carbone d’ici 2050. Parce que les hydrocarbures en mer du Nord britannique, sources de rentrées fiscales importantes, réponse à ses besoins énergétiques et gros pourvoyeur d’emplois – environ 40.000 que le gouvernement veut protéger -, demeurent stratégiques pour le Royaume-Uni. Le soliloque duRichard IIIde ShakespeareNow is the winter of our discontent(Voici venu l’hiver de notre mécontentement) se poursuit ainsiMade glorious summer by this sun of York ;(Changé en été de gloire par ce soleil d’York). © Thierry Martin Abonnez-vous sans tarder à notre chaîne Telegram, pour le cas où Dreuz soit censuré, ou son accès coupé.Cliquez ici :Dreuz.Info.Telegram. Abonnez-vous sans tarder à notre chaîne Telegram, pour le cas où Dreuz soit censuré, ou son accès coupé.Cliquez ici :Dreuz.Info.Telegram. Si vous êtes chez Orange, Wanadoo, Free etc, ils bloquent notre newsletter. Prenez un compte chezProtonmail, qui protège votre anonymat Dreuz ne spam pas ! Votre adresse email n'est ni vendue, louée ou confiée à quiconque. L'inscription est gratuite et ouverte à tous Vérifiez votre boite de réception ou votre répertoire d’indésirables pour confirmer votre abonnement.","La misère énergétique, pour punir les consommateurs","Title: Energy Poverty, to Punish Consumers

Text:
We remember that the famous American leftist Michael Moore[1] attacked the green electricity lobby in his documentary ""Planet of the Humans,"" a real bomb against renewable energies. Today, a conservative British editorialist does not hesitate to do the same, not by attacking Greta Thunberg, but the British Prime Minister whom he had previously supported.

Energy: What if hydraulic fracturing (shale gas extraction) was the solution for England? questions a conservative editorialist, referencing an editorial by journalist Boris Johnson. Become a ""premium reader"" to access ad-free browsing and support us financially so we can continue defending your ideas! As a premium reader, you can also participate in discussions and post comments.

Hydraulic fracturing (shale gas extraction), writes the English conservative writer and journalist James Delingpole, whose green ideology is not his cup of tea, could have spared Great Britain its upcoming ""winter of discontent""; a point Bojo (Boris Johnson) is well aware of, as he wrote in a prophetic article in 2012[2]: ""We have retirees struggling against energy poverty. We have energy companies raising their prices. We have real concerns about the security of energy supply."" 

Delingpole, journalist for the Daily Mail, The Telegraph, or The Spectator—who himself published ""Watermelons: How Environmentalists Are Killing the Planet, Destroying the Economy, and Stealing Your Children's Future""[3]—reminds us that Boris Johnson had warned as early as 2012 that renewable energies were not a solution to Britain’s basic electricity problems: ""The hills and valleys of Britain are dotted with satanic white mills (with white Satanic mills), yet the total contribution of wind energy remains only about 0.4 percent of Britain’s needs. Wave energy, solar energy, biomass—their collective punch has no power (their collective oomph wouldn’t pull the skin off a rice pudding).""

James Delingpole, author of ""The Little Green Book of Ecofascism: The Left’s Plan to Scare Your Children, Raise Energy Costs, and Increase Your Taxes""[4]—not yet translated into French—resurges in Breitbart London[5], recalling that hydraulic fracturing could have spared Britain its ""winter of discontent."" The phrase echoes Shakespeare’s monologue ""Now is the winter of our discontent,"" even if today the ""winter of discontent""[","Titre : La pauvreté énergétique, pour punir les consommateurs

Texte :
Nous nous souvenons que le célèbre homme de gauche américain Michael Moore[1] avait attaqué le lobby de l’électricité verte dans son documentaire ""Planet of the Humans"", une véritable bombe contre les énergies renouvelables. Aujourd’hui, un éditorialiste conservateur britannique n’hésite pas à faire de même, non pas en s’en prenant à Greta Thunberg, mais au Premier ministre britannique qu’il avait auparavant soutenu.

Énergie : Et si la fracturation hydraulique (extraction de gaz de schiste) était la solution pour l’Angleterre ? questionne un éditorialiste conservateur, en faisant référence à un éditorial du journaliste Boris Johnson. Devenez « lecteur premium » pour accéder à une navigation sans publicité et nous soutenir financièrement afin que nous puissions continuer à défendre vos idées ! En tant que lecteur premium, vous pouvez également participer aux discussions et poster des commentaires.

La fracturation hydraulique (extraction de gaz de schiste), écrit l’écrivain et journaliste conservateur anglais James Delingpole, dont l’idéologie écologiste n’est pas sa tasse de thé, aurait pu épargner à la Grande-Bretagne son prochain « hiver du mécontentement » ; un point que Bojo (Boris Johnson) connaît bien, comme il l’a écrit dans un article prophétique en 2012[2] : « Nous avons des retraités qui luttent contre la pauvreté énergétique. Nous avons des compagnies d’énergie qui augmentent leurs prix. Nous avons de véritables préoccupations concernant la sécurité de l’approvisionnement en énergie. »

Delingpole, journaliste pour le Daily Mail, The Telegraph ou The Spectator—qui lui-même a publié ""Watermelons : How Environmentalists Are Killing the Planet, Destroying the Economy, and Stealing Your Children's Future""[3]—nous rappelle que Boris Johnson avait averti dès 2012 que les énergies renouvelables n’étaient pas une solution aux problèmes fondamentaux d’électricité de la Grande-Bretagne : « Les collines et les vallées de la Grande-Bretagne sont parsemées de satanés moulins blancs (avec des moulins satanés blancs), pourtant la contribution totale de l’énergie éolienne ne représente qu’environ 0,4 % des besoins britanniques. L’énergie des vagues, solaire, la biom"
https://www.dreuz.info/2022/02/grand-remplacement-francais-de-papier-pecresse-manque-didees-et-pioche-dans-les-idees-de-lextreme-droite-259484.html,0,1,1,0,1,0,1,1,0,"Titre :« Grand remplacement », « Français de papier »… Pécresse manque d’idées et pioche dans les idées de « l’extrême droite » texte :«Vous verrez, ce premier grand meeting de campagne sera un cri d’amour de Valérie Pécresse pour le pays», nous avait promis un proche de la candidate, il y a quelques jours. Dimanche au Zénith, le discours de l’aspirante présidente avait effectivement pour fil rouge cette «Nouvelle France» qu’elle rêve de faire éclore. Si la forme, déclamatoire et peu naturelle, a beaucoup été commentée, la sémantique, aux accents de plagiait identitaire, n’a pas été trop commenté par les médias, qui se savent pas traiter les propositions politiques autrement qu’avec des étiquettes usées et simplistes. Pourtant… en convoquant le« grand remplacement », les« Français de papier »,ou« la France des cathédrales »,c’est la France que vivent les Français si bien mise en avant par Renaud Camus que Valérie Pécresse a sciemment exhumée à deux mois du premier tour de l’élection présidentielle.Passage en revue. Valérie Pécresse est une énarque. Elle ne connaît donc pas forcément le poids de tous les mots que ressentent les simples citoyens et leurs connotations. Lorsque, candidate à l’élection présidentielle, elle reprend à son compte l’expression «grand remplacement» suivant la thèse développée par notre ami Renaud Camus, dès la quatrième minute d’un discours d’une heure et demie, cela n’est pas le fruit du hasard, c’est pour draguer le public du conservateur Eric Zemmour, seul candidat à avoir des idées et des propositions réelles depuis au moins 40 ans – qu’on les aime ou pas. Parler de «grand remplacement» devant un public de 7 500 personnes venu l’acclamer au Zénith, et devant d’innombrables autres militants rivés à leur poste de télévision, c’est parler de la réalité que vivent les gens au quotidien, et pas, comme les disent les journalistes, une folie d’extrême droite xénophobe. Oui, l’immigration finira par rendre majoritaires en France des populations actuellement minoritaires du fait de l’immigration constante, de la baisse du taux de natalité chez les Français historiques, et le taux élevé chez les personnes issues de l’immigration. C’est du simple calcul comme 1+1 = 2 que les journalistes tentent de faire passer pour des théories complotistes, les clowns. Il y a quelques mois, Valérie Pécresse se gardait encore de prononcer cette expression qu’elle disait «ne pas aimer, car elle signifie que dans le fond tout est fichu». Qu’est ce qui a changé ? Rien : c’est une politicienne, et un politicien dit ce que les gens dont elle demande le vote veulent entendre, sachant qu’elle n’aura aucun compte à rendre si elle est élue. De plus, il faut piquer des voix Zemmouriennes. Hier, elle disait ceci : «Pas de fatalité. Ni au grand remplacement, ni au grand déclassement… Dans dix ans, serons-nous encore la septième puissance du monde ? Serons-nous encore une nation souveraine ou un auxiliaire des Etats-Unis, un comptoir de la Chine ?» Evidemment, le public n’y verra rien : la France n’est plus une nation souveraine mais un vassal, un auxiliaire, un comptoir de l’UE, elle n’a jamais été un auxiliaire des Etats-Unis mais un allié ingrat, et elle est le « comptoir » de la Chine à cause de la politique socialiste des présidents français depuis 1981. Elle ne le dira pas. Elle ne peut pas : c’est une énarque. A la septième minute du discours, elle évoque la nostalgie de la «France des cathédrales», la «France de Péguy». Là encore, elle pique chez Zemmour et au RN, rien de bien créatif. «Je veux porter un nouvel espoir,a déclaré la candidate. Celui d’une nouvelle France que nous devons reconstruire ensemble. France, car notre pays est éternel. Nouvelle, car notre histoire reste à écrire. Nouvelle France, car c’est elle qui se nourrit de ses racines et qui se donne des ailes. La France des cathédrales et celle des satellites. La France de Péguy et celle de Marie Curie. La France qui s’assume et se réinvente. La voilà ma France !» Sauf que les cathédrales et les églises, elles sont vides tandis qu’on construit des mosquées parce que, bien entendu, il n’y a pas de grand remplacement. Et Valérie Pécresse, dans la tradition giscardienne de l’accordéoniste qui s’invitait chez les gens pour faire genre je suis comme vous, elle déclare : «N’en déplaise à certains, un pavé charolais arrosé d’un bon vin, la voilà ma France !» Heu, oui… sauf que la France, c’est kebab halal et narguilé, zones de non-droit et trafic de drogue, malaise général et terreur citadine madame. Reproduction autorisée avec la mention suivante : © Jean-Patrick Grumberg pourDreuz.info. Abonnez-vous sans tarder à notre chaîne Telegram, pour le cas où Dreuz soit censuré, ou son accès coupé.Cliquez ici :Dreuz.Info.Telegram. Si vous êtes chez Orange, Wanadoo, Free etc, ils bloquent notre newsletter. Prenez un compte chezProtonmail, qui protège votre anonymat Dreuz ne spam pas ! Votre adresse email n'est ni vendue, louée ou confiée à quiconque. L'inscription est gratuite et ouverte à tous Vérifiez votre boite de réception ou votre répertoire d’indésirables pour confirmer votre abonnement.","« Grand remplacement », « Français de papier »… Pécresse manque d’idées et pioche dans les idées de « l’extrême droite »","Title: ""Great Replacement,"" ""Paper French""... Pécresse Lacks Ideas and Steals from the Far Right

Text:  
""You'll see, this first major campaign rally will be a love cry from Valérie Pécresse for the country,"" a close associate of the candidate promised us a few days ago. On Sunday at the Zenith, the aspiring president's speech indeed centered around this ""New France"" she dreams of bringing to life. While the form—declamatory and somewhat unnatural—was widely commented on, the semantics, tinged with identity plagiarism, received little media attention, which tends to treat political proposals only with tired and simplistic labels.  

Yet... by invoking the ""great replacement,"" the ""paper French,"" or ""France of the cathedrals,"" she is referencing France as vividly portrayed by Renaud Camus, which Valérie Pécresse deliberately brought back into the spotlight just two months before the first round of the presidential election.  

Let's review.  
Valérie Pécresse is an ENA graduate. She doesn't necessarily understand the weight of words felt by ordinary citizens and their connotations. When, as a presidential candidate, she adopts the expression ""great replacement"" following the thesis developed by our friend Renaud Camus, from the fourth minute of an hour and a half speech, it is no coincidence; it is aimed at appealing to the conservative audience of Éric Zemmour, the only candidate with real ideas and proposals for at least 40 years—whether you like them or not.  

Talking about ""great replacement"" in front of a crowd of 7,500 people cheering her at the Zenith, and countless other supporters glued to their TVs, is speaking about the reality of people's daily lives, not, as journalists say, a xenophobic far-right madness. Yes, immigration will eventually make currently minority populations, due to constant immigration, lower birth rates among native French, and high birth rates among those from immigrant backgrounds, the majority in France.  

It's simple math—like 1+1=2—that journalists try to dismiss as conspiracy theories, the clowns.  
A few months ago, Valérie Pécresse still avoided saying this phrase, claiming she ""did not like it because it means everything is doomed.""  

What has changed? Nothing: she is a politician, and a politician says what the people she seeks votes from want to hear, knowing she will have no accountability if she is elected. Moreover,","Titre : ""Grand Remplacement"", ""Faux Français""... Pécresse manque d'idées et vole à l'extrême droite

Texte :  
""Vous verrez, ce premier grand rassemblement de campagne sera un cri d'amour de Valérie Pécresse pour le pays"", nous avait promis il y a quelques jours un proche de la candidate. Dimanche au Zénith, le discours de la candidate à la présidence tournait effectivement autour de cette ""Nouvelle France"" qu'elle rêve de faire naître. Si la forme — déclaratoire et quelque peu artificielle — a été largement commentée, le fond, teinté de plagiat identitaire, a peu retenu l'attention des médias, qui ont tendance à ne traiter les propositions politiques qu'avec des étiquettes usées et simplistes.

Pourtant... en évoquant le ""grand remplacement"", le ""Faux Français"" ou la ""France des cathédrales"", elle fait référence à la France telle que Renaud Camus la décrit avec vigueur, ce que Valérie Pécresse a délibérément remis en lumière à seulement deux mois du premier tour de l'élection présidentielle.

Reprenons.  
Valérie Pécresse est diplômée de l'ENA. Elle ne comprend pas nécessairement le poids des mots ressenti par les citoyens ordinaires et leurs connotations. Lorsqu'en tant que candidate à la présidence, elle adopte l'expression ""grand remplacement"" suite à la thèse développée par notre ami Renaud Camus, dès la quatrième minute d’un discours d'une heure et demie, ce n’est pas un hasard ; c’est destiné à séduire le public conservateur d’Éric Zemmour, le seul candidat avec de vraies idées et propositions depuis au moins 40 ans — qu’on les aime ou non.

Parler de ""grand remplacement"" devant une foule de 7 500 personnes qui l’acclament au Zénith, et d’innombrables autres supporters rivés à leur télé, revient à parler de la réalité du quotidien des gens, et non, comme le disent les journalistes, d’une folie d’extrême droite xénophobe. Oui, l’immigration finira par faire des populations actuellement minoritaires, en raison de l’immigration constante, des taux de natalité plus faibles chez les Français de souche, et des taux de natalité élevés chez"
https://www.francesoir.fr/actualites-france/retraites-la-cfdt-cheminots-appelle-la-greve-reconductible-faute-dengagements-du,0,0,0,1,1,0,0,0,0,"Titre :Retraites: la CFDT-Cheminots appelle à la grève reconductible, faute d'engagements du gouvernement texte :La CFDT-Cheminots, qui avait déposé un préavis de grève pour obtenir ""des engagements clairs"" du gouvernement, a appelé lundi ""tous les cheminots à se mettre en grève reconductible"" jeudi, faute d'avoir obtenu des réponses de l'exécutif, a-t-elle annoncé lundi. Le syndicat appelle dans un tract les salariés de la SNCF à ""montrer au gouvernement leur détermination à défendre les spécificités de (leurs) métiers"". ""L'appel urgent à la négociation lancé par la CFDT-Cheminots au travers de son préavis (annoncé le 21 novembre, déposé le 27 novembre, ndlr) n'a pas été saisi par le gouvernement. Celui-ci a refusé de clarifier sa position et de répondre aux légitimes attentes des cheminots. En choisissant le conflit, le gouvernement fait le choix de l'irresponsabilité"", dénonce le quatrième syndicat représentatif de la SNCF. La CFDT-Cheminots estime que le gouvernement ""veut jauger le niveau de mobilisation des cheminots pour mesurer le rapport de force au lieu de mettre ses propositions sur la table"". ""Montrons-lui notre détermination"" en partant en ""grève reconductible"", ajoute le syndicat à l'adresse des salariés de la SNCF. Représentant plus de 18% des conducteurs de train, la CFDT-Cheminots demande notamment au gouvernement de respecter ""l'engagement pris en 2018"" lors du vote de la réforme ferroviaire, où ""la contrepartie"" à l'arrêt des embauches au statut de cheminot (à partir du 1er janvier 2020) ""était le maintien des droits"" du régime spécial de retraite des cheminots. Favorable à une réforme ""systémique"" des retraites, la fédération CFDT des cheminots rappelle qu'elle soutient les revendications de sa confédération: ""un système basé sur la solidarité et le maintien de l'âge de départ à la retraite"" à 62 ans. Les trois autres syndicats représentatifs de la SNCF - CGT-Cheminots, Unsa ferroviaire et SUD-Rail - ont déposé ensemble un préavis de grève reconductible pour jeudi, journée de grève nationale interprofessionnelle contre la réforme des retraites à l'appel de la CGT, FO, Solidaires et la FSU.","Retraites: la CFDT-Cheminots appelle à la grève reconductible, faute d'engagements du gouvernement","Title: Retirements: CFDT-Cheminots Calls for Repeated Strikes Due to Lack of Government Commitments

Text: CFDT-Cheminots, which had filed a strike notice to obtain ""clear commitments"" from the government, announced on Monday that it is calling ""all railway workers to go on an indefinite strike"" starting Thursday, due to the lack of responses from the executive. The union is urging employees of SNCF in a leaflet to ""show the government their determination to defend the specificities of their professions."" 

""The urgent call for negotiation launched by CFDT-Cheminots through its strike notice (announced on November 21, filed on November 27, ed.) has not been heeded by the government. It has refused to clarify its position and to respond to the legitimate expectations of railway workers. By choosing conflict, the government is making a choice of irresponsibility,"" denounces the fourth most representative union at SNCF.

CFDT-Cheminots believes that the government ""wants to gauge the level of mobilization among railway workers to measure the balance of power instead of putting its proposals on the table."" ""Let's show it our determination"" by going on an ""indefinite strike,"" the union adds, addressing SNCF employees.

Representing more than 18% of train drivers, CFDT-Cheminots specifically demands that the government respect ""the commitment made in 2018"" during the vote on the railway reform, where ""the counterparty"" to the halt in hiring railway workers (from January 1, 2020) ""was the preservation of the rights"" of the special retirement scheme for railway workers.

Favorable to a ""systemic"" pension reform, the CFDT federation of railway workers recalls that it supports the demands of its confederation: ""a system based on solidarity and maintaining the retirement age at 62."" 

The three other representative unions at SNCF—CGT-Cheminots, Unsa Ferroviaire, and SUD-Rail—have jointly filed a strike notice for Thursday, a day of nationwide interprofessional strike against the pension reform called by CGT, FO, Solidaires, and FSU.","Titre : Retraites : la CFDT-Cheminots appelle à des grèves répétées en raison du manque d’engagements du gouvernement

Texte : La CFDT-Cheminots, qui avait déposé un préavis de grève pour obtenir des « engagements clairs » de la part du gouvernement, a annoncé lundi qu’elle appelait « tous les cheminots à faire une grève illimitée » à partir de jeudi, en raison de l’absence de réponses de la part de l’exécutif. Le syndicat invite les salariés de la SNCF, dans un tract, à « montrer au gouvernement leur détermination à défendre les spécificités de leurs professions ».

« L’appel urgent à la négociation lancé par la CFDT-Cheminots par le biais de son préavis de grève (annoncé le 21 novembre, déposé le 27 novembre, ndlr) n’a pas été entendu par le gouvernement. Il a refusé de clarifier sa position et de répondre aux attentes légitimes des cheminots. En choisissant le conflit, le gouvernement fait un choix d’irresponsabilité », dénonce la quatrième organisation syndicale la plus représentative à la SNCF.

La CFDT-Cheminots estime que le gouvernement « veut jauger le niveau de mobilisation des cheminots pour mesurer l’équilibre des forces plutôt que de mettre ses propositions sur la table ». « Montrons-lui notre détermination » en faisant une « grève illimitée », ajoute le syndicat, en s’adressant aux salariés de la SNCF.

 Représentant plus de 18 % des conducteurs de train, la CFDT-Cheminots demande spécifiquement que le gouvernement respecte « l’engagement pris en 2018 » lors du vote sur la réforme ferroviaire, où « la contrepartie » à l’arrêt des recrutements de cheminots (à partir du 1er janvier 2020) « était la préservation des droits » du régime spécial de retraite des cheminots.

Favorablement à une réforme des retraites « systémique », la fédération CFDT des cheminots rappelle qu’elle soutient les revendications de sa confédération : « un système basé sur la solidarité et le maintien de l’âge de départ à la retraite à 62 ans ».

Les trois autres syndicats représentatifs à la SNCF — CGT-Cheminots, Unsa Ferroviaire et SUD-R"
https://www.francesoir.fr/culture-celebrites/miss-univers-hommage-sexy-eva-colas-aux-bleus-champions-du-monde-photo,0,0,0,0,1,0,0,0,0,"Titre :Miss Univers: hommage sexy d'Eva Colas aux Bleus champions du monde (photo) texte :Cette année, les élections Miss Monde et Miss Univers auront lieu presque en même temps. Impossible donc pour Maëva Coucke, Miss France 2018, d'être candidate pour les deux couronnes. Le comité Miss France l'a décidé ainsi. Maëva Coucke représentera la France à l'élection de Miss Monde, qui se tiendra le samedi 8 décembre, et Eva Colas, Miss Corse et première dauphine de Miss France 2018, sera la candidate française pour l'élection de Miss Univers. La jeune femme, très heureuse de se voir offrir cette opportunité, a partagé avec ses abonnés sur Instagram ses premiers pas en tant que candidate au concours de beauté internationale. Elle s'est envolée pour la Thaïlande et Bangkok, où se tiendra justement le concours. Et elle a posté une photo des essayages pour sa tenue du défilé ""costume national"". Lire aussi:Miss France 2019 - des photos des miss en maillot de bain dévoilées Eva Colas portera une robe très sexy, avec un décolleté plongeant mettant en valeur sa poitrine généreuse. Le bustier sera tout en strass et paillettes, avec une étoile sur chaque sein, un dessin de ballon sur chaque épaule et une petite coupe du monde en boucle d'oreilles à chaque lobe. Avec tout ça, la jeune femme a bien l'intention de""ramener la coupe à la maison"", comme elle l'a indiqué dans son post Instagram, où elle fait un clin d'œil au rappeur Vegedream et aux Bleus champions du monde. Et aussi: Âge, taille, couleur des cheveux… découvrez le portrait-type d'une Miss France Miss France 2019: découvrez les cinq favorites de la rédaction (photos) Miss France 2019: qui est la grande gagnante du test de culture générale? (photo)",Miss Univers: hommage sexy d'Eva Colas aux Bleus champions du monde (photo),"Title: Miss Universe: Sexy tribute from Eva Colas to the World Champions Blues (photo)  
Text: This year, the Miss World and Miss Universe pageants will take place almost simultaneously. Therefore, Maëva Coucke, Miss France 2018, cannot be a candidate for both crowns. The Miss France committee decided so. Maëva Coucke will represent France at the Miss World competition, which will be held on Saturday, December 8, and Eva Colas, Miss Corsica and first runner-up of Miss France 2018, will be the French candidate for the Miss Universe pageant. The young woman, very happy to be given this opportunity, shared with her followers on Instagram her first steps as a contestant in the international beauty contest. She flew to Thailand and Bangkok, where the contest will be held. She also posted a photo of her fittings for her ""national costume"" runway outfit. Also read: Miss France 2019 - photos of the Misses in swimsuits revealed Eva Colas will wear a very sexy dress, with a plunging neckline highlighting her generous bust. The bustier will be covered in rhinestones and glitter, with a star on each breast, a balloon design on each shoulder, and a small World Cup motif as earrings in each lobe. With all this, the young woman fully intends to ""bring the crown home,"" as she mentioned in her Instagram post, where she also gives a nod to rapper Vegedream and the Blues, world champions. Also see: Age, height, hair color… discover the typical profile of a Miss France Miss France 2019: discover the five favorites of the editorial team (photos) Miss France 2019: who is the big winner of the general knowledge test? (photo)","Titre : Miss Univers : hommage sexy d'Eva Colas aux Champions du Monde Blues (photo)  
Texte : Cette année, les concours Miss Monde et Miss Univers auront lieu presque simultanément. Par conséquent, Maëva Coucke, Miss France 2018, ne peut pas être candidate aux deux couronnes. Le comité Miss France a décidé ainsi. Maëva Coucke représentera la France lors de l’élection de Miss Monde, qui se tiendra le samedi 8 décembre, et Eva Colas, Miss Corse et première dauphine de Miss France 2018, sera la candidate française pour le concours Miss Univers. La jeune femme, très heureuse de se voir offrir cette opportunité, a partagé avec ses followers sur Instagram ses premiers pas en tant que candidate au concours de beauté international. Elle s’est envolée pour la Thaïlande et Bangkok, où se déroulera le concours. Elle a également publié une photo de ses essayages pour sa tenue de défilé « costume national ». À lire aussi : Miss France 2019 - photos des Miss en maillots de bain dévoilées Eva Colas portera une robe très sexy, avec un décolleté plongeant mettant en valeur sa poitrine généreuse. Le bustier sera orné de strass et de paillettes, avec une étoile sur chaque sein, un motif ballon sur chaque épaule, et un petit motif de Coupe du Monde en boucles d’oreilles. Avec tout cela, la jeune femme a pleinement l’intention de « ramener la couronne à la maison », comme elle l’a mentionné dans son post Instagram, où elle fait également un clin d’œil au rappeur Vegedream et aux Blues, champions du monde. À voir aussi : âge, taille, couleur de cheveux… découvrez le profil type d’une Miss France Miss France 2019 : découvrez les cinq favorites de la rédaction (photos) Miss France 2019 : qui est la grande gagnante du test de culture générale ? (photo)"
https://www.francesoir.fr/culture-cinema/tully-charlize-theron-super-maman-critique,0,1,0,0,1,0,0,0,0,"Titre :""Tully"": Charlize Theron super-maman (critique) texte :SORTIE CINÉ – Loin des blondes sexy et des femmes d'action qu'elle incarne souvent, Charlize Theron sait prendre des risques, abandonner le maquillage, lester son corps de kilos superflus et jouer les mères de famille déprimées plutôt que les super-héroïnes. C'est le cas dansTully, qui sort ce mercredi 27 juin sur les écrans français. Elle y incarne Marlo, 40 ans, qui accouche de son troisième enfant. Elle a un emploi à plein temps aux ressources humaines d'un fabricant de barres protéinées. Elle est mariée à un homme adorable, mari affectueux et père attentionné, qui fait des audits dans l'informatique. Tous deux ont déjà deux enfants, Sarah, 8 ans, et Jonah, 5 ans, qui souffre de légers troubles neurologiques et pose quelques problèmes à l'école. Son mari est souvent absent pour son travail et, malgré son aide épisodique, c'est Marlo qui s'occupe la plupart du temps de la famille et des tâches ménagères. Et quand elle accouche de son troisième enfant, le baby blues se transforme en mini-dépression. Lire aussi –Charlize Theron a 40 ans Après trois semaines à ne pas dormir, à s’occuper de ses aînés sans répit, à regarder les émissions de la nuit à la télé, à manier le tire-lait et à mettre des couches, elle est sur le point de craquer. Et finit par accepter la proposition de son frère qui offre de lui payer, comme cadeau de naissance, les services d'une nounou de nuit. La jeune femme s'appelle Tully (Mackenzie Davis) et débarque donc un soir. Elle a 26 ans mais en paraît 18, est filiforme, cultivée, intello, sympathique, calme. Comme une Mary Poppins contemporaine, elle vient s'occuper du bébé la nuit. Mais pas seulement. Elle va venir aussi en aide à Marlo, et lui apporter le soutien psychologique et amical dont elle a besoin… C'est le septième film du réalisateur canadien Jason Reitman, à 40 ans seulement, après notammentThank You for Smoking(2005, avec Aaron Eckhart en lobbyiste de l'industrie du tabac),Juno(2007, avec Ellen Page en adolescente enceinte) etIn the Air(2009, avec George Clooney en spécialiste des licenciements), des films avec un background social. C'est le fils d'Ivan Reitman, plus porté sur la comédie (SOS Fantômes, Jumeaux, Un flic à la maternelle, 6 jours 7 nuits). DansYoung Adulten 2011, Jason Reitman avait déjà donné à Charlize Theron le rôle principal, celui d'une trentenaire un peu paumée, un peu alcoolique, repliée sur elle-même, revenue sur le lieu de sa jeunesse pour y reconquérir un ex déjà marié et père de famille. Un rôle tout sauf glamour, et l'actrice n'hésite pas à s'enlaidir pour interpréter des personnages forts, comme celui d'une tueuse en série marginale et prostituée dansMonster, pour lequel elle avait pris 13 kilos et qui lui valut l'Oscar de la meilleure actrice en 2004. DansTully, elle tourne à nouveau le dos au sexy, au charme, aux décolletés ravageurs et aux allures de blonde fatale ou de femme d'action, rôles dans lesquels on l'a vue ces dernières années (Mad Max: Fury Road, Fast and Furious-8, Atomic Blonde,Gringo). Kilos en trop, fatiguée, déprimée, maniant l'humour sarcastique du cinéma américain indépendant (""mon corps ressemble à la carte d'un pays en guerre""), elle est bien sûr impressionnante de naturel et de conviction, réussissant la synthèse entre la femme fragile et la mère de famille forte. Lire la critique –Atomic Blonde: Charlize Theron, c'est de la bombe! L'idée du film est venue en 2015, après la naissance de son troisième enfant, à la scénariste Diablo Cody, qui avait déjà écrit les scénarios deJunoet deYoung Adult.""Comme j’ai grandi au fin fond de l’Illinois, je n’avais jamais entendu parler de nounous de nuit"",explique-t-elle.""Je me suis dit que c’était un phénomène très étrange, mais assez ingénieux néanmoins. J’ai résisté, bêtement, à l’idée d’y faire appel pour mon aîné, et j’ai encore résisté à la venue de mon deuxième enfant. Mais au troisième, j’ai complètement ravalé ma fierté. La nounou de nuit a pris en charge mon bébé, si bien que le lendemain matin, j’étais en forme pour m’occuper de mes deux grands"". Résultat de cette nouvelle collaboration entre la scénariste et le réalisateur Jason Reitman: un film qui alterne humour, empathie, réalisme et un peu de suspense (à la fin), qui ne donne vraiment pas envie d'avoir des enfants au début mais qui tourne casaque pour devenir un éloge de la vie quotidienne et de la famille. Avec, parfois, des airs de réflexion douce-amère sur le temps qui passe et sur les idéaux de jeunesse confrontés à la réalité parentale.","""Tully"": Charlize Theron super-maman (critique)","Title: ""Tully"": Charlize Theron as a Super Mom (Review)

Movie Release – Far from the sexy blondes and action women she often portrays, Charlize Theron knows how to take risks: abandoning makeup, adding some extra pounds to her body, and playing depressed mothers rather than superheroines. This is the case in *Tully*, which opens in French theaters on Wednesday, June 27. She plays Marlo, a 40-year-old woman who has just given birth to her third child. She has a full-time job in human resources at a protein bar manufacturing company. She is married to a wonderful man—affectionate husband and caring father—who works in IT audits. The couple already has two children: Sarah, 8, and Jonah, 5, who suffers from mild neurological issues and causes some problems at school. Her husband is often absent due to work, and despite his occasional help, it is Marlo who mostly takes care of the family and household chores. When she gives birth to her third child, the baby blues turn into a mini-depression. 

Read also – Charlize Theron turns 40

After three weeks of sleepless nights, tirelessly caring for her older children, watching late-night TV shows, using a breast pump, and changing diapers, she is about to break down. She eventually accepts her brother’s offer to pay for a night nanny as a birth gift. The young woman’s name is Tully (Mackenzie Davis), and she arrives one evening. She is 26 but looks 18, slender, cultured, intelligent, friendly, and calm. Like a modern-day Mary Poppins, she comes to care for the baby at night. But not only that. She also comes to help Marlo and provide the psychological and emotional support she needs.

This is the seventh film by Canadian director Jason Reitman, who is only 40 years old, following notable works such as *Thank You for Smoking* (2005, with Aaron Eckhart as a tobacco lobbyist), *Juno* (2007, with Ellen Page as a pregnant teenager), and *In the Air* (2009, with George Clooney as a layoffs specialist), all with social themes. He is the son of Ivan Reitman, known for comedies like *Ghostbusters*, *Twins*, *Kindergarten Cop*, and *Six Days Seven Nights*. In *Young Adult* (2011","Titre : « Tully » : Charlize Theron en super maman (Critique)

Sortie du film – Loin des blondes sexy et des femmes d’action qu’elle incarne souvent, Charlize Theron sait prendre des risques : abandonner le maquillage, prendre quelques kilos en plus, et jouer des mères déprimées plutôt que des super-héroïnes. C’est le cas dans *Tully*, qui sortira dans les salles françaises le mercredi 27 juin. Elle y interprète Marlo, une femme de 40 ans qui vient d’accoucher de son troisième enfant. Elle occupe un emploi à temps plein dans les ressources humaines dans une entreprise de fabrication de barres protéinées. Elle est mariée à un homme merveilleux — un mari affectueux et un père attentionné — qui travaille dans l’audit informatique. Le couple a déjà deux enfants : Sarah, 8 ans, et Jonah, 5 ans, qui souffre de troubles neurologiques légers et cause quelques problèmes à l’école. Son mari est souvent absent en raison de son travail, et malgré ses aides occasionnelles, c’est principalement Marlo qui s’occupe de la famille et des tâches ménagères. Lorsqu’elle donne naissance à son troisième enfant, le baby blues se transforme en une mini-dépression.

Lire aussi – Charlize Theron fête ses 40 ans

Après trois semaines de nuits sans sommeil, à s’occuper sans relâche de ses enfants plus âgés, à regarder des émissions tard dans la nuit, à utiliser un tire-lait, et à changer des couches, elle est sur le point de craquer. Elle finit par accepter l’offre de son frère de payer une nounou de nuit en cadeau de naissance. La jeune femme s’appelle Tully (Mackenzie Davis), et elle arrive un soir. Elle a 26 ans mais en paraît 18, mince, cultivée, intelligente, amicale et calme. À l’image de Mary Poppins moderne, elle vient s’occuper du bébé la nuit. Mais pas seulement. Elle vient aussi aider Marlo et lui apporter le soutien psychologique et émotionnel dont elle a besoin.

Il s’agit du septième film du réalisateur canadien Jason Reitman, qui n’a que 40 ans, après des œuvres remarquables telles que *Thank You for Smoking* (2005, avec Aaron Eckhart dans le rôle d’un lobbyiste du tabac),"
https://www.francesoir.fr/lifestyle-tourisme/affluence-en-baisse-au-carnaval-de-nice-sept-mois-apres-un-attentat-tres,0,1,0,0,1,0,0,0,0,"Titre :Affluence en baisse au Carnaval de Nice, sept mois après un attentat très meurtrier texte :Entouré de mesures de sécurité exceptionnelles, le Carnaval de Nice, l'un des plus célèbres du monde, a commencé samedi, mais l'affluence était nettement en baisse par rapport aux précédentes éditions, sept mois après l'attentat qui a fait 86 morts dans cette ville de la Côte d'Azur. La parade se déroule pour la première fois derrière des palissades, l'accès se faisant par des portiques de sécurité, et les déguisements prêtant à confusion, sabres de pirate et autres fusils ou pistolets de cow-boy, sont proscrits. Le carnaval évite par ailleurs la Promenade des Anglais, où un Franco-Tunisien avait lancé un camion dans la foule le 14 juillet, le jour de la fête nationale française, au profit d'un circuit dans le centre-ville. Aucun événement n'est autorisé sur ce boulevard longeant la mer Méditerranée jusqu'au premier anniversaire de l'attaque, par respect envers les victimes. Seize chars piqués chacun de 3.000 tiges de fleurs, cinq tonnes de mimosa, des dizaines d'artistes de rue et de danseurs : côté spectacle, la manifestation a été impressionnante, mais, côté public, le souvenir de l'attentat était présent dans toutes les têtes. ""On a comme un sentiment de flottement"", a commenté Louis, un trentenaire présent aux côtés de deux amis roumains : ""on le voit aux tribunes qui ne sont pas pleines, on a l'impression que ce n'est pas comme d'habitude"". ""C'est une édition particulière, les gens sont moins dans l'amusement que les autres années, surtout les Niçois. Mes amis étrangers, eux, profitent à fond du spectacle, ils sont émerveillés, mais nous, les Niçois, on regarde aussi sur le côté"", a ajouté ce jeune homme, désignant les tireurs d'élite perchés en haut d'un hôtel surplombant le circuit. L'affluence laisse un peu dépités les organisateurs. ""Nous n'avions jamais fait un lancement de carnaval à moins de 9.000 ou 9.500 spectateurs"", a noté le directeur de l'office du tourisme Denis Zanon. ""Là, on doit être à 7.000"", sur une capacité de 14.000 places debout ou assises, a-t-il estimé. Les réservations sont pour le moment en baisse de 20% par rapport à l'édition 2016, qui avait enregistré 240.000 entrées payantes sur un total de 600.000 visiteurs pendant la quinzaine du carnaval.","Affluence en baisse au Carnaval de Nice, sept mois après un attentat très meurtrier","Title: Decreased Attendance at Nice Carnival, Seven Months After a Deadly Attack

Text: Surrounded by exceptional security measures, the Nice Carnival, one of the most famous in the world, began on Saturday. However, attendance was noticeably lower compared to previous editions, seven months after the attack that killed 86 people in this city on the French Riviera. 

For the first time, the parade took place behind barriers, with access controlled through security gates. Costumes that could cause confusion—such as pirate swords and other guns or pistols—were prohibited. Additionally, the carnival avoided the Promenade des Anglais, where a Franco-Tunisian driver drove a truck into the crowd on July 14th, the French National Day, in an attack that targeted the celebration. Instead, the event was held in the city center. No events are authorized on this seafront boulevard along the Mediterranean until the first anniversary of the attack, out of respect for the victims.

The parade featured sixteen floats decorated with 3,000 flower stems each, five tons of mimosa, dozens of street performers, and dancers. Spectacle-wise, the event was impressive; however, the public's mood was tinged with the memory of the attack. 

""We have a feeling of uncertainty,"" commented Louis, a man in his thirties, who was attending with two Romanian friends. ""You can see it in the stands, which are not full. It doesn't feel like usual."" 

""This edition is special; people are less focused on having fun than in previous years, especially the locals. My foreign friends are thoroughly enjoying the show—they're amazed—but we, the Niçois, are also looking to the side,"" added the young man, pointing to the snipers perched atop a hotel overlooking the circuit.

The lower attendance has somewhat disappointed the organizers. ""We've never had a carnival launch with fewer than 9,000 or 9,500 spectators,"" noted Denis Zanon, director of the tourism office. ""This time, I estimate we're around 7,000,"" out of a capacity of 14,000 standing or seated. Reservations are currently down by 20% compared to 2016, which saw 240,000 paid entries out of a total of 600,000 visitors during the two-week carnival period.","Titre : Diminution de la fréquentation du Carnaval de Nice, sept mois après une attaque meurtrière

Texte : Entouré de mesures de sécurité exceptionnelles, le Carnaval de Nice, l’un des plus célèbres au monde, a débuté samedi. Cependant, la fréquentation était nettement inférieure par rapport aux éditions précédentes, sept mois après l’attaque qui a fait 86 morts dans cette ville de la Côte d’Azur.

Pour la première fois, le défilé s’est déroulé derrière des barrières, avec un accès contrôlé par des portails de sécurité. Les costumes pouvant prêter à confusion — tels que des épées de pirates et autres armes à feu ou pistolets — étaient interdits. De plus, le carnaval a évité la Promenade des Anglais, où un conducteur franco-tunisien avait percuté la foule avec un camion le 14 juillet, lors de l’attaque qui visait la célébration de la fête nationale française. À la place, l’événement s’est tenu dans le centre-ville. Aucun événement n’est autorisé sur ce boulevard en bord de mer longeant la Méditerranée jusqu’au premier anniversaire de l’attaque, par respect pour les victimes.

Le défilé comprenait seize chars décorés de 3 000 tiges de fleurs chacun, cinq tonnes de mimosa, des dizaines d’artistes de rue et des danseurs. Sur le plan du spectacle, l’événement était impressionnant ; cependant, l’ambiance du public était teintée par la mémoire de l’attaque.

« Nous avons un sentiment d’incertitude », a commenté Louis, un homme dans la trentaine, qui assistait avec deux amis roumains. « On le voit dans les tribunes, qui ne sont pas pleines. On ne ressent pas l’ambiance habituelle. »

« Cette édition est spéciale ; les gens sont moins concentrés sur le plaisir que les années précédentes, surtout les locaux. Mes amis étrangers profitent pleinement du spectacle — ils sont émerveillés — mais nous, les Niçois, regardons aussi de côté », a ajouté le jeune homme, en pointant du doigt les snipers perchés au sommet d’un hôtel surplombant le circuit.

La baisse de fréquentation a quelque peu déçu les organisateurs. « Nous n’avons jamais lancé un carnaval avec moins de 9 000 ou 9 "
https://www.francesoir.fr/opinions-societe/sante-vaccin-malaise-chez-les-soignants-francais,1,1,1,0,1,1,1,1,0,"Titre :Vaccin : malaise chez les soignants français texte :Dans la campagne de vaccination qui a commencé en France, le gouvernement a choisi de suivre les recommandations de la Haute Autorité de Santé, publiées le 30 novembre 2020, à savoir : « protéger en priorité les plus vulnérables et ceux qui s’en occupent afin de diminuer les formes graves, les hospitalisations et les décès ». Voilà un choix qui pose problème et qui est révélateur d’un certain malaise chez les soignants français. Le 9 juillet dernier, le Conseil scientifique COVID-19, présidé par le désormais célèbre Jean-François Delfraissy, avait placé au premier rang des personnes à vacciner avec une « priorité très élevée », l’ensemble des « personnels de santé », soit 1,8 million d’individus selon ses propres estimations. Pourquoi avoir changé d’avis ? L’Italie, quant à elle, a fait un choix conforme à cette stratégie : les médecins et personnels de santé, soit 1,4 million de personnes, seront les premiers à être vaccinés. Viendront ensuite les pensionnaires des résidences pour personnes âgées. En Allemagne et dans d’autres pays, on a choisi de vacciner à la fois personnes âgées et soignants. Répétons la question : pourquoi la France a décidé d’envoyer combattre le feu viral des soldats sans casque ni armure, de faire sortir de la tranchée des « poilus » quasiment à poil comme au temps de la Grande Guerre ? Tout le battage fait autour de Mauricette, la première Française à être vaccinée, ne fait que masquer le problème – c’est bien le cas de le dire. Sans compter que cette brave dame, livrée sans défense à la bouffetance médiatique, fait figure de cobaye humain. Est-on est en train de nous refaire le coup des masques ? Lesquels au début de la pandémie étaient tout bêtement en rupture de stock, mais il fallait cacher cette faute géante de gestion de santé publique en prêchant que les masques ne servaient pratiquement en rien. De même aujourd'hui, il n’y aurait pas assez de doses de vaccins disponibles pour traiter à la fois les soignants et les personnes les plus vulnérables, mais pour masquer ce défaut d’approvisionnement, on réduit la cible des vaccinateurs aux seules personnes les plus vulnérables et à ceux qui s’en occupent. Mais alors comment font nos voisins européens ? Ont-ils accès à davantage de doses ? Pourquoi ? Une autre explication est encore plus prosaïque : notre personnel soignant, en grande majorité ne veut pas de ce vaccin. Il s’en méfie parce que ce vaccin n’est pas français, parce qu'il a été découvert trop vite, qu’on ne connaît pas ou peu ses effets secondaires, qu’il implique une logistique de réfrigération coûteuse, et dangereuse si elle est mise en défaut, qu’il faudra administrer une deuxième dose. Ou plus simplement parce que c’est un vaccin et que notre personnel se sent ou se croit immunisé par sa propre pratique. Du fait de cette réticence, le gouvernement n’a pas osé imposer la vaccination à l’ensemble des personnels de santé. Il n’aurait pas été obéi. Mais si la majorité ces personnels refuse le vaccin, pourquoi diable les Français l’accepteraient-ils ?",Vaccin : malaise chez les soignants français,"Title: Vaccine: Discontent Among French Healthcare Workers

Text:  
In the vaccination campaign that has begun in France, the government chose to follow the recommendations of the Haute Autorité de Santé, published on November 30, 2020, which state: “to prioritize protecting the most vulnerable and those who care for them in order to reduce severe cases, hospitalizations, and deaths.”  

This choice is problematic and reveals a certain discomfort among French healthcare workers. On July 9, the COVID-19 Scientific Council, chaired by the now-famous Jean-François Delfraissy, placed at the very top of the vaccination priority list all “healthcare personnel,” estimated at 1.8 million individuals.  

Why did they change their minds? Italy, for its part, made a choice consistent with this strategy: doctors and healthcare workers, totaling 1.4 million people, will be the first to be vaccinated. Next will come residents of nursing homes. In Germany and other countries, both elderly people and caregivers have been prioritized for vaccination.  

Let’s repeat the question: why did France decide to send soldiers into the viral fire without helmets or armor, to pull “poilus” out of the trenches almost naked, as during the Great War? All the fuss around Mauricette, the first French person to be vaccinated, only masks the problem — that’s quite the understatement. Moreover, this brave lady, defenseless against media frenzy, appears to be a human guinea pig.  

Are they trying to pull the same stunt with masks again? Initially, during the pandemic, masks were simply out of stock, but the public health management’s huge mistake was hidden by claiming that masks were practically useless. Today, there are not enough vaccine doses available to treat both healthcare workers and the most vulnerable, but to hide this supply shortage, the target is narrowed to only the most vulnerable and those who care for them.  

So, how do our European neighbors manage? Do they have access to more doses? Why?  

Another, more straightforward explanation is that most of our healthcare personnel do not want this vaccine. They are wary of it because it’s not French-made, because it was developed too quickly, because its side effects are little known or understood, because it requires costly and potentially dangerous refrigeration logistics, and because it involves administering a second dose. Or simply because it’s a vaccine, and they feel or believe themselves to be immune through their own practice.  

Due to this reluct","Titre : Vaccin : mécontentement parmi les professionnels de santé français

Texte :  
Dans la campagne de vaccination qui a débuté en France, le gouvernement a choisi de suivre les recommandations de la Haute Autorité de Santé, publiées le 30 novembre 2020, qui stipulent : « privilégier la protection des plus vulnérables et de ceux qui s’en occupent afin de réduire les cas graves, les hospitalisations et les décès. »  

Ce choix est problématique et révèle une certaine gêne chez les professionnels de santé français. Le 9 juillet, le Conseil scientifique COVID-19, présidé par le désormais célèbre Jean-François Delfraissy, a placé en tête de la liste des priorités de vaccination tout « le personnel de santé », estimé à 1,8 million de personnes.  

Pourquoi ont-ils changé d’avis ? L’Italie, pour sa part, a fait un choix cohérent avec cette stratégie : les médecins et les professionnels de santé, au total 1,4 million de personnes, seront les premiers à être vaccinés. Ensuite viendront les résidents des maisons de retraite. En Allemagne et dans d’autres pays, ce sont à la fois les personnes âgées et les soignants qui ont été prioritaires pour la vaccination.  

Reprenons la question : pourquoi la France a-t-elle décidé d’envoyer des soldats au feu viral sans casque ni armure, pour sortir les « poilus » des tranchées presque nus, comme lors de la Grande Guerre ? Tout le tapage autour de Mauricette, la première Française à être vaccinée, ne masque que le problème — c’est un euphémisme. De plus, cette brave dame, sans défense face à la frénésie médiatique, apparaît comme une cobaye humaine.  

Tentent-ils de refaire le même coup avec les masques ? Au début, lors de la pandémie, les masques étaient tout simplement en rupture de stock, mais la grosse erreur de la gestion de la santé publique a été dissimulée en affirmant que les masques étaient pratiquement inutiles. Aujourd’hui, il n’y a pas assez de doses de vaccin disponibles pour traiter à la fois les professionnels de santé et les personnes les plus vulnérables, mais pour masquer cette pénurie d’approvisionnement, la cible est réduite aux plus vulnérables et à ceux qui s’en occupent.  

Alors, comment font nos"
https://www.francesoir.fr/opinions-tribunes/covid-19-spike-arn-et-vaccins-et-si-lancait-les-etudes-prealables,1,1,1,0,1,0,0,1,0,"Titre :Covid-19 : Spike, ARN et ""vaccins""… Et si on lançait les études préalables ? texte :Alors que l’ARN des « vaccins » Covid-19 et la protéine Spike vaccinale (potentiellement délétère) peuvent persister plusieurs mois dans l’organisme, on envisage un boost tous les trois mois. Serait-il temps de procéder aux études… préalables ? Les « vaccins » contre le Covid-19 actuellement utilisés en France sont fondés sur la production de protéine Spike par notre organisme, suite à l’injection d’ARN messager codant pour cette protéine[1][2]. Le remarquable travail bibliographique du Dr Jean-François Lesgards, publié le 20 août 2021, a clairement fait le bilan de latoxicité de la protéine Spike(et de sa sous-unité S1). Elle possède une action pro-inflammatoire, dont les conséquences peuvent être cardiovasculaires, neurologiques, cancérologiques ou auto-immunes, en particulier chez les sujets fragiles qui ont déjà un terrain inflammatoire[2]. Des inquiétudes avaient également été partagées par l’AIMSIB (Association internationale pour une médecine scientifique indépendante et bienveillante) le 27 juin 2021[2b]. On peut rappeler que,dès 2005, ce potentiel délétère des protéines de type Spike était envisageable pour le SARS-CoV-1[3]. En2008, une étude concluait au fait que la liaison entre le domaine (RBD) de la protéine Spike et le récepteur ACE2 contribuant à la pathogénèse du SARS-CoV-1,tout vaccin basé sur le RBD de la protéine Spike devrait être considéré « avec soin »[4]. Fallait-il plutôt comprendre « avec prudence » ? . Quant à l’ARN messager synthétique « vaccinal », rappelons qu’il s’agit d’une séquence où la base naturelle uracile (U) de l’ARN a été remplacée par l’homme par la base psi[1]. CetARNm modifiélui permet de tromper notre système immunitaire afin qu’il ne soit pas reconnu puisdégradé[5]. Ceci augmente sa stabilité biologique ainsi que sa capacité de traduction en protéine par les ribosomes[1][5]. Une inquiétude existe quant à la diffusion de la protéine Spike vaccinale et/ou de l’ARN messager vaccinal dans l’organisme. Le rapport de l’EMA (daté du21 décembre 2020), suite aux informations données par Pfizer, laisse entrevoir une diffusion dans l’organisme[1][2]. Depuis le début de la campagne d’injections massive en population générale, d’autres études sont venues apporter des éclairages. Le 10 janvier 2022, une étude a été publiée dans sa version finale[6]. Elle met en évidence lapersistance de la sous-unité S1de la protéine Spike(issue du virus)15 moisaprès l’infection, dans des monocytes (famille de globules blancs). Ce résultat était disponible en ligne (preprint) dès le mois dejuin 2021[7]. Ce travail amène naturellement à s’interroger sur la persistance dans l’organisme de la protéine Spike vaccinale (ou d’une sous-unité). Un article publié le20 mai 2021concerne une étude sur le « vaccin » Moderna[8]. Dans cette étude les concentrations de laprotéine Spike vaccinale et de sa sous-unité S1dans le plasmaont été mesurées après injections. La sous-unité S1est essentiellement détectée dans les 14 premiers jours suivant la première injection. La protéine Spike a pu être mesurée 28 jours après la première injection. Toutefois, les auteurs soulignent la possibilité que les concentrations en protéine Spike plasmatique chez les participants soient restées inférieures à la limite de détection. La même remarque aurait pu être faite concernant la sous-unité S1au-delà du neuvième jour. Cette étude confirme que la protéine Spike et sa sous unité S1peuvent se retrouver dans le plasma. Le10 septembre 2021, une équipe danoise a mis en ligne ses résultats. Cette équipe a réussi à trouverdans le plasma, des séquences d’ARNm vaccinalde près de 4000 bases : le lendemain de la dose 1 (Moderna)[9], le cinquième jour après la dose 2 (Moderna)[10]et le quinzième jour après la dose 1 (Pfizer)[11]. Le titre de leur travail semble indiquer qu’ils ont isolé des séquences d’ARN vaccinal jusqu’à 28 jours après « vaccination ». Ces informations vont dans le sens d’une probable circulation de l’ARN messager vaccinal dans le plasma. Le8 novembre 2021, une étude a été mise en ligne[12]. Cette étude montre la présence d’exosomes contenant la protéine Spikedans le plasma de personnes « vaccinées »au moins 4 moisaprès l’injection. Le24 janvier 2022, la revueCellmet en ligne une publication[13]. Cet article indique quel’ARNm vaccinal et la protéine Spike vaccinale peuvent être retrouvés au moins 8 semaines après injection, dans des centres germinatifs au sein de ganglions lymphatiques. Remarquons que si l’ARNm est encore présent 8 semaines après « vaccination », il est possible qu’il puisse encore être traduit en protéine Spike. Plus de deux mois après l’injection. Concernant les études de toxicité, un travail sur un modèle animal a été publié le18 août 2021[14]. Ce travail met en évidence desatteintes cardiaques et hépatiquessuite à la « vaccination » intramusculaire (IM).[15] Pour ce qui est de la protéine Spike, on peut relever une étude (in vitro) publiée le13 octobre 2021[16]. Ce travail conclut quela protéine Spike peut entraver les protéines BRCA1 et 53BP1. Ces deux protéines appartiennent à une série de protéines appelées les« suppresseurs de tumeurs »[17][18]. Elles jouent un rôle dans la régulation naturelle des cancers potentiels. Ce constat expérimental troublant pouvait être envisagé dès le30 juin 2020. À cette date était publiée une étude (in silico), qui établissait que lasous-unité S2de la molécule Spike du SARS-CoV-2 pouvait interagir avec les protéines suppresseurs de tumeurs p53 et BRCA1/2[19]. Les auteurs de l’article concluaient à la nécessité de lancer des investigations sur l’impact du virus sur lescancers. Le questionnement similaire aurait dû sembler naturel en ce qui concerne la protéine Spike vaccinale. Ces interrogations sur l’impact des protéines Spike sur les cancers (réactivations, rechutes, déclenchements…) semblent être restées silencieuses. Dès le départ, s’interroger sur la toxicité de la protéine Spike vaccinale semblait évident. Ce caractère délétère s’annonçait dès 2005 (dans le cas du SARS-CoV-1). Dès 2008, des travaux alertaient sur la conception de « vaccins » s’appuyant sur cette protéine. Son rôle pro-inflammatoire apparait désormais indéniable. Dès lors, étudier la diffusion et la persistance de cette protéine suite à la « vaccination » aurait dû être un incontournable. La question de la diffusion et de la persistance de l’ARN messager vaccinal devait se poser également. Qui plus est : tant que cet ARN messager persiste, le corps peut relancer la production de la protéine Spike (production éventuellement déportée par rapport à l’injection). Sans maîtrise ni du délai ni de la quantité synthétiséein fine. Le8 juin 2021, leBritish Medical Journalrelayait une pétition signée, entre autres, par le Dr Peter Doshi (senior editor au BMJ). Cette pétition demandait, entre autres,des études de biodistribution, de pharmacocinétique et de toxicitésur les « vaccins » ARN[20]. En effet, le rapport d’évaluation du « vaccin » Pfizer disponible auprès de l’Agence européenne du médicament (EMA) indiquequ’aucune étude traditionnelle de pharmacocinétique et de biodistribution n’a été conduitesur ce candidat « vaccin »[1][2][21]. Durant ces derniers mois, des études ont montré la possiblediffusion de la protéine Spike et de l’ARN messager vaccinauxdans l’organisme. De même leur possiblepersistancesur plusieurs mois (au moins 8 semaines pour l’ARNm, au moins4 moispour la protéine Spike vaccinale, voire 15 mois pour la protéine Spike virale) a été relevée. Desatteintes cardiaques et hépatiquesont été mises en évidence dans un modèle animal et un éventuel impact délétère de la protéine Spike sur lescancersétait publié. Alors que plus de 10 milliards de doses de « vaccins » (de tous types) ont été administrées dans le monde ces derniers mois[22]… Peut-être serait-il temps de lancer les études préalables ? Combien de temps la protéine Spike vaccinale survit-elle dans l’organisme ? Combien de temps l’ARNm survit-il ? Sur quelle durée peut-il être exprimé pour produire la protéine Spike ? Dans quels tissus se distribuent-ils ? Peuvent-ils s’accumuler ? Quelles sont précisément leurs toxicités ? Quelles sont les conséquences en cas de transfusion sanguine ? Cette précipitation déraisonnée pour un procédé aussi nouveau, conjuguée à l’omerta imposée auxtraitements ambulatoires précoceset à toutechimioprophylaxieinterroge[23][24][25]. Actuellement en France, les rappels vaccinaux peuvent être administrés trois mois après la dernière injection[26], alors que la persistance de la protéine vaccinale pourrait être supérieure à ce délai. Le 11 février 2022, « le ministre de la Santé a martelé que le ""raisonnement"" sanitaire du gouvernement ""[se faisait] sur les bases de la science"" »[27]. Assurément, négliger la bibliographie, les études précliniques, pharmacocinétiques, de biodistribution et de toxicité : ce n’est pas de la science. La science a mal d’être aussi peu honnêtement invoquée. Quand on a mal, une solution peut être la médecine... La vraie. Références : [1]","Covid-19 : Spike, ARN et ""vaccins""… Et si on lançait les études préalables ?","Title: Covid-19: Spike, RNA, and ""Vaccines""... What if we started with preliminary studies?

Text: While the RNA of the Covid-19 ""vaccines"" and the vaccine Spike protein (potentially harmful) can persist in the body for several months, there is now consideration of booster shots every three months. Could it be time to conduct... preliminary studies?

The current Covid-19 ""vaccines"" used in France are based on the production of the Spike protein by our bodies following injection of messenger RNA (mRNA) encoding this protein[1][2]. The remarkable bibliographic work of Dr. Jean-François Lesgards, published on August 20, 2021, clearly assessed the toxicity of the Spike protein (and its S1 subunit). It has pro-inflammatory effects, which can lead to cardiovascular, neurological, oncological, or autoimmune issues, especially in vulnerable individuals with pre-existing inflammatory conditions[2]. Concerns were also shared by AIMSIB (International Association for Independent and Compassionate Scientific Medicine) on June 27, 2021[2b].

It is worth recalling that, as early as 2005, the potential harmfulness of Spike-like proteins was considered for SARS-CoV-1[3]. In 2008, a study concluded that the binding between the receptor-binding domain (RBD) of the Spike protein and the ACE2 receptor, which contributes to the pathogenesis of SARS-CoV-1, meant that any vaccine based on the RBD of the Spike protein should be approached ""with caution""[4]. Should we have understood ""with prudence""? 

Regarding the synthetic ""vaccine"" mRNA, it is a sequence where the natural uracil (U) base of RNA has been replaced by a synthetic base called psi[1]. This modified mRNA allows us to deceive our immune system so it does not recognize and degrade it[5]. This increases its biological stability and its capacity to be translated into protein by ribosomes[1][5].

There is concern about the dissemination of the vaccine Spike protein and/or the vaccine mRNA within the body. The EMA report (dated December 21, 2020), based on information from Pfizer, suggests possible distribution throughout the organism[1][2].

Since the start of mass vaccination campaigns, additional studies have provided further insights. On January 10, 2022, a final version of a study was published[6]. It","Titre : Covid-19 : Spike, ARN et « Vaccins »... Et si on commençait par des études préliminaires ?

Texte : Alors que l’ARN des « vaccins » Covid-19 et la protéine Spike du vaccin (potentiellement nocive) peuvent persister dans le corps pendant plusieurs mois, la question de rappels tous les trois mois est désormais envisagée. Ne serait-il pas temps de réaliser… des études préliminaires ?

Les « vaccins » Covid-19 actuellement utilisés en France sont basés sur la production par notre corps de la protéine Spike suite à l’injection d’ARN messager (ARNm) codant cette protéine[1][2]. Le remarquable travail bibliographique du Dr Jean-François Lesgards, publié le 20 août 2021, a clairement évalué la toxicité de la protéine Spike (et de sa sous-unité S1). Elle possède des effets pro-inflammatoires, pouvant entraîner des problèmes cardiovasculaires, neurologiques, oncologiques ou auto-immuns, notamment chez les personnes vulnérables présentant des conditions inflammatoires préexistantes[2]. Ces préoccupations ont également été partagées par l’AIMSIB (Association Internationale pour la Médecine Scientifique Indépendante et Bienveillante) le 27 juin 2021[2b].

Il est utile de rappeler qu’en 2005, la nocivité potentielle des protéines semblables à Spike avait été envisagée pour le SARS-CoV-1[3]. En 2008, une étude concluait que la liaison entre le domaine de liaison au récepteur (RBD) de la protéine Spike et le récepteur ACE2, qui contribue à la pathogenèse du SARS-CoV-1, signifiait que tout vaccin basé sur le RBD de la protéine Spike devait être abordé « avec prudence »[4]. Aurions-nous dû comprendre « avec prudence » ?

Concernant l’ARNm synthétique du « vaccin », il s’agit d’une séquence où la base uracile (U) naturelle de l’ARN a été remplacée par une base synthétique appelée psi[1]. Cet ARNm modifié permet de tromper notre système immunitaire afin qu’il ne le reconnaisse pas et ne le dégrade pas[5]. Cela augmente sa stabilité biologique et sa capacité à être traduit en protéines par les rib"
https://www.francesoir.fr/politique-france/24-juillet-nouvelles-manifestations-contre-le-passe-sanitaire,0,1,1,0,1,0,1,1,0,"Titre :24 juillet : nouvelles manifestations nationales contre le passe sanitaire texte :Alors que le projet de loi sur le passe sanitairevient d'être adopté à l'Assemblée nationaleet envoyé au Sénat, de nombreuses mobilisations sont annoncées pour ce samedi 24 juillet. Déjà samedi dernier,les Français étaient plusieurs centaines de milliers à être dans les ruespour protester contre l'extension du passe sanitaire et son lot de mesures liberticides. Après une semaine de débats parlementaires houleux, la société française ne semble en rien rassurée, au contraire. Entre recours judiciaires, manifestations et pétitions en ligne, les chemins vers la protestation se multiplient. Liste (non exhaustive) des très nombreuses manifestations attendues ce samedi dans toute la France contre la généralisation du#PasseSanitaireet le projet de loi Sanitaire du gouvernement.#Manif24Juillet#PassDeLaHonte#AssembleeNationale#NonAuPasseportSanitairepic.twitter.com/p8Mnjuybnk Dans tous les coins de la France, les citoyens prévoient de se rassembler plus largement encore que la semaine dernière. À Paris, gilets jaunes et infirmiers se retrouveront à 14h aux Invalides, tandis que le rassemblement de Florian Philippot se tiendra à 14h30 au niveau du Trocadéro. Par ailleurs, ce samedi sera la journée mondiale de l'ivermectine, un événement porté par de nombreux médecins du monde entier, notamment par le Dr Tess Lawrie. Cet événement aura pour but de remettre les traitements au coeur du débat, mais aussi et surtout de faire de cette journée non pas celle des reproches mais de l'optimisme. Voir aussi :La journée mondiale de l'ivermectine, avec Tess Lawrie Pour s'engager autrement, il y a aussi de nombreuses pétitions qui tournent en ce moment contre le passe sanitaire. Parmi elles, on retrouve celle desPatriotesqui demande de soumettre le passe à un référendum. Plus officielle encore, il y en a une qui sera présentée àl'Assemblée nationalesi elle atteint 100 000 signatures. Voyant la pression monter, nombreux sont les internautes à mettre en garde contre l'escalade des tensions, appelant au boycott pour éviter toute dérive potentielle lors des manifestations. Rappelons toutefois que pour le moment, les rassemblements contre les mesures sanitaires se sont toujours passés sans la moindre violence. Voir aussi :-Garder le poing levé mais ne jamais frapper-Marcher symboliquement sur l'Élysée Néanmoins, les dernières décisions prises par le pouvoir exécutif ne manquent pas d'inquiéter jusque dans l'assemblée des députés : Il a tout dit ce député@ericcoquerel""C'est une société injuste que vous êtes en train de préparer, une société de classe, une société liberticide"" oui QUELLE HONTE#DirectAN#PasseSanitaire#AssembleeNationalepic.twitter.com/ZufjsbxqYb Quoi qu'il en soit, les événements ne semblent plus rien avoir de sanitaire. C'est pourtant sur fond de santé que toutes les décisions liberticides sont prises. Rappelons pour remettre les choses dans leur contexte que le taux de mortalité du covid-19 est de 0,05 % seulement dans le monde, et de 0,16 % en France. Les mesures semblent tout à fait disproportionnées, et il n'y a plus beaucoup d'institutions pour dire le contraire. Samedi dernier, le ministère de l'Intérieur a recensé 136 manifestations sur le territoire français. Ici, plus de 100 sont déjà annoncées mais la liste est encore provisoire et incomplète. Une telle mobilisation en plein été, sans que ce soit sous la coupe de tel ou tel syndicat - étrangement silencieux, interpelle.",24 juillet : nouvelles manifestations nationales contre le passe sanitaire,"Title: July 24: New National Demonstrations Against the Health Pass

Text: As the bill on the health pass has just been adopted by the National Assembly and sent to the Senate, many mobilizations are announced for this Saturday, July 24. Already last Saturday, hundreds of thousands of French people took to the streets to protest against the expansion of the health pass and its array of restrictive measures. After a week of heated parliamentary debates, French society does not seem reassured—in fact, quite the opposite. Through legal challenges, protests, and online petitions, the paths to protest are multiplying.

(Non-exhaustive) list of the numerous demonstrations expected this Saturday across France against the widespread use of the #HealthPass and the government's health bill. #Manif24July #ShamePass #NationalAssembly #NoToHealthPassport

https://twitter.com/p8Mnjuybnk

All over France, citizens plan to gather even more broadly than last week. In Paris, Yellow Vests and nurses will meet at 2:00 PM at Les Invalides, while Florian Philippot's rally will take place at 2:30 PM near the Trocadéro. Additionally, this Saturday marks the World Ivermectin Day, an event supported by many doctors worldwide, notably Dr. Tess Lawrie. The purpose of this event is to bring treatments back into the debate, but also—and most importantly—to make this day one of optimism rather than reproach.

See also: The World Ivermectin Day with Tess Lawrie

To engage differently, there are also numerous petitions circulating against the health pass. Among them is one by the Patriots, calling for a referendum on the pass. Even more official, there is a petition that will be presented to the National Assembly if it reaches 100,000 signatures. As pressure mounts, many internet users warn against escalating tensions, calling for a boycott to prevent potential excesses during demonstrations. However, it should be remembered that so far, gatherings against health measures have always taken place peacefully.

See also:  
- Keep the fist raised but never strike  
- Symbolic march on the Élysée

Nevertheless, the latest decisions made by the executive branch are causing concern even among members of Parliament:  
One deputy, @ericcoquerel, said: ""You are preparing an unjust society, a class society, a repressive society.""  
He added, ""What a shame."" #DirectAN #HealthPass #National","Titre : 24 juillet : Nouvelles manifestations nationales contre le Pass Sanitaire

Texte : Alors que le projet de loi sur le pass sanitaire vient d’être adopté par l’Assemblée nationale et envoyé au Sénat, de nombreuses mobilisations sont annoncées pour ce samedi 24 juillet. Déjà samedi dernier, des centaines de milliers de Français sont descendus dans la rue pour protester contre l’extension du pass sanitaire et ses mesures restrictives. Après une semaine de débats parlementaires houleux, la société française ne semble pas rassurée — bien au contraire. Par le biais de recours juridiques, de manifestations et de pétitions en ligne, les voies de protestation se multiplient.

Liste (non exhaustive) des nombreuses manifestations prévues ce samedi à travers la France contre l’utilisation généralisée du #PassSanitaire et le projet de loi du gouvernement sur la santé. #Manif24Juillet #ShamePass #AssembléeNationale #NonAuPassSanitaire

https://twitter.com/p8Mnjuybnk

Partout en France, les citoyens prévoient de se rassembler encore plus nombreux que la semaine dernière. À Paris, les Gilets Jaunes et des infirmiers se retrouveront à 14h00 aux Invalides, tandis que le rassemblement de Florian Philippot aura lieu à 14h30 près du Trocadéro. De plus, ce samedi marque la Journée mondiale de l’Ivermectine, un événement soutenu par de nombreux médecins à travers le monde, notamment le Dr Tess Lawrie. L’objectif de cet événement est de remettre les traitements dans le débat, mais aussi — et surtout — de faire de cette journée un moment d’optimisme plutôt que de reproche.

Voir aussi : La Journée mondiale de l’Ivermectine avec Tess Lawrie

Pour s’engager autrement, de nombreuses pétitions circulent contre le pass sanitaire. Parmi elles, une menée par les Patriotes, appelant à un référendum sur le pass. Plus officielle encore, une pétition sera présentée à l’Assemblée nationale si elle atteint 100 000 signatures. À mesure que la pression monte, de nombreux internautes mettent en garde contre une escalade des tensions, appelant au boycott pour éviter d’éventuels débordements lors des manifestations. Cependant, il faut rappeler qu’à ce jour, les rassemblements contre les mesures sanitaires se sont toujours déroulés dans le calme.

"
https://www.francesoir.fr/politique-france/bac-2019-appel-poursuivre-la-greve-jusquau-brevet,0,0,0,0,1,0,0,0,0,"Titre :Bac 2019: appel à poursuivre la grève jusqu'au brevet texte :L'intersyndicale d'enseignants qui avait appelé à la grève de la surveillance pour l'épreuve de philosophie du bac a décidé d'étendre la protestation sur toute la durée de l'examen, au moins jusqu'au brevet des collèges. L'épreuve d'histoire géographie de ce mardi 18 devrait donc être également concernée, mais les répercussions sont pour l'instant limitées. La grève de la surveillance des épreuves du bac 2019 devrait se poursuivre ce mardi pour celle d'histoire-géographie et même pour toutes les autres, peut-être même celles du brevet des collèges. Les syndicats ont en effet appelé à poursuivre le mouvement, qui dans un premier temps devait se concentrer uniquement sur l'épreuve de philosophie de lundi. ""Dans certains lycées, où il y a eu des taux de grévistes très importants, les collègues se sont réunis en assemblée générale et ont souhaité reconduire l'appel à la grève de la surveillance pour demain. D'autres collègues n'ont pas pu faire grève aujourd'hui, puisqu'ils n'étaient pas convoqués, et veulent manifester leur mécontentement eux aussi. À ce titre, on a prolongé le préavis pour leur permettre de faire grève demain"",a fait savoir àFranceinfoFrédérique Rollet, secrétaire générale du SNES-FSU (syndicat majoritaire du secondaire). Voir:Comment tricher au bac risque de vous coûter très cher… L'intersyndicale qui regroupe également la CGT et Sud-Education, et les ""Stylos rouges"", proteste contre la réforme Blanquer qui prévoit notamment une refonte du baccalauréat via le contrôle continu. L'appel à la grève est lancé pour toute la semaine des écrits du bac et même jusqu'au 27 juin, premier jour du brevet et journée d'action inter-fédérale contre la loi Fonction publique. Certains enseignants pourraient également refuser de faire passer les oraux ou de corriger les copies. Toutefois selon le ministère de l'Education, le premier appel à la grève n'a réuni que 6,02% des effectifs. Jean-Michel Blanquer a assuré que l'examen se déroulerait""normalement""jugeant que les candidats ne devaient pas""se préoccuper"" des répercutions d'une grève. Lire aussi: Blanquer: ""le baccalauréat se passera de façon normale"" malgré l'appel à la grève",Bac 2019: appel à poursuivre la grève jusqu'au brevet,"Title: 2019 Baccalaureate: Call to Continue the Strike Until the Diplôme National du Brevet

Text: The teachers' inter-union, which had called for a strike on supervision during the philosophy exam of the baccalaureate, has decided to extend the protest throughout the entire exam period, at least until the Diplôme National du Brevet (middle school diploma). The history-geography exam scheduled for Tuesday the 18th should therefore also be affected, but the repercussions are currently limited. The strike against supervising the 2019 baccalaureate exams is expected to continue this Tuesday for the history-geography test and possibly for all the others, perhaps even those of the Diplôme National du Brevet. The unions have indeed called to sustain the movement, which initially was supposed to focus only on the philosophy exam on Monday.

""In some high schools, where there were very high strike rates, colleagues gathered in general assemblies and decided to renew the call for a strike on supervision for tomorrow. Other colleagues couldn't strike today because they weren't called in, and they also want to express their discontent. To this end, we extended the notice to allow them to strike tomorrow,"" said Frédérique Rollet, General Secretary of SNES-FSU (the main secondary school union), to Franceinfo.

See: How cheating on the baccalaureate could cost you dearly...

The inter-union, which also includes CGT, Sud-Education, and the ""Stylos rouges"" (Red Pens), protests against Blanquer's reform, which notably involves a redesign of the baccalaureate through continuous assessment. The strike call is for the entire week of the written exams and even until June 27th, the first day of the Diplôme National du Brevet and a day of inter-federation action against the Public Service Law. Some teachers may also refuse to conduct oral exams or grade papers.

However, according to the Ministry of Education, the first strike call only mobilized 6.02% of staff. Jean-Michel Blanquer assured that the exam would proceed ""normally,"" believing that candidates should not ""worry"" about the repercussions of a strike.

Also read: Blanquer: ""The baccalaureate will take place normally"" despite the strike call.","Titre : Baccalauréat 2019 : Appel à poursuivre la grève jusqu’au Diplôme National du Brevet

Texte : L’inter-syndicale des enseignants, qui avait appelé à une grève de la surveillance lors de l’épreuve de philosophie du baccalauréat, a décidé de prolonger la mobilisation tout au long de la période d’examen, au moins jusqu’au Diplôme National du Brevet (diplôme du collège). L’épreuve d’histoire-géographie prévue pour le mardi 18 devrait donc également être concernée, mais pour l’instant, les répercussions restent limitées. La grève contre la surveillance des examens du baccalauréat 2019 devrait se poursuivre ce mardi pour l’épreuve d’histoire-géographie et peut-être pour toutes les autres, voire celles du Diplôme National du Brevet. Les syndicats ont en effet appelé à soutenir le mouvement, qui devait initialement se concentrer uniquement sur l’épreuve de philosophie lundi.

« Dans certains lycées, où le taux de grève était très élevé, des collègues se sont réunis en assemblées générales et ont décidé de renouveler l’appel à la grève de la surveillance pour demain. D’autres collègues n’ont pas pu faire grève aujourd’hui car ils n’étaient pas appelés, et ils veulent aussi exprimer leur mécontentement. À cette fin, nous avons prolongé l’alerte pour leur permettre de faire grève demain », a déclaré Frédérique Rollet, secrétaire générale du SNES-FSU (le principal syndicat de l’enseignement secondaire), à Franceinfo.

Voir : Comment la triche au baccalauréat pourrait vous coûter cher...

L’inter-syndicale, qui inclut également la CGT, Sud-Éducation et les « Stylos rouges », proteste contre la réforme de Blanquer, qui prévoit notamment une refonte du baccalauréat par le biais du contrôle continu. L’appel à la grève concerne toute la semaine des épreuves écrites et même jusqu’au 27 juin, premier jour du Diplôme National du Brevet et journée d’action inter-fédérations contre la Loi de Fonction Publique. Certains enseignants pourraient également refuser de faire passer les épreuves orales ou de corriger les copies.

Cependant, selon le ministère de l’Éducation, le premier appel à la grève n’a mobilisé que 6,02 % du personnel"
https://www.francesoir.fr/politique-france/le-comite-scientifique-se-detache-t-il-du-gouvernement-les-derniers-messages-le,0,1,1,0,1,0,1,1,0,"Titre :Le comité scientifique se détache-t-il du gouvernement ? Les derniers messages le laissent penser texte :ANALYSE : Le 9 septembre le président du Conseil scientifique Jean-François Delfraissy déclarait : « Face au rebond de l'épidémie, le gouvernement sera obligé de prendre des décisions difficiles ». Ceci lui valait hier un recadrage d'Emmanuel Macron : ""Chacun doit rester à sa place, c'est aux dirigeants démocratiquement élus de prendre des décisions"". Quelle interprétation ? La plupart des observateurs auront commentés cela, eu égard à l’augmentation récente du nombre de tests PCR positifs ainsi qu’une légère remontée des hospitalisations. Cette dernière peut être causée par de multiples facteurs, comme la saisonnalité, puisque nous rentrons dans une phase où les virus saisonniers reviennent. Cette remontée a été rapidement reliée à la crise sanitaire du Covid que traverse notre pays aux conséquences humaines, sociales et économiques importantes. Loin de rassurer, la communication actuelle aux tonalités anxiogènes, va jusqu’à faire douter certains citoyens dans leur jugement propre. Et si la seconde vague arrivait ? On pourrait aisément arriver à le croire car arrivera sûrement une autre vague de virus. Mais est-ce que cela sera la même maladie, une variante, un mutant du virus ? Ou tout simplement la grippe qui revient, ayant dans cette dernière année fait moins de 100 morts selon Santé Publique France, alors qu’elle en avait fait 15 000 l’année précédente ? La déclaration du président du conseil scientifique ce 11 septembre représente un aveu monumental « je regrette de n'avoir pas poussé pour le confinement quelques jours avant ». Ceci est encore une critique du gouvernement qui voulait le premier tour des élections municipales. Le décryptage est assez simple, en faisant le 1ertour des municipales et en confinant 3 jours après sans aucune stratégie claire de tests, de localisation et d’isolation,on a créé un réservoir de dormant contaminants. Au déconfinement, les derniers contaminés de la chaine sont donc sortis contaminants, sans que l’on ne connaisse leur localisation puisque l’on n’avait pas d’outil de test ! Dans les faits, ils étaient dispersés partout dans quelques familles, chez quelques soignants, commerçants ou entreprises. Pendant les mois de juin et juillet, la contamination serait donc repartie sous les radars et tout d’un coup lorsque les tests sont enfin disponibles, la contamination atteint un niveau important. Cependant on ne sait toujours pas bien tester (seuil de cycle trop sensible par rapport à des pays comme l’Allemagne), ni où tester. En bref on peut en conclure des propos de Delfraissy qu' « On a créé nous-même la seconde vague mi-mars » A-t-on raison d’avoir peur ? Bien moins qu’on ne le pense nous disent les Docteurs Christian Perronne, Jean-François Toussaint,Laurent Toubianaou même le professeur Raoult. Plus qu’on ne le croit si l’on écoute le président de la République ou le ministre de la Santé. Ce que cachent les informations sur la seconde vague pourrait bien être un mal qui nous ronge depuis le début de cette pandémie : la guerre de l’information ou plutôt de la désinformation. Les médecins qui s’opposent depuis le début sur l’efficacité de l’hydroxychloroquine semblent d’accord sur les tests Revenons sur la position du conseil Scientifique et des déclarations de certains de ses membres dont le Pr Yazdanpanah, un infectiologue. Ce dernier est un fervent opposant de l’hydroxychloroquine et supporteur du remdesivir, le seul médicament ayant été approuvé par l’agence européenne du médicament. Pourtant, depuis peu il semble partager l’avis du professeur Raoultsur les tests: les tests PCR avec trop de cycles (la mesure du nombre seuil de cycles est le CT : cycle threshold) mesurent une présence de virus élévé où l’on retrouve juste quelques cellules avec de restes d’ARN viral. Dit autrement, lorsque le nombre de cycles utilisés pour les tests PCR est trop élevé, on diagnostique comme «positifs» des cas qui sont dans les faits des patientsnon contagieux. Finalement le Pr Yazdanpanah.se retrouve sur un chiffreavec le Professeur Raoult : unCT de 30 à 35serait plus fiable pour estimer les patientsvraiment contagieux. Notons que la Belgique et l’Allemagne ont, elles, décidé, un CT à 24). Le conseil scientifique au travers du Pr Yazdanpanah a-t-il réalisé qu'avec la campagne de tests massifs, on identifiedes patients positifs, certes, mais non contaminants? Le conseil scientifique devant faire des recommandations au gouvernement sur la base des informations scientifiques, l'éxecutif devant prendre les mesures nécessaires pour la protection des citoyens. Ils se retrouveraient donc dans une impasse puisqu’il serait difficile d’expliquer avec rationalité les décisions hyper précautionneuses récentes du gouvernement. Pour plus de précision, en considérant d’un côté des caspositifs non contagieuxet d’un autre un virusmoins virulent, les décisions ne sont donc prises qu’en se basant sur un nombre de cas. Le « cas » est ici identifié comme le nombre de positifs, alors que pour les médecins, un cas est une personne positive et symptomatique, c’est-à-dire malade). Or aujourd'hui nous avons 25 décès par jour, dont personne ne sait avec certitude si ces patients sont morts à cause du virus ou en étant juste porteurs du virus, qui pourrait entrainer une reclassification de la cause de mortalité. Les tests sontvéritablement un sujet complexecomme nous expliquait le Dr Helfer. Elle rajoutait : « il ne faut pas tester moins, mais tester mieux car les tests PCR sont beaucoup trop sensibles et pas assez spécifiques » Des décisions difficiles pour le gouvernement En combinant les dires du Conseil scientifique « il va falloir que le gouvernement prenne des décisions difficiles » et l’évaluation du Pr Yazdanpanah disant « la politique de tests et isolation actuelle ne marche pas » la conclusion du conseil pourrait avoir été « on teste trop de positifs non contagieux ». On peut aussi rajouter que le conseil scientifique recommande le passage de la quarantaine de 14 à « 7 jours ». Pas plus tard que ce matin un médecin de l’hôpital d’Aix-en-Provence a déclaré, au micro de RTL, à la question sur le « fort » rebond que connait la région PACA : « Ici à l’hôpital d’Aix, ville de taille moyenne, on a juste 3 cas et aucun en réanimation » mais il rajoute que, sur Marseille ville de 15km2 à 5000 h/km2, « dans les quartiers Nord (dixit) il y a une contamination familiale et entreprise très forte ». Le conseil scientifique, connaissant la prudence et la formulation diplomatique de rigueur, adresse-t-il un message au gouvernement qui se décompose en deux parties ? Avec en premier lieu « attention la stratégie actuelle de tests n’est pas la bonne » et en second lieu, « décider c’est bien » cependant « il faut veiller à faire appliquer les décisions ». Pour la région de Marseille, serait-ce donc « allez faire appliquer la décision dans les quartiers Nord», « c’est votre rôle politique ». Et cela s’apparente bien à la définition de clusters, le virus se développe là où les gens n’ont pas tendance à appliquer les décisions du gouvernement et où les cas importés sont nombreux. Cependant se concentrer sur la région de Marseille est une sacrée boite de Pandore et politiquement parlant le gouvernement a plus à perdre qu’à gagner. L’IHU Méditerranée pourra toujours déclarer qu’ ""il n’a qu’un seul décès depuis un mois, qu’il traite les patients qui viennent et que si le gouvernement ne fait pas appliquer ses décisions dans les quartiers Nord, ce n’est pas nouveau."" La décision sur la gestion de la crise dans les quartiers sensibles de Marseille (ou les autres zones de clusters avec tension) pourraitdonc être ce qui se cache derrière la déclaration du conseil scientifique. Faire l’hypothèse d’un reconfinement alors qu’aujourd’hui, on a les tests, que l’on connait mieux la maladie, que les patients positifs sont moins contagieux et que le virus est moins virulent, n’est en rien unedémarche scientifique, mais s‘apparenterait plutôt à unedémarche politiquepour masquer lesdéfaillancesde l’Etat dans les choix l’application et la régulation des mesures sanitaires y compris dans les zones dites «sensibles».",Le comité scientifique se détache-t-il du gouvernement ? Les derniers messages le laissent penser,"Title: Is the Scientific Committee Distancing Itself from the Government? Recent messages suggest so

Text: ANALYSIS: On September 9th, Jean-François Delfraissy, President of the Scientific Council, declared: “In the face of the resurgence of the epidemic, the government will be forced to make difficult decisions.” Yesterday, this earned him a reprimand from Emmanuel Macron: “Everyone must stay in their place; it is up to democratically elected leaders to make decisions.” What interpretation can be made? Most observers will have commented on this, considering the recent increase in positive PCR tests and a slight rise in hospitalizations. The latter can be caused by multiple factors, such as seasonality, since we are entering a phase where seasonal viruses return. This rise was quickly linked to the COVID health crisis affecting our country, with significant human, social, and economic consequences. Far from reassuring, the current communication, which has an anxiety-provoking tone, even causes some citizens to doubt their own judgment. And what if the second wave is coming? It’s easy to believe so, because another wave of the virus will surely arrive. But will it be the same disease, a variant, a mutant of the virus? Or simply the flu returning, which in the past year caused fewer than 100 deaths according to Santé Publique France, compared to 15,000 the previous year? The statement by the President of the Scientific Council on September 11th represents a monumental admission: “I regret not having pushed for a lockdown a few days earlier.” This is another critique of the government, which wanted to hold the first round of municipal elections. The analysis is quite simple: by holding the first round of municipal elections and then imposing a lockdown three days later, without any clear strategy for testing, localization, and isolation, a reservoir of dormant, contaminating cases was created. During the deconfinement, the last infected individuals in the chain thus became contaminators themselves, without us knowing their locations because we lacked testing tools! In reality, they were dispersed throughout families, among healthcare workers, shopkeepers, or companies. During June and July, contamination apparently went under the radar, and suddenly, when tests finally became available, the level of contamination reached a significant level. However, we still do not know how to test properly (the cycle threshold is too sensitive compared to countries like Germany), nor where to test. In short, Delfraissy’s remarks can lead us to conclude","Titre : Le Comité scientifique prend-il ses distances avec le gouvernement ? Les messages récents le suggèrent

Texte : ANALYSE : Le 9 septembre, Jean-François Delfraissy, président du Conseil scientifique, déclarait : « Face à la résurgence de l’épidémie, le gouvernement sera contraint de prendre des décisions difficiles. » Hier, cela lui a valu un rappel à l’ordre d’Emmanuel Macron : « Chacun doit rester à sa place ; c’est aux élus démocratiquement de prendre des décisions. » Quelle interprétation peut-on en tirer ? La plupart des observateurs auront commenté cela, en tenant compte de l’augmentation récente des tests PCR positifs et d’une légère hausse des hospitalisations. Ces dernières peuvent être causées par plusieurs facteurs, comme la saisonnalité, puisque nous entrons dans une phase où les virus saisonniers reviennent. Cette hausse a rapidement été reliée à la crise sanitaire liée au COVID qui affecte notre pays, avec des conséquences humaines, sociales et économiques importantes. Loin d’être rassurante, la communication actuelle, qui adopte un ton anxiogène, pousse même certains citoyens à douter de leur propre jugement. Et si la deuxième vague arrivait ? Il est facile de le croire, car une autre vague du virus arrivera sûrement. Mais sera-t-il la même maladie, une variante, un mutant du virus ? Ou simplement la grippe qui revient, qui a causé moins de 100 décès l’année dernière selon Santé Publique France, contre 15 000 l’année précédente ? La déclaration du président du Conseil scientifique le 11 septembre constitue une admission monumentale : « Je regrette de ne pas avoir poussé pour un confinement quelques jours plus tôt. » C’est une autre critique du gouvernement, qui voulait tenir le premier tour des élections municipales. L’analyse est assez simple : en organisant le premier tour des municipales puis en imposant un confinement trois jours plus tard, sans stratégie claire de dépistage, de localisation et d’isolement, un réservoir de cas dormants et contaminants a été créé. Lors du déconfinement, les derniers infectés de la chaîne sont ainsi devenus eux-mêmes contaminants, sans que nous connaissions leur localisation, faute d’outils de dépistage ! En réalité, ils étaient dispersés dans les familles, parmi les soignants, les commerçants ou les entreprises. En juin et juillet,"
https://www.francesoir.fr/societe-transport/info-trafic-greve-sncf-les-lignes-du-transilien-tres-perturbees-vendredi-13,0,0,0,0,1,0,0,0,0,"Titre :Info Trafic - Grève SNCF: les lignes du Transilien très perturbées vendredi 13 texte :Les cheminots sont de nouveaux appelés à cesser le travail vendredi 13 avril, conformément au calendrier de la grève perlée prévue au moins jusqu'au 28 juin. De fortes perturbations sont donc attendues sur le réseau Transilien après trois jours d'une circulation certes réduite mais qui n'a pas créé de pagaille monstre. Aucune ligne ne sera épargnée. Voir:Grèves SNCF - les dates, le calendrier et le planning (tableau) La SNCF ne prévoit jamais plus d'un train sur trois sur les lignesH, J, K, L, N, P et U. A noter que sur laligne P, le trafic est totalement interrompu Entre Meaux et La Ferté Milon. Un service de bus sera mis en place pour desservir cet itinéraire. Il en sera de même sur laligne Lsur l'axe Noisy le Roi- St-Germain Laligne Rfait également figure d'exception. Pour cet axe, la SNCF évoquait simplement ce jeudi 12 au soir un trafic""fortement perturbé""et""aucun train sur l'axe Melun - Montereau via Héricy"". Sur laligne 4 du Tram, il faudra prévoir environ un train toutes les 12 minutes. Pour faire face à cette situation, la SNCF invite à consulter les horaires des trains circulant grâce à l'Appli SNCF, rubrique ""gare"", ou sur Transilien.com, rubrique ""prochain départ"". Elle rappelle également à ses usagers que leur covoiturage peut être remboursé dans certaines conditions avec le système IDVROOM. La SNCF prévoit de faire circuler vendredi un TGV et un TER sur trois. Le trafic international sera""normal""pour les Eurostar,""quasi normal""pour les Thalys, tandis qu'un train Lyria sur six circulera. Le troisième épisode de la grève de deux jours sur cinq lancée début avril par la CGT Cheminots, l'Unsa ferroviaire et la CFDT Cheminots s'achèvera dimanche à 07H55. Ce trio syndical a déjà déposé son quatrième préavis, allant de mardi à 20H00 jusqu'au vendredi 20 avril à 07H55. SUD-Rail a lui lancé une grève illimitée. La CGT Cheminots, premier syndicat à la SNCF, a appelé les agents à""maintenir la pression par l'élargissement de la mobilisation"", alors que les députés ont commencé lundi à voter les articles du projet de loi de réforme ferroviaire qui doit arriver fin mai au Sénat.",Info Trafic - Grève SNCF: les lignes du Transilien très perturbées vendredi 13,"Title: Traffic Info - SNCF Strike: Transilien Lines Highly Disrupted on Friday the 13th

Text: Railway workers are once again called to cease work on Friday, April 13th, in accordance with the scheduled rolling strike planned at least until June 28th. Significant disruptions are therefore expected on the Transilien network after three days of circulation that, while reduced, have not caused major chaos. No line will be spared. See: SNCF Strikes - dates, calendar, and schedule (table)

The SNCF never plans for more than one train out of three on lines H, J, K, L, N, P, and U. Note that on line P, traffic is completely interrupted between Meaux and La Ferté Milon. A bus service will be set up to serve this route. The same applies to line L on the Noisy le Roi - St-Germain axis. Line R is also an exception. For this route, SNCF only mentioned on the evening of Thursday the 12th that traffic would be ""heavily disrupted"" and ""no trains on the Melun - Montereau axis via Héricy.""

On tram line 4, expect approximately one train every 12 minutes. To manage this situation, SNCF advises checking train schedules via the SNCF App under the ""station"" section or on Transilien.com under ""next departure."" It also reminds users that carpooling can be reimbursed under certain conditions with the IDVROOM system.

SNCF plans to operate one TGV and one TER train out of three on Friday. International traffic will be ""normal"" for Eurostar, ""almost normal"" for Thalys, while one in six Lyria trains will run. The third episode of the two-day strike out of five, launched in early April by CGT Cheminots, UNSA Ferroviaire, and CFDT Cheminots, will end on Sunday at 07:55. This union trio has already filed a fourth notice, from Tuesday at 8:00 PM until Friday, April 20th at 07:55. SUD-Rail has announced an unlimited strike. The CGT Cheminots, the leading union at SNCF, has called on agents to ""maintain pressure by broadening mobilization,"" as deputies began voting on the articles of the railway reform bill, which is expected to reach the Senate at the end of May.","Titre : Infos Trafic - Grève à la SNCF : Lignes Transilien fortement perturbées vendredi 13

Texte : Les cheminots sont de nouveau appelés à cesser le travail le vendredi 13 avril, conformément à la grève tournante prévue au moins jusqu’au 28 juin. Des perturbations importantes sont donc attendues sur le réseau Transilien après trois jours de circulation qui, bien que réduite, n’ont pas causé de chaos majeur. Aucune ligne ne sera épargnée. Voir : Grèves SNCF - dates, calendrier et planning (tableau)

La SNCF ne prévoit jamais plus d’un train sur trois sur les lignes H, J, K, L, N, P et U. Notez qu’en ligne P, la circulation est totalement interrompue entre Meaux et La Ferté Milon. Un service de bus sera mis en place pour desservir cet itinéraire. Il en va de même pour la ligne L sur l’axe Noisy le Roi - Saint-Germain. La ligne R est également une exception. Pour cet itinéraire, la SNCF a seulement indiqué, dans la soirée du jeudi 12, que la circulation serait « fortement perturbée » et « aucun train sur l’axe Melun - Montereau via Héricy. »

Sur la ligne de tramway 4, prévoyez environ un train toutes les 12 minutes. Pour gérer cette situation, la SNCF conseille de vérifier les horaires des trains via l’application SNCF sous la rubrique « gare » ou sur Transilien.com dans la section « prochain départ ». Elle rappelle également que le covoiturage peut être remboursé dans certaines conditions avec le système IDVROOM.

La SNCF prévoit de faire circuler un TGV et un train TER sur trois ce vendredi. Le trafic international sera « normal » pour Eurostar, « presque normal » pour Thalys, tandis qu’un train sur six de Lyria circulera. La troisième étape de la grève de deux jours sur cinq, lancée début avril par la CGT Cheminots, l’UNSA Ferroviaire et la CFDT Cheminots, se terminera dimanche à 07h55. Ce trio syndical a déjà déposé un quatrième préavis, du mardi 20h00 au vendredi 07h55. SUD-Rail a annoncé une grève illimitée. La CGT Cheminots, premier"
https://www.francesoir.fr/videos-le-defi-de-la-verite/ne-peut-plus-accepter-ces-mensonges-detat-christian-perronne,1,1,1,1,1,1,1,1,0,"Titre :""On ne peut plus accepter ces mensonges d'État"" Christian Perronne texte :À l'occasion de la sortie du livre de Robert Kennedy Jr, le professeur Perronne, multipliant les déclarations explosives, revient pour dénoncer les actes de collusion et de corruptions qui minent nos systèmes de santé. Ancien chef du service des maladies infectieuses de l’hôpital de Garches, il est l’un des meilleurs spécialistes des maladies infectieuses et tropicales. Dans le cadre d'un défi de la vérité, il est venu présenter le livre de Robert Kennedy Jr :""Antony Fauci, Bill Gates et Big Pharma: leur guerre mondiale contre la démocratie et la santé publique"", dont il a préfacé la version française. Le livre, publiéaux éditions Marco Pietteur, sortira le 14 février prochain. Antony Fauci, Bill Gates et Big Pharma: leur guerre mondiale contre la démocratie et la santé publique Dans cet ouvrage documenté d’une enquête de 40 ans, l’avocat Robert Kennedy Junior révèle comment Antony Fauci, le conseiller en chef pour la santé publique américaine, a fait pression sur l’ensemble du monde médical, n’hésitant pas à orchestrer des études frauduleuses pour saboter des traitements thérapeutiques efficaces notamment à l’époque du virus du sida. Lire aussi :Des documents militaires contredisent le témoignage sous serment d’Anthony Fauci Dénonçant les trafics d'influence et les phénomènes de cour, Robert Kennedy Jr expose la manière dont le Dr Anthony Fauci, devenu directeur de l'Institut national des allergies et des maladies infectieuses (NIAID) depuis 1984, distribue les six milliards de dollars de fonds dont il dispose chaque année de ce centre de recherche, aux institutions et aux scientifiques qui suivent sa stratégie, n’hésitant pas à ruiner ceux et celles qui s’opposent à ces décisions. Si le livre traite des histoires de corruptions dans de très nombreux domaines de la santé, il aborde également l’instrumentalisation de la pandémie de Covid-19 pour dénoncer la toute puissance d’Antony Fauci, de Bill Gates et d’autres dans leur contrôle de toutes les institutions : agences gouvernementales, revues scientifiques, hôpitaux, universités, médecins et chercheurs influents. Désignant une politique médiatique décalée par rapport à la réalité de la maladie qualifiée de peu virulente, Robert Kennedy Junior n’hésite pas à qualifier de propagande, des discours effrayants et mensongers diffusésad nauseampour museler tout débat contradictoire qui serait venu relativiser la sévérité et la pathogénie du SARS-CoV-2. Si cette corruption a longtemps été ignorée du grand public, la publication de ce long travail d’investigation, qui est déjà un succès aux États-Unis, est destinée à alerter et à réveiller les consciences des personnes qui se soucient de la santé des citoyens. Voir aussi :INTERVIEW : Robert F. Kennedy, à Berlin, c’était des gens qui veulent continuer de jouir des libertés La corruption médicale en France Mais si la corruption règne en maître aux États-Unis, la France n’est pas en reste dans ce domaine. Dénonçant les agissements d’un «establishement corrompu», relayé par les médias, le professeur Perronne n’hésite pas à révéler la grossière manipulation des statistiques de la mortalité par Covid pour imposer des obligations, des restrictions de vie et des produits expérimentaux alors que des traitements précoces ambulatoires ont été ignorés. Il regrette également que l’Ordre des médecins se plient aux injonctions des autorités et rappelle que cette institution pourrait avoir des comptes à rendre notamment en matière de politique vaccinale, tandis que l’efficacité de ces thérapies expérimentales est de plus en plus remise en cause, à mesure que les Français constatent leur inefficacité à freiner la propagation du virus. S’agissant de la toxicité des vaccins, il n’hésite pas à dénoncer des produits dangereux et fustige les propos du Président de la république, stigmatisant les non-vaccinés tandis que la plupart des pays révèlent que ce sont les personnes vaccinées qui font les formes les plus graves. Lire aussi :En faisant produire la protéine Spike par les cellules, vacciner revient à inoculer la maladie Au sujet des rappels vaccinaux et des délais, il dénonce «des décisions purement politiques», faisant remarquer l’absence d’étude scientifique pour venir les étayer. Revenant sur sa carrière, le professeur Perronne identifie rétrospectivement certaines compromissions industrielles, politiques, pharmaceutiques et médicales. Sur le dossier du VIH, il se souvient des attaques à l’encontre du docteur Jacques Leibowitch, premier scientifique à identifier le virus du sida comme étant un rétrovirus. Ce dernier, après la mise en place d’un traitement quotidien d’attaque pour casser le virus, n’hésitait pas à alléger le traitement de ses patients. Si ces décisions thérapeutiques sont reconnues aujourd'hui, elles se sont à l'époque heurtées aux intérêts des entreprises pharmaceutiques. Un entretien passionnant dans lequel le professeur Perronne révèle avec beaucoup de courage et de détermination des discours qui manquent d'impartialité et des décisions qui présentées «au nom de la science» sont en réalité viciés par les liens d'intérêts.","""On ne peut plus accepter ces mensonges d'État"" Christian Perronne","Title: ""We Can No Longer Accept These State Lies"" Christian Perronne

Text: On the occasion of the release of Robert Kennedy Jr.'s book, Professor Perronne, who has made numerous explosive statements, returns to denounce the acts of collusion and corruption that undermine our healthcare systems. A former head of the infectious diseases department at Garches Hospital, he is one of the leading specialists in infectious and tropical diseases. As part of a truth challenge, he came to present Robert Kennedy Jr.'s book: ""Anthony Fauci, Bill Gates, and Big Pharma: Their Global War Against Democracy and Public Health,"" for which he wrote the preface in the French edition. The book, published by Marco Pietteur Editions, will be released on February 14.

Anthony Fauci, Bill Gates, and Big Pharma: Their Global War Against Democracy and Public Health

In this well-documented investigation spanning 40 years, lawyer Robert Kennedy Jr. reveals how Anthony Fauci, the chief advisor on public health for the United States, pressured the entire medical community, even orchestrating fraudulent studies to sabotage effective therapeutic treatments, especially during the era of the AIDS virus. 

See also: Military documents contradict Anthony Fauci's sworn testimony

Exposing influence peddling and court politics, Robert Kennedy Jr. details how Dr. Anthony Fauci, who has been director of the National Institute of Allergy and Infectious Diseases (NIAID) since 1984, distributes the six billion dollars in annual funding from this research center to institutions and scientists who follow his strategy, not hesitating to ruin those who oppose these decisions. 

While the book discusses corruption across many areas of health, it also addresses the instrumentalization of the Covid-19 pandemic to expose the absolute power of Anthony Fauci, Bill Gates, and others in controlling all institutions: government agencies, scientific journals, hospitals, universities, influential doctors, and researchers. 

Pointing to a media policy disconnected from the reality of the disease, which is described as mildly virulent, Robert Kennedy Jr. does not hesitate to call the fear-mongering and false narratives spread ad nauseam propaganda, aimed at silencing any debate that might question the severity and pathogenicity of SARS-CoV-2. 

Although this corruption was long ignored by the general public, the publication of this extensive investigative work, which has already been successful in the United States, aims to alert and awaken the consciences of those concerned with citizens' health.

See","Titre : « Nous ne pouvons plus accepter ces mensonges d’État » Christian Perronne

Texte : À l’occasion de la sortie du livre de Robert Kennedy Jr., le professeur Perronne, qui a fait de nombreuses déclarations explosives, revient dénoncer les actes de collusion et de corruption qui sapent nos systèmes de santé. Ancien chef du service des maladies infectieuses à l’hôpital de Garches, il est l’un des spécialistes de référence en maladies infectieuses et tropicales. Dans le cadre d’un défi de vérité, il est venu présenter le livre de Robert Kennedy Jr. : « Anthony Fauci, Bill Gates et Big Pharma : leur guerre mondiale contre la démocratie et la santé publique », pour lequel il a écrit la préface de l’édition française. Le livre, publié par les Éditions Marco Pietteur, sortira le 14 février.

Anthony Fauci, Bill Gates et Big Pharma : leur guerre mondiale contre la démocratie et la santé publique

Dans cette enquête documentée sur 40 ans, l’avocat Robert Kennedy Jr. révèle comment Anthony Fauci, le conseiller en santé publique des États-Unis, a exercé des pressions sur toute la communauté médicale, allant jusqu’à orchestrer des études frauduleuses pour saboter des traitements thérapeutiques efficaces, notamment à l’époque du virus du sida.

Voir aussi : Des documents militaires contredisent le témoignage sous serment d’Anthony Fauci

En dénonçant le trafic d’influence et la politique judiciaire, Robert Kennedy Jr. détaille comment le Dr Anthony Fauci, qui est directeur de l’Institut national des allergies et des maladies infectieuses (NIAID) depuis 1984, distribue les six milliards de dollars de financement annuel de ce centre de recherche à des institutions et des scientifiques qui suivent sa stratégie, n’hésitant pas à ruiner ceux qui s’y opposent.

Si le livre évoque la corruption dans de nombreux domaines de la santé, il aborde également l’instrumentalisation de la pandémie de Covid-19 pour exposer le pouvoir absolu d’Anthony Fauci, Bill Gates et d’autres, qui contrôlent toutes les institutions : agences gouvernementales, revues scientifiques, hôpitaux, universités, médecins influents et chercheurs.

Il pointe une politique médiatique déconnectée de la réalité de la maladie, décrite comme faiblement virulente, et n’hésite pas à qualifier de propagande la peur et"
https://www.lelibrepenseur.org/covid-19-un-medecin-de-touraine-refuse-le-vaccin-aux-adolescents/,1,1,1,0,0,0,1,0,0,"Titre :Covid-19 : un médecin de Touraine refuse le vaccin aux adolescents texte :Ce médecin héroïque ne fait que suivre les recommandations de l’OMS, il est irréprochable. Pourtant, cet article veulent le faire passer pour un médecin dangereux allant jusqu’à demander au conseil de l’Ordre de sévir. Ceci démontre encore une fois qu’il n’est pas question ici de sciences ou de médecine mais bien de politique. Dans un centre itinérant à Bléré, le praticien a refusé l’injection à une «petite dizaine» de jeunes, affirmant qu’ils « le remercieraient plus tard ». Dans le village tourangin de Bléré, les adolescents venus demander l’injection au centre vaccinal itinérant sont repartis bredouilles. La raison ? Le médecin en charge de la vaccination considérait que «les études pour les moins de 16 ans n’étaient pas bien faites», rapporte une mère de famille interrogée parFrance Bleu Touraine. Sa fille de 13 ans, accompagnée de son père, s’est vue refuser tout net l’injection demandée. «Mon mari a (…) fait quatre heures de queue», a raconté la mère, assurant que sa fille était munie de tous ses documents et ne faisait l’objet d’aucune contre-indication vaccinale. «Au bout de ces quatre heures, le médecin a refusé de la vacciner sous prétexte qu’elle avait moins de 16 ans (…). Il a dit que plus tard on le remercierait», a-t-elle rapporté. Selon elle, le pompier également chargé de la vaccination a expliqué à son mari que «le médecin ne changerait pas d’avis», ayant «déjà fait ça plusieurs fois le matin»…",Covid-19 : un médecin de Touraine refuse le vaccin aux adolescents,"Title: Covid-19: A Doctor from Touraine Refuses Vaccination to Adolescents

Text: This heroic doctor is simply following WHO recommendations; he is impeccable. Yet, this article seeks to portray him as a dangerous doctor, even going so far as to ask the Medical Council to take action. This again demonstrates that this is not about science or medicine, but rather about politics. 

At a mobile vaccination center in Bléré, the practitioner refused the injection to about a dozen young people, claiming that they would ""thank him later."" In the Touraine village of Bléré, adolescents who came to request the injection at the mobile vaccination center left empty-handed. The reason? The doctor in charge of the vaccination considered that ""studies for those under 16 were not well-conducted,"" reports a mother interviewed by France Bleu Touraine. Her 13-year-old daughter, accompanied by her father, was outright refused the requested injection. 

""My husband... waited four hours in line,"" the mother recounted, assuring that her daughter had all her documents and was not subject to any vaccination contraindications. ""After these four hours, the doctor refused to vaccinate her, claiming she was under 16... He said that we would thank him later,"" she reported. According to her, the firefighter also responsible for the vaccination explained to her husband that ""the doctor would not change his mind,"" having ""already done this several times that morning.""","Titre : Covid-19 : Un médecin de Touraine refuse la vaccination aux adolescents

Texte : Ce médecin héroïque suit simplement les recommandations de l'OMS ; il est irréprochable. Pourtant, cet article cherche à le présenter comme un médecin dangereux, allant même jusqu’à demander au Conseil de l’Ordre de prendre des mesures. Cela démontre encore une fois que ce n’est pas une question de science ou de médecine, mais plutôt de politique.

Dans un centre de vaccination mobile à Bléré, le praticien a refusé l’injection à une dizaine de jeunes, affirmant qu’ils le remercieraient plus tard. Dans le village de Touraine, Bléré, des adolescents venus demander l’injection au centre de vaccination mobile sont repartis les mains vides. La raison ? Le médecin chargé de la vaccination considérait que « les études pour les moins de 16 ans n’étaient pas bien menées », rapporte une mère interviewée par France Bleu Touraine. Sa fille de 13 ans, accompagnée de son père, s’est vue refuser purement et simplement l’injection demandée.

« Mon mari… a attendu quatre heures en ligne », raconte la mère, assurant que sa fille avait tous ses documents et n’était soumise à aucune contre-indication à la vaccination. « Après ces quatre heures, le médecin a refusé de la vacciner, en affirmant qu’elle avait moins de 16 ans… Il a dit que nous le remercierions plus tard », a-t-elle rapporté. Selon elle, le pompier également responsable de la vaccination a expliqué à son mari que « le médecin ne changerait pas d’avis », ayant « déjà fait cela plusieurs fois ce matin-là »."
https://www.lelibrepenseur.org/electricite-lespagne-et-le-portugal-decrochent-du-systeme-europeen/,0,1,1,0,1,0,0,1,0,"Titre :Electricité : l’Espagne et le Portugal décrochent du système européen texte :Voici la preuve éclatante – d’une extrême violence – que c’est l’adhésion à l’Union européenne qui fait exploser les factures énergétiques d’au moins 25 % ! Il suffira donc à l’Espagne et au Portugal de sortir de ce marché européen absurde pour réaliser une très belle ristourne à leurs citoyens ! Feu vert à la baisse des tarifs d’électricité. Madrid a approuvé vendredi par décret la limitation des prix du gaz qui entre dans la production électrique, afin d’alléger la note d’électricité des ménages comme des industries. « Pour une fois, ce ne sera pas les mêmes qui paieront », a affirmé la ministre de la Transition écologique, Teresa Ribera, en expliquant que la baisse des tarifs sera financée par une réduction des bénéfices des compagnies énergétiques. Ce nouveau système,âprement négocié avec Bruxelles, va entrer en vigueur de façon simultanée en Espagne et au Portugal. Il reconnaît « l’exception ibérique » et marque un précédent en permettant aux deux pays de décrocher du système tarifaire européen. La Commission européenne a en effet ouvert la porte à ce régime particulier, en reconnaissant que lemanque d’interconnexionsvers la France. Les flux d’un côté à l’autre des Pyrénées, ne représentent que 3 % à 5 % de la capacité installée en Espagne. Cet isolement empêche la péninsule ibérique d’échanger et d’avoir accès aux énergies renouvelables du nord de l’Europe, ce qui l’oblige à fonctionner, de fait, comme une île. Réduire la note d’électricité de 25 % à 20 % Le mécanisme ibérique prévoit un plafonnement du tarif du gaz qui entre dans la production électrique. Les gaziers seront compensés et recevront la différence entre le prix du marché et le tarif plafonné auquel il sera introduit dans le mix électrique. Cette compensation sera financée par une réduction des bénéfices extraordinaires perçus par les compagnies électriques à la faveur de l’escalade des prix. « Seul le gaz sera payé au prix du gaz », a expliqué la ministre, en insistant sur le fait que la flambée des cours doit cesser de contaminer le tarif du reste des énergies mobilisées, nucléaire ou renouvelable.",Electricité : l’Espagne et le Portugal décrochent du système européen,"Title: Electricity: Spain and Portugal Break Away from the European System

Text: Here is the clear proof – of extreme violence – that it is membership in the European Union that causes energy bills to explode by at least 25%! It will therefore be enough for Spain and Portugal to leave this absurd European market to provide a significant rebate to their citizens! Green light for the reduction of electricity rates. Madrid approved on Friday by decree the limitation of gas prices used in electricity production, in order to lighten the electricity bills for households and industries alike. ""For once, it won't be the same people paying,"" said the Minister of Ecological Transition, Teresa Ribera, explaining that the reduction in rates will be financed by a decrease in profits of energy companies. This new system, fiercely negotiated with Brussels, will come into effect simultaneously in Spain and Portugal. It recognizes the ""Iberian exception"" and sets a precedent by allowing the two countries to detach from the European tariff system. The European Commission has indeed opened the door to this special regime, acknowledging that the lack of interconnections to France is a problem. Flows across the Pyrenees from one side to the other account for only 3% to 5% of Spain’s installed capacity. This isolation prevents the Iberian Peninsula from exchanging energy and accessing renewable sources from northern Europe, effectively forcing it to operate as an island. 

Reducing the electricity bill from 25% to 20%:  
The Iberian mechanism provides for a cap on the price of gas used in electricity production. Gas suppliers will be compensated and will receive the difference between the market price and the capped rate that will be integrated into the electricity mix. This compensation will be financed by a reduction in the extraordinary profits earned by electricity companies due to soaring prices. ""Only gas will be paid at the gas price,"" explained the minister, emphasizing that the surge in prices must stop contaminating the rates of other energy sources, whether nuclear or renewable.","Titre : Électricité : l’Espagne et le Portugal se détachent du système européen

Texte : Voici la preuve claire – de violence extrême – que c’est l’adhésion à l’Union européenne qui fait exploser les factures d’énergie d’au moins 25 % ! Il suffira donc à l’Espagne et au Portugal de quitter ce marché européen absurde pour offrir une réduction significative à leurs citoyens ! Feu vert à la baisse des tarifs de l’électricité. Madrid a approuvé vendredi par décret la limitation des prix du gaz utilisé dans la production d’électricité, afin d’alléger les factures des ménages et des industries. « Pour une fois, ce ne seront pas les mêmes personnes qui paieront », a déclaré la ministre de la Transition écologique, Teresa Ribera, expliquant que la réduction des tarifs sera financée par une baisse des bénéfices des entreprises d’énergie. Ce nouveau système, farouchement négocié avec Bruxelles, entrera en vigueur simultanément en Espagne et au Portugal. Il reconnaît « l’exception ibérique » et crée un précédent en permettant aux deux pays de se détacher du système tarifaire européen. La Commission européenne a en effet ouvert la porte à ce régime spécial, reconnaissant que le manque d’interconnexions avec la France constitue un problème. Les flux à travers les Pyrénées d’un côté ou de l’autre ne représentent que 3 % à 5 % de la capacité installée en Espagne. Cette isolation empêche la péninsule ibérique d’échanger de l’énergie et d’accéder aux sources renouvelables du Nord de l’Europe, la contraignant en quelque sorte à fonctionner comme une île.

Réduction de la facture d’électricité de 25 % à 20 % :  
Le mécanisme ibérique prévoit un plafond sur le prix du gaz utilisé dans la production d’électricité. Les fournisseurs de gaz seront indemnisés et recevront la différence entre le prix du marché et le tarif plafonné qui sera intégré au mix électrique. Cette compensation sera financée par une réduction des bénéfices extraordinaires réalisés par les entreprises d’électricité en raison de la flambée des prix. « Se seul le gaz sera payé au prix du gaz », a expliqué la ministre, soulignant que la hausse des prix doit cesser de contaminer les tarifs des autres sources d’énergie, qu’elles soient nucléaires ou renouvelables."
https://www.lelibrepenseur.org/explosif-pour-linstitut-superieur-de-la-sante-italien-le-covid-19-a-tue-moins-que-la-grippe/,1,1,1,0,1,1,1,1,0,"Titre :EXPLOSIF : pour l’Institut Supérieur de la Santé italien, le Covid-19 a tué moins que la grippe ! texte :Alors que l’on nous a présenté l’Italie comme un des très mauvais élèves au niveau de la mortalité Covid-19, il s’avère finalement que sur les130 468décès enregistrés par les statistiques gouvernementales au moment de la réalisation de cerapport(5 oct. 2021), seulement3783seraient dus au virus lui-même. Les comorbidités étaient nombreuses et sérieuses : 65,8% d’hypertension artérielle, 23,5% de démence sénile, 29,3% de diabète, 24,8% de fibrillation auriculaire, 17,4 % avaient des poumons malades, 16,3 % avaient eu un cancer au cours des 5 dernières années, 15,7% d’insuffisance cardiaque… Sans oublier bien entendu le point le plus important, c’est-à-dire la moyenne d’âge des décès que nous pouvons retrouver sur le site officiel de l’ISS (Institut supérieur de santé italien) sur les 130 468 victimes :80ans! Sachant que l’espérance de vie en Italie est de 82 ans. Selon ce même rapport officiel : «Au 5 octobre 2021, sur les 130 468 (1,2%) patients positifs pour le SRAS-CoV-2 de moins de 50 ans,1 601 sont décédés. En particulier,399d’entre eux avaient moins de 40 ans. » ! Moins de 400 décès en dessous de 40 ans et pourtant le pays a été bloqué et la population de 60 millions d’habitants terrorisée depuis 20 mois ! Rappelons également qu’il a été interdit de soigner les malades, ce qui ne pouvait qu’aggraver la mortalité étant donné que l’utilisation d’un simple placebo aurait évité le décès de 30% des victimes. Concernant l’efficacité de la vaccination en comparant la mortalité des non-vaccinés avec les personnes ayant eu un schéma vaccinal complet, les conclusions du rapport sont spectaculaires, on va vous laisser les lire : «Les résultats présentés ici indiquent clairement que les personnes décédées après la fin du cycle de vaccination ont un niveau de complexité clinique élevé, significativement plus élevé que les personnes qui n’ont pas pu bénéficier de l’effet du vaccin en raison d’une infection précoce ou parce qu’elles n’avaient même pas cycle de vaccination a commencé. Il est possible d’émettre l’hypothèse que les patients très âgés atteints de nombreuses maladies peuvent avoir une réponse immunitaire réduite et donc être sensibles à l’infection par le SRAS-CoV-2 et à ses complications bien qu’ils aient été vaccinés. Ces personnes très fragiles avec une réponse immunitaire réduite » Comment se fait-il que personne en France n’ait entendu parler de ce rapport explosif des autorités de santé italiennes ? Comment est-ce possible ? Nous passons assez clairement de la vie réelle à la vie virtuelle et c’est cette dernière qui s’impose à nous aujourd’hui à cause des médias complices de cette propagande folle.In fine, le Covid-19 a eu une mortalité moins importante que la grippe qui tue les plus jeunes. Ce n’est rien d’autre, en réalité, qu’un « effet moisson » connu des épidémiologistes depuis très longtemps et qui a pour résultat de raccourcir de d’espérance de vie les personnes âgées fragiles, ce qu’on ne retrouve pas en Afrique du fait que l’Italie est un pays vieillissant. À savoir,la mortalité grippale Italie en moyenne de 16000 à 25000 par anaprès la publication d’uneétudedans l’IJID le 8 août 2019:«À partir de cette étude, cependant, nous avons compris comment au cours des saisons hivernales 2013/14, 2014/15, 2015/16 et 2016/17, 7 027, 20 259, 15 801 et 24 981 décès sont respectivement attribuables à l’épidémie de grippe. On sait donc que plus de 68 000 décès sur la période sous revue sont imputables aux épidémies de grippe . L’excès de décès observé n’est pas tout à fait inattendu, selon les auteurs de l’étude, car en Italie, principalement en raison de l’âge moyen élevé, il existe un grand nombre de sujets fragiles. » Un total de 68.000 morts pour ces 4 saisons hivernales sur un total de 1 457 038 décès toutes causes confondues enregistrés en Italie au cours de la même période d’étude. L’étude nous montre également des taux élevés de mortalité observée chez les enfants de 0 à 4 ans (à l’instar du Danemark), ce qui n’est pas le cas avec le Covid-19.","EXPLOSIF : pour l’Institut Supérieur de la Santé italien, le Covid-19 a tué moins que la grippe !","Title: EXPLOSIVE: For the Italian Higher Institute of Health, COVID-19 killed fewer people than the flu!

Text: While we have been presented with Italy as one of the worst students in terms of COVID-19 mortality, it turns out that out of the 130,468 deaths recorded by government statistics at the time of this report (October 5, 2021), only 3,783 would be directly attributable to the virus itself. The deceased had numerous and serious comorbidities: 65.8% had hypertension, 23.5% had senile dementia, 29.3% had diabetes, 24.8% had atrial fibrillation, 17.4% had lung disease, 16.3% had had cancer in the past five years, 15.7% suffered from heart failure… Not to mention, of course, the most important point—the average age of death—which can be found on the official website of the ISS (Italian Higher Institute of Health): 80 years! Knowing that the life expectancy in Italy is 82 years. According to the same official report: “As of October 5, 2021, out of the 130,468 (1.2%) patients positive for SARS-CoV-2 under 50 years old, 1,601 had died. In particular, 399 of them were under 40 years old.” That’s fewer than 400 deaths under 40, yet the country was locked down and its 60 million inhabitants have been terrified for 20 months! Let’s also recall that treatment of the sick was prohibited, which could only have worsened mortality since the use of a simple placebo could have prevented 30% of the deaths. Regarding the effectiveness of vaccination, comparing mortality rates between unvaccinated individuals and those who completed the vaccination schedule, the report’s conclusions are striking. We will let you read them: “The results presented here clearly indicate that people who died after completing the vaccination cycle had a high level of clinical complexity, significantly higher than those who could not benefit from the vaccine’s effect due to early infection or because they had not yet started the vaccination cycle. It is possible to hypothesize that very elderly patients with multiple illnesses may have a reduced immune response and thus be more susceptible to SARS-CoV-2 infection and its complications, even if vaccinated. These very fragile individuals with a weakened immune response…” How is it that no one in France","Titre : EXPLOSIF : Pour l'Institut Supérieur de Santé italien, le COVID-19 a tué moins de personnes que la grippe !

Texte : Alors que l’on nous a présenté comme l’un des mauvais élèves en matière de mortalité liée au COVID-19, il s’avère qu’au 5 octobre 2021, sur les 130 468 décès enregistrés par les statistiques gouvernementales à l’époque de ce rapport, seulement 3 783 seraient directement attribuables au virus lui-même. Les défunts présentaient de nombreuses et graves comorbidités : 65,8 % souffraient d’hypertension, 23,5 % avaient une démence sénile, 29,3 % étaient diabétiques, 24,8 % souffraient de fibrillation auriculaire, 17,4 % avaient une maladie pulmonaire, 16,3 % avaient eu un cancer au cours des cinq dernières années, 15,7 % souffraient d’insuffisance cardiaque… Sans parler, bien sûr, du point le plus important — l’âge moyen au décès — que l’on peut consulter sur le site officiel de l’ISS (Institut Supérieur de Santé) : 80 ans ! Sachant que l’espérance de vie en Italie est de 82 ans. Selon le même rapport officiel : « Au 5 octobre 2021, sur les 130 468 patients positifs au SARS-CoV-2 âgés de moins de 50 ans, 1 601 étaient décédés. En particulier, 399 d’entre eux avaient moins de 40 ans. » Moins de 400 décès chez les moins de 40 ans, alors que le pays était en confinement et que ses 60 millions d’habitants ont été terrifiés pendant 20 mois ! Rappelons également que le traitement des malades était interdit, ce qui n’a pu qu’aggraver la mortalité puisque l’utilisation d’un simple placebo aurait pu prévenir 30 % des décès. En ce qui concerne l’efficacité de la vaccination, en comparant les taux de mortalité entre les personnes non vaccinées et celles ayant terminé le schéma vaccinal, les conclusions du rapport sont frappantes. Nous vous laisserons les lire : « Les résultats présentés ici indiquent clairement que les personnes décédées après avoir terminé le cycle vaccinal présentaient un niveau élevé de complexité"
https://www.lelibrepenseur.org/fin-du-conflit-a-laeroport-felix-eboue-pas-de-pass-sanitaire-exige-pour-les-salaries/,0,0,0,0,1,0,0,0,0,"Titre :Fin du conflit à l’aéroport Félix-Eboué : pas de pass sanitaire exigé pour les salariés ! texte :C’est notre seule chance : le blocage général du pays ! Ils sont obligés de céder preuve en est ce conflit à l’aéroport Félix-Eboué et du coup plus de pass sanitaire exigé pour les salariés ! #Guyane« Annulation d’obligation » vaccinale à l’aéroport Félix-Eboué : Après 5 jours de#GreveGeneraleinitié par l’UTG contre l’obligation vaccinale et la mise en place du#PassSanitaireun « accord de fin de conflit » a été signé ⬇️la gréve ç marche#Manif11septembrepic.twitter.com/1NPmQ3ZDiK — LE GÉNÉRAL Officiel ? (@LE_GENERAL_OFF)September 6, 2021 Le conflit à l’aéroport Félix-Eboué a pris fin hier. Le protocole d’accord a été signé à l’issue de 3 heures de discussions. Après 5 jours de conflit, l’intersyndicale et la direction du site ont trouvé un terrain d’entente quant au principal point d’achoppement: l’obligation vaccinale des salariés. Carine Sinaï-Bossou, la présidente de la CCIG, Chambre de Commerce et d’Industrie de Guyane, autorité de gestion de l’aéroport Félix-Eboué, et l’intersyndicale UTG CDTG UNSA ont signé hier en fin d’après-midi un protocole de fin de grève.Dans ce document, l’autorité de gestion de l’aéroport de Matoury certifie que l’obligation vaccinale n’est pas demandée aux personnes travaillant sur la plateforme aéroportuaire. Ni la justification d’un pass sanitaire. C’était la principale revendication des grévistes.L’intersyndicale a également demandé la tenue d’un CSE, c’est-à-dire une réunion des représentants du personnel et de la direction, dans l’entreprise Rangers sécurité, qui emploie les agents de sûreté sur l’aéroport. Il s’agit notamment de confirmer en interne l’absence d’obligation de pass sanitaire pour ces salariés afin qu’ils accèdent au site.La présidente de la CCIG indique que ce protocole de fin de grève ne fait que rappeler la réglementation Covid concernant les aéroports. Selon elle, «le conflit aurait pu être évité« .Le piquet de grève a été levé dés l’annonce de la signature du protocole de fin de conflit.",Fin du conflit à l’aéroport Félix-Eboué : pas de pass sanitaire exigé pour les salariés !,"Title: End of the conflict at Félix-Eboué Airport: no health pass required for employees!

Text:  
Our only chance: a nationwide general strike! They are forced to give in—proof of this is the conflict at Félix-Eboué Airport—and as a result, no health pass is required for employees! #Guyane ""Cancellation of vaccination obligation"" at Félix-Eboué Airport: After 5 days of #GeneralStrike initiated by UTG against the vaccination mandate and the implementation of the #HealthPass, a ""conflict resolution agreement"" was signed ⬇️ the strike is over #ManifestationSeptember11pic.twitter.com/1NPmQ3ZDiK — THE GENERAL Official? (@LE_GENERAL_OFF) September 6, 2021  

The conflict at Félix-Eboué Airport ended yesterday. The agreement protocol was signed after 3 hours of discussions. After 5 days of conflict, the union representatives and the site management reached a consensus on the main sticking point: the vaccination requirement for employees. Carine Sinaï-Bossou, president of the CCIG (Chamber of Commerce and Industry of Guyane), the managing authority of Félix-Eboué Airport, and the UTG CDTG UNSA union representatives signed a protocol to end the strike yesterday afternoon.  

In this document, the airport management authority certifies that there is no vaccination requirement for personnel working on the airport platform. Nor is a health pass justified. This was the main demand of the strikers.  

The union also requested a CSE (Social and Economic Committee) meeting, which involves representatives of staff and management, at Rangers Security, the company employing security agents at the airport. The goal is to confirm internally that there is no obligation for a health pass for these employees to access the site.  

The president of the CCIG states that this end-of-strike protocol merely reiterates the COVID regulations concerning airports. According to her, ""the conflict could have been avoided.""  

The picket line was lifted immediately upon the announcement of the signing of the conflict resolution protocol.","Titre : Fin du conflit à l'aéroport Félix-Eboué : pas de pass sanitaire requis pour les employés !

Texte :  
Notre seule chance : une grève générale nationale ! Ils sont contraints de céder — preuve en est le conflit à l'aéroport Félix-Eboué — et, en conséquence, aucun pass sanitaire n'est requis pour les employés ! #Guyane « Annulation de l'obligation de vaccination » à l'aéroport Félix-Eboué : Après 5 jours de #GrèveGénérale initiée par l'UTG contre le mandat de vaccination et la mise en place du #PassSanitaire, un « accord de résolution du conflit » a été signé ⬇️ la grève est terminée #Manifestation11Septembrepic.twitter.com/1NPmQ3ZDiK — LE GÉNÉRAL Officiel ? (@LE_GENERAL_OFF) 6 septembre 2021

Le conflit à l'aéroport Félix-Eboué a pris fin hier. Le protocole d’accord a été signé après 3 heures de discussions. Après 5 jours de conflit, les représentants syndicaux et la direction du site ont trouvé un consensus sur le point de friction principal : l’obligation de vaccination pour les employés. Carine Sinaï-Bossou, présidente de la CCIG (Chambre de Commerce et d’Industrie de Guyane), l’autorité gestionnaire de l’aéroport Félix-Eboué, ainsi que les représentants syndicaux de l’UTG CDTG UNSA ont signé un protocole pour mettre fin à la grève hier après-midi.

Dans ce document, l’autorité de gestion de l’aéroport certifie qu’il n’y a pas d’obligation de vaccination pour le personnel travaillant sur la plateforme aéroportuaire. De même, un pass sanitaire n’est pas justifié. C’était la principale revendication des grévistes.

Le syndicat a également demandé une réunion du CSE (Comité Social et Économique), qui implique des représentants du personnel et de la direction, chez Rangers Security, la société employant les agents de sécurité à l’aéroport. L’objectif est de confirmer en interne qu’il n’y a pas d’obligation d’un pass sanitaire pour ces employés afin d’accéder au site.

La présidente de la CCIG déclare que ce protocole de fin de grève ne fait que réitérer les réglementations COVID concernant les aéroports. Selon"
https://www.lelibrepenseur.org/point-de-situation-au-06-12-21-au-centre-hospitalier-de-haguenau-sur-8-patients-en-reanimation-7-sont-vaccines/,1,1,1,0,1,1,1,1,0,"Titre :Point de situation au 06/12/21 au Centre hospitalier de Haguenau : sur 8 patients en réanimation, 7 sont vaccinés ! texte :Voici un document officiel du Centre hospitalier de Haguenau qui démontre qu’au 6 décembre 2021, ils avaient 8 patients en réanimations dont 7 sont vaccinés ; ça nous donne le chiffre de 87 % de vaccinés contre 13 % de non vaccinés ! Voici donc la réalité de la vie qui est à l’opposé de la propagande médiatique des voyous responsables de la gestion de cette crise qui n’a rien de sanitaire. On peut d’ailleurs multiplier les exemples notamment à l’étranger ou la grande majorité des malades en réanimation sont effectivement vaccinés étant donnée le taux important de vaccination. La question est de savoir s’il y en a autant aujourd’hui que l’année dernière, lorsque personne n’était vacciné. Ceci démontre que leur vaccination est totalement inefficace, produit un grand nombre d’effets indésirables, n’empêche pas la contamination et le portage du virus qui conduit à des restrictions importantes qui détruisent l’économie et le moral des gens. En réalité rien n’a changé depuis mars 2020, les gouvernants utilisent toujours la peur pour maintenir leur pression et leur volonté de changer profondément la société sur le modèle chinois du crédit social.","Point de situation au 06/12/21 au Centre hospitalier de Haguenau : sur 8 patients en réanimation, 7 sont vaccinés !","Title: Situation Report as of 06/12/21 at Haguenau Hospital Center

Text: Here is an official document from Haguenau Hospital Center demonstrating that as of December 6, 2021, they had 8 patients in intensive care, of whom 7 are vaccinated! This gives us a figure of 87% vaccinated versus 13% unvaccinated! This is the reality of life, which is the opposite of the media propaganda from the thugs responsible for managing this crisis, which has nothing to do with health. 

Moreover, we can multiply examples, especially abroad, where the vast majority of patients in intensive care are indeed vaccinated, given the high vaccination rate. The question is whether there are as many vaccinated people today as last year, when no one was vaccinated. 

This demonstrates that their vaccination is completely ineffective, produces a large number of adverse effects, does not prevent contamination or virus carriage, which leads to significant restrictions that destroy the economy and people's morale. 

In reality, nothing has changed since March 2020; the authorities still use fear to maintain pressure and their desire to fundamentally change society based on the Chinese social credit model.","Titre : Rapport de situation au 12/06/21 au Centre Hospitalier de Haguenau

Texte : Voici un document officiel du Centre Hospitalier de Haguenau montrant qu’au 6 décembre 2021, ils avaient 8 patients en soins intensifs, dont 7 sont vaccinés ! Cela nous donne un chiffre de 87 % de personnes vaccinées contre 13 % non vaccinées ! C’est la réalité de la vie, qui est à l’opposé de la propagande médiatique des voyous responsables de la gestion de cette crise, qui n’a rien à voir avec la santé.

De plus, nous pouvons multiplier les exemples, notamment à l’étranger, où la grande majorité des patients en soins intensifs sont effectivement vaccinés, compte tenu du taux élevé de vaccination. La question est de savoir si le nombre de personnes vaccinées aujourd’hui est aussi élevé qu’il l’était l’année dernière, lorsque personne n’était vacciné.

Cela démontre que leur vaccination est totalement inefficace, qu’elle provoque un grand nombre d’effets indésirables, ne prévient ni la contamination ni le port du virus, ce qui entraîne des restrictions importantes qui détruisent l’économie et le moral des gens.

En réalité, rien n’a changé depuis mars 2020 ; les autorités continuent d’utiliser la peur pour maintenir la pression et leur désir de transformer fondamentalement la société sur la base du modèle chinois de crédit social."
https://www.lelibrepenseur.org/tous-au-diner-des-traitres/,1,1,1,0,1,0,1,1,1,"Titre :Tous au dîner des traîtres texte :Je sors de la projection de Marseille à l’instant : EXCEPTIONNEL !!! Encore une fois une petite merveille. Le laquais Pujadas en prend plein la gueule (je ne savais pas qu’il était aussi petit, plus petit même que le nain !). Le traitre Hervé Bourges en flag de mensonge. Mougeotte, l’ex n° 2 de TF1, gerbant avec sa bave aux lèvres, c’est à vomir. FOG (l’hypocrite et membre du club le Siècle) s’est fait MASSACRER devant son public… Des dizaines d’archives très violentes : Ce film est la preuve catégorique et irréfutable du complot : mensonges, omissions, violence, tchuzpah,… Cerise sur le gâteau, la visite à l’ACF place de la Concorde. A voir d’urgence et faire tourner. Je copie ici le courriel de « Touscoprod » qui me semble très intéressant ! Hormis Mélenchon, la faux révolutionnaire, idiot utile de la F.’. M.’., je pense que cette initiative est excellente : Bonjour à toutes et à tous, Fin de concession, le nouveau film de Pierre Carles entre dans sa dernière ligne droite ! Le film sortira sur une vingtaine d’écrans dèsmercredidans toute la France.La programmation complète vient d’être publiée sur touscoprod: L’occasion de rappeler qu’il ne reste plus que 48H aux internautes pour devenir coprod du film et l’aider à bénéficier d’une distribution digne de ce nom. Nous souhaitons également vous faire découvrir un nouvel extrait inédit du film. Tourné finaoût, celui-ci revient sur la manifestation symbolique organisée avec les coprod du film à Paris.La vidéo est visible à l’adresse suivante: A l’origine, Pierre Carles et son équipe avaient prévu de perturber pacifiquement « le diner du siècle », un repas réunissant chaque mois des journalistes, hommes politiques et chefs d’entreprises à Paris. Malheureusement, le jour du tournage, la petite troupe a trouvé porte close. Bien décidé à ne pas rester sur un échec, Pierre Carles donne de nouveau rendez-vous à tous les coprod et à ses sympathisants pour venir manifester. Le rendez-vous est fixé à 19H, Place de la Concorde à Parisce mercredi27octobre. Venez nombreux ! A bientôt, L’équipe touscoprod Liens intéressants :–",Tous au dîner des traîtres,"Title: Everyone to the Traitors' Dinner

Text: I just came out of the Marseille screening: EXCEPTIONAL!!! Once again, a little marvel. The lackey Pujadas gets a lot of criticism (I didn’t know he was that short, even shorter than the dwarf!). The traitor Hervé Bourges caught in a lie. Mougeotte, the former number 2 at TF1, disgusting with his drool at the lips, it’s nauseating. FOG (the hypocrite and member of the Le Siècle club) was MASSACRED in front of his audience… Dozens of very violent archives: This film is the definitive and irrefutable proof of the conspiracy: lies, omissions, violence, chutzpah… The cherry on top, the visit to the ACF at Place de la Concorde. A must-see and share. I am copying here the email from “Touscoprod” which seems very interesting! Aside from Mélenchon, the false revolutionary, a useful idiot of the F.’. M.’., I think this initiative is excellent:

Hello everyone,

End of concession, Pierre Carles’ new film is entering its final stretch! The film will be released on about twenty screens starting this Wednesday across France. The full schedule has just been published on touscoprod: An opportunity to remind you that there are only 48 hours left for internet users to become co-producers of the film and help it secure a proper distribution. We also want to share a new, unreleased excerpt from the film. Shot in late August, it revisits the symbolic demonstration organized with the co-producers of the film in Paris.

The video can be viewed at the following address:

Originally, Pierre Carles and his team planned to peacefully disrupt “the dinner of the century,” a monthly gathering of journalists, politicians, and business leaders in Paris. Unfortunately, on the day of filming, the small group found the door locked. Determined not to leave on a failure, Pierre Carles is calling everyone—co-producers and supporters—to come protest again. The meeting is scheduled for 7 PM, Place de la Concorde in Paris this Wednesday, October 27. Come in large numbers!

See you soon,

The touscoprod team

Interesting links:","Titre : Tout le monde au Dîner des Traîtres

Texte : Je viens de sortir de la projection à Marseille : EXCEPTIONNEL !!! Encore une petite merveille. Le larbin Pujadas reçoit beaucoup de critiques (je ne savais pas qu’il était aussi petit, encore plus petit que le nain !). Le traître Hervé Bourges pris en flagrant délit de mensonge. Mougeotte, l’ancien numéro 2 de TF1, dégoûtant avec sa bave aux lèvres, c’est écœurant. FOG (l’hypocrite et membre du club Le Siècle) a été MASSACRÉ devant son public… Des dizaines d’archives très violentes : ce film est la preuve définitive et irréfutable de la conspiration : mensonges, omissions, violence, culot… La cerise sur le gâteau, la visite à l’ACF Place de la Concorde. À voir absolument et à partager. Je copie ici l’email de “Touscoprod” qui semble très intéressant ! Mis à part Mélenchon, le faux révolutionnaire, un idiot utile du F.’. M.’., je pense que cette initiative est excellente :

Bonjour à tous,

Fin de concession, le nouveau film de Pierre Carles entre dans sa dernière ligne droite ! Le film sortira sur une vingtaine de salles à partir de ce mercredi dans toute la France. Le calendrier complet vient d’être publié sur touscoprod : une occasion de vous rappeler qu’il ne reste que 48 heures aux internautes pour devenir co-producteurs du film et l’aider à obtenir une distribution digne de ce nom. Nous souhaitons également partager un nouvel extrait inédit du film. Filmé fin août, il revient sur la manifestation symbolique organisée avec les co-producteurs du film à Paris.

La vidéo est accessible à l’adresse suivante :

À l’origine, Pierre Carles et son équipe avaient prévu de perturber pacifiquement “le dîner du siècle”, un rassemblement mensuel de journalistes, politiciens et chefs d’entreprise à Paris. Malheureusement, le jour du tournage, le petit groupe a trouvé porte close. Déterminé à ne pas partir sur un échec, Pierre Carles appelle tout le monde—co-producteurs et soutiens—à revenir protester. La rencontre est prévue pour mercredi 27 octobre à 19h, Place de la Concorde à Paris. Venez nombreux !

À bientôt,

L’équipe"
https://www.polemia.com/chloroquine-entre-science-et-empirisme-une-impasse-politique/,0,1,1,0,1,0,1,0,0,"Titre :Chloroquine : entre science et empirisme, une impasse politique texte :Posons le préalable scientifique : durant les dernières décennies, approximativement depuis la fin de la seconde guerre mondiale, la recherche médicale a pratiquement rompu avec l’empirisme qui avait permis depuis Hippocrate (IVe siècle avant J.-C.) et l’École de Cos, de faire un certain nombre de progrès, au demeurant laborieux, dans la lutte contre les fléaux qui affligent l’humanité, au premier rang desquels les maladies infectieuses. L’empirisme médical consistait à profiter au mieux de ce que le hasard et la nature pouvaient mettre à disposition des hommes, pour peu que ceux-ci aient le regard affûté et « l’esprit préparé », selon le mot de Pasteur. C’est ainsi que fut découverte la Pénicilline par Fleming, Chain et Florey, ainsi que la… chloroquine, dérivé synthétique de la quinine, isolée en 1820 à partir d’une écorce d’arbre (Cinchona), utilisée au Pérou contre la fièvre dans le cadre de la médecine traditionnelle indigène.Ces molécules permettront de traiter efficacement le paludisme, jusqu’à ce que des résistances apparaissent, dès la seconde moitié du XXe siècle. Aujourd’hui, la recherche procède différemment, par la connaissance des mécanismes intimes de reproduction et diffusion des microbes, ce que permet la biologie moléculaire.C’est à partir de ces connaissances que s’élaborent des médicaments fabriqués tout exprès pour cibler certains de ces mécanismes. C’est ainsi que l’on a appris à bloquer la prolifération du virus VIH, en inhibant certaines des enzymes qu’il utilise pour sa réplication. Cela explique que le mécanisme d’action des « vieux médicaments » soit souvent identifiéa posteriori, ou reste tout simplement mal connu. La seconde vie de la chloroquine, sous la forme de l’hydroxychloroquine, s’est accomplie dans le traitement des symptômes de certaines maladies rares d’origine immunitaire.Depuis quelques années, différentes équipes d’infectiologues ont rapporté un effet antiviral et même possiblement antibactérien de l’hydroxy chloroquine et l’ont utilisée, de façon confidentielle, dans des pathologies infectieuses rares.L’équipe du Professeur Raoult, à l’institut hospitalo-universitaire (IHU) Méditerranée – Infection de Marseille, s’en est fait une spécialité, largement reconnue. Assez logiquement, cette équipe a souhaité s’investir dans la lutte contre le Coronavirus, à partir de sa propre expérience. Elle a réalisé, au tout début de l’épidémie, une petite étude tout de même méritoire, car en un temps record et en mobilisant un maximum de capacités diagnostiques. Elle a souhaité médiatiser rapidement sa découverte, ce qui engage sa crédibilité et s’avère incontestablement risqué.Le Professeur Raoult, au regard de ce qui sera confirmé ou infirmé dans les prochains mois, pourrait devenir un héros de l’humanité aussi bien qu’un escroc mythomane… Au regard des critères classiques de l’évaluation des traitements en médecine, l’étude marseillaise ne permet pas en effet d’affirmer que l’hydroxy chloroquine (et surtout son association à l’azithromycine, un antibiotique qui a des propriétés anti virales) doit devenir le traitement de référence du Covid-19.Elle doit être confirmée par des études cliniques plus larges, ce d’autant que ce médicament peut avoir des effets toxiques, certes rares mais parfois graves (troubles cardiaques, anomalies de la rétine). Tout scientifique qui se respecte ne peut pas dire autre chose… C’est ici que le système médiatique s’emballe, avec en particulier l’intervention malvenue de certains personnages publics, exhibant fièrement et leur infection par le Coronavirus et leur traitement « miraculeux » par hydroxychloroquine, confirmant bien que leur statut social leur confère le privilège du diagnostic viral et du traitement soi-disant avant-gardiste que l’on refuse par ailleurs à la population. Triste spectacle, pour le moins irresponsable. Sous la pression, les autorités de santé acceptent l’utilisation de l’hydroxychloroquine chez les malades « les plus graves », ce qui n’est pas forcément logique si l’on considère qu’à ce stade, il est sans doute trop tard pour bloquer la reproduction du virus. La philosophie de l’équipe marseillaise n’est pas celle-là et elle est plutôt cohérente : dépister le plus possible les porteurs de virus au stade précoce et les traiter afin de faire disparaître le virus plus rapidement, en minimisant les complications et la contagiosité. Pari scientifique dont on souhaite évidemment qu’il finisse par être gagné. Dans cette situation si particulière, il ne faut pas demander aux médecins de choisir entre la rigueur scientifique et l’empirisme à la petite semaine, au prétexte qu’il s’agit d’une maladie potentiellement mortelle, pour laquelle il n’y a aucun traitement. Ce choix doit être celui de la société, c’est-à-dire du politique. L’ennui, c’est qu’à ce jour les tests de diagnostic viral ne sont pas suffisamment disponibles. La France, pays sous-développé, désormais incapable de faire des choix autonomes. À méditer… Quels que soient les résultats des études cliniques en cours, entre bêtise complotiste anti-experts & big pharma, et démagogie médiatique sur le thème : « On vous l’avait bien dit », il est évident qu’un certain nombre de responsables ont du souci à se faire. Dominique Remmaker25/03/2020 Source :Correspondance Polémia Crédit photo :Domaine public","Chloroquine : entre science et empirisme, une impasse politique","Title: Chloroquine: Between Science and Empiricism, a Political Dead End

Text:  
Let’s start with the scientific premise: over the past few decades, roughly since the end of World War II, medical research has almost completely moved away from empiricism, which had allowed, since Hippocrates (4th century BC) and the School of Cos, for a number of progress—albeit laborious—in the fight against the plagues that afflict humanity, foremost among them infectious diseases. Medical empiricism consisted of making the best use of what chance and nature could provide to humans, provided that those humans had a keen eye and a “prepared mind,” in Pasteur’s words.  

This approach led to the discovery of Penicillin by Fleming, Chain, and Florey, as well as chloroquine—a synthetic derivative of quinine, isolated in 1820 from tree bark (Cinchona), used in Peru against fever within the framework of indigenous traditional medicine.  

These molecules allowed for effective treatment of malaria until resistance appeared, starting in the second half of the 20th century. Today, research proceeds differently, through understanding the intimate mechanisms of microbial reproduction and dissemination, made possible by molecular biology.  

It is based on this knowledge that drugs are developed specifically to target certain mechanisms. For example, we have learned to block the proliferation of the HIV virus by inhibiting some of the enzymes it uses for replication. This explains why the mechanism of action of “old drugs” is often identified retrospectively or remains poorly understood.  

The second life of chloroquine, in the form of hydroxychloroquine, has been realized in the treatment of symptoms of certain rare immune-related diseases.  

In recent years, various teams of infectious disease specialists have reported antiviral and even potentially antibacterial effects of hydroxychloroquine and have used it, confidentially, in rare infectious diseases.  

Professor Raoult’s team at the Marseille-based Mediterranean Infection Institute (IHU) has made this a specialty, widely recognized. Quite logically, this team wanted to get involved in the fight against the coronavirus, based on their own experience. At the very beginning of the epidemic, they conducted a small but commendable study, done in record time and utilizing maximum diagnostic capacity. They quickly sought to publicize their discovery, which affects their credibility and is undoubtedly risky.  

Professor Raoult, depending on what will be confirmed or refuted in the coming months, could become a hero","Titre : Chloroquine : Entre science et empirisme, une impasse politique

Texte :  
Commençons par la prémisse scientifique : au cours des dernières décennies, depuis peu après la fin de la Seconde Guerre mondiale, la recherche médicale s’est presque totalement éloignée de l’empirisme, qui avait permis, depuis Hippocrate (IVe siècle av. J.-C.) et l’École de Cos, de réaliser plusieurs avancées—bien que laborieuses—dans la lutte contre les fléaux qui frappent l’humanité, en premier lieu les maladies infectieuses. L’empirisme médical consistait à faire le meilleur usage de ce que le hasard et la nature pouvaient offrir aux humains, à condition que ces derniers aient un œil avisé et un « esprit préparé », selon les mots de Pasteur.  

Cette approche a conduit à la découverte de la pénicilline par Fleming, Chain et Florey, ainsi qu’au chloroquine—un dérivé synthétique de la quinine, isolé en 1820 à partir de l’écorce de quinquina (Cinchona), utilisé au Pérou contre la fièvre dans le cadre de la médecine traditionnelle indigène.  

Ces molécules ont permis un traitement efficace du paludisme jusqu’à l’apparition de résistances, à partir de la seconde moitié du XXe siècle. Aujourd’hui, la recherche progresse différemment, en comprenant les mécanismes intimes de la reproduction et de la dissémination microbienne, rendus possibles par la biologie moléculaire.  

C’est sur cette base que sont développés des médicaments spécifiquement destinés à cibler certains mécanismes. Par exemple, nous avons appris à bloquer la prolifération du virus du VIH en inhibant certaines enzymes qu’il utilise pour sa réplication. Cela explique pourquoi le mécanisme d’action des « vieux médicaments » est souvent identifié a posteriori ou reste mal compris.  

La seconde vie du chloroquine, sous la forme d’hydroxychloroquine, s’est réalisée dans le traitement des symptômes de certaines maladies rares liées au système immunitaire.  

Ces dernières années, diverses équipes de spécialistes des maladies infectieuses ont rapporté des effets antiviraux, voire potentiellement antibactériens, de l’hydroxychloroquine, et l’ont utilisée, en toute confidentialité, dans de rares maladies infectieuses.  

L’équipe du professeur Raou"
https://www.polemia.com/guerre-en-ukraine-lombre-de-staline/,0,1,1,0,0,0,0,1,0,"Titre :Guerre en Ukraine. L’ombre de Staline texte :La Russie de Vladimir Poutine n’a cessé de faire l’objet de provocations, malveillances et humiliations de la part des États-Unis et de leurs vassaux de l’OTAN. Récemment, l’Allemagne, le premier et le plus fidèle de ces vassaux, a cru pouvoir s’offrir une audace sans conséquence morale, savoir établir avec la Russie le fameux gazoduc Northstream II. Se serait-il passé en coulisse à point nommé quelque chose que le public ignore, à l’heure où ce gazoduc allait être mis en service ? Quoi qu’il en soit, l’armée russe est entrée en Ukraine le 24 février, dressant contre cette agression la population ukrainienne, apparemment composante russophone incluse. Ne réussit pas l’Anschluss qui veut, réalité qui peut échapper à un ancien agent du KGB… Avec une déraison très assumée, l’homme qui a fait du 9 mai, commémoration de la capitulation du III° Reich, la fête nationale russe cultive ainsi une mythologie communiste, celle de l’antifascisme moral. Cette mystique, redoutablement efficace, a été créée par le VII° congrès du Komintern (1935) à l’initiative de Staline et répandue par ce génie de la propagande que fut Willi Muezenberg (1989-1940). D’où les «fronts populaires» qu’a connus l’Europe ça et là (en France encore de nos jours avec l’immarcescible le «Front républicain»). Le succès de ce proto wokisme soviétique fut à long terme fatal à l’URSS, les marxistes eux-mêmes étant passés au fil du temps du matérialisme historique au moralisme idéaliste… Or que constate-t-on dans le discours de Poutine ? L’omniprésence de la justification suprême, savoir la lutte contre les «nazis» ou «néonazis». Et, non seulement cette incongruité burlesque ne fait pas rire, mais la rhétorique est reprise par le président ukrainien pour qui ce sont les Russes qui sont des «fascistes» ! Évidemment il n’y a, de part et d’autre ni hitlériens ni fascistes. Et si les nationalistes ukrainiens célèbrent Stepan Bandera (1909-1959), qui lutta un temps contre les communistes au côté de la Wehrmacht, cela n’en fait pas des «nazis». De part et d’autre, l’anti-soviétisme ne fait pas recette dans l’élite, alors même que la terre d’Ukraine est remplie des charniers soviétiques et que l’Holodomor (famine provoquée par Staline en 1935) et illustré par le filml’Ombre de Staline[i], avec des millions de morts, paraît très présent dans la mémoire populaire sous-jacente. Itou pour le Goulag… Nombre de chroniqueurs regrettent l’absence de «Nuremberg du communisme», naïveté de ceux qui croient que la justice peut faire bon ménage avec la politique et l’Histoire. En revanche, il serait temps que toutes les archives soviétiques puissent être ouvertes aux chercheurs. Mais ce n’est pas la voie choisie par Poutine qui, peu avant l’agression contre l’Ukraine a dissout l’association Mémorial, dont c’était l’un des objets. Les anciens soviétiques n’ont pas fait leur catharsis… Évidemment, il ne serait plus possible de maintenir la fête du 9 mai, si les Russes se voyaient rappeler que leurs ancêtres tombés par dizaines de millions étaient largement mus par la Terreur[ii]. Les vagues d’assauts, mal commandées, étant suivies de troupes dont le rôle était d’abattre les récalcitrants. Le NKVD avait droit de vie ou de mort sur tout militaire quel qu’en fut le grade. Combien des membres du « Régiment des immortel », cher au président russe, ont-ils été tués par les agents staliniens ? L’Ukraine de Zelensky ne sort pas de ce jeu. Les autorités de Kiev ne rappellent même pas le passé soviétique : saisissant ! Si l’armée russe se comporte si mal, c’est qu’elle est l’héritière de l’Armée soviétique. Tout le reste n’est que propagande. Cette lutte où chacun voit en l’autre un suppôt de Hitler a quelque chose de grotesque qui devrait modérer l’enthousiasme des tiers observateurs que nous sommes.Cela étant, il n’est pas possible, à part soi, de ne pas réprouver l’attitude de la Russie en Ukraine et de ne pas avoir de la sympathie pour une population en butte à une soldatesque incorrigiblement néo-soviétique.Il n’est pas possible non plus de ne pas admirer l’héroïsme des défenseurs de Marioupol, face à une armée sans merci, car historiquement étrangère au sens de l’honneur militaire. Hitler est mort, pas Staline dont l’ombre plane toujours sur la Russie et l’Ukraine. Eric Delcroix12/05/2022 [i]Film d’Agnieszka Holland, 2019.[ii]Voyez,la Guerre d’extermination de Staline, par Joachim Hoffman, Editions Akribeia, 2012.",Guerre en Ukraine. L’ombre de Staline,"Title: War in Ukraine. The Shadow of Stalin

Text:  
Vladimir Putin’s Russia has continuously been the target of provocations, malice, and humiliations from the United States and their NATO vassals. Recently, Germany, the first and most loyal of these vassals, believed it could afford a boldness without moral consequence, namely establishing the famous Nord Stream II gas pipeline with Russia. Could something behind the scenes, at the right moment, have happened that the public is unaware of, just as this pipeline was about to be put into service? In any case, the Russian army entered Ukraine on February 24, confronting this aggression with the Ukrainian population, apparently including Russian-speaking components. Does the Anschluss succeed or not? That is a reality that might escape an ex-KGB agent… With very deliberate irrationality, the man who made May 9, the commemoration of the surrender of the Third Reich, Russia’s national holiday, cultivates a communist mythology—the one of moral anti-fascism. This mystique, which is remarkably effective, was created by the 7th Congress of the Comintern (1935) at Stalin’s initiative and spread by the propaganda genius Willi Muezenberg (1989-1940). Hence the “Popular Fronts” that Europe experienced here and there (still in France today with the unyielding “Republican Front”). The long-term failure of this proto-soviet wokism was fatal for the USSR, as Marxists themselves gradually shifted from historical materialism to moralistic idealism…  

What do we observe in Putin’s discourse? The omnipresence of the ultimate justification: fighting against “Nazis” or “neo-Nazis.” Not only does this absurd incongruity not make anyone laugh, but the rhetoric is also echoed by the Ukrainian president, who claims that Russians are “fascists”! Of course, there are no Hitlerian or fascist elements on either side. And while Ukrainian nationalists celebrate Stepan Bandera (1909-1959), who fought against the communists for a time alongside the Wehrmacht, this does not make them “Nazis.” On both sides, anti-Soviet sentiment does not resonate with the elite, even though Ukraine’s land is filled with Soviet mass graves, and the Holodomor (the famine caused by Stalin in 1935), depicted in the film *Shadow of Stalin*, with millions of deaths,","Titre : La guerre en Ukraine. L’ombre de Staline

Texte :  
La Russie de Vladimir Poutine a constamment été la cible de provocations, de malveillance et d’humiliations de la part des États-Unis et de leurs vassaux de l’OTAN. Récemment, l’Allemagne, le premier et le plus fidèle de ces vassaux, a cru pouvoir se permettre une audace sans conséquence morale, à savoir la mise en place du célèbre gazoduc Nord Stream II avec la Russie. Quelque chose aurait-il pu se passer en coulisses, au bon moment, dont le public ignore tout, juste au moment où ce gazoduc allait être mis en service ? Quoi qu’il en soit, l’armée russe est entrée en Ukraine le 24 février, confrontant cette agression à la population ukrainienne, apparemment comprenant des composantes russophones. L’Anschluss réussit-il ou non ? C’est une réalité qui pourrait échapper à un ancien agent du KGB… Avec une irrationalité très délibérée, l’homme qui a fait du 9 mai, la commémoration de la capitulation du Troisième Reich, la fête nationale de la Russie, cultive une mythologie communiste — celle du anti-fascisme moral. Cette mystique, qui est remarquablement efficace, a été créée lors du 7e Congrès du Komintern (1935) à l’initiative de Staline et diffusée par le génie de la propagande Willi Muezenberg (1889-1940). D’où les « Fronts populaires » que l’Europe a connus ici et là (encore en France aujourd’hui avec le « Front républicain » intransigeant). L’échec à long terme de cette proto-soviétisation wokiste a été fatal pour l’URSS, car les marxistes eux-mêmes ont progressivement abandonné le matérialisme historique au profit d’un idéalisme moraliste…  

Que remarquons-nous dans le discours de Poutine ? L’omniprésence de la justification ultime : lutter contre les « nazis » ou les « néo-nazis ». Non seulement cette incongruité absurde ne fait rire personne, mais la rhétorique est également reprise par le président ukrainien, qui affirme que les Russes sont des « fascistes » ! Bien sûr, il n’y a pas d’éléments hitléri"
https://www.polemia.com/la-candidature-de-zemmour-pourrait-briser-le-cordon-sanitaire-du-front-republicain/,0,1,1,0,0,0,1,1,0,"Titre :La candidature de Zemmour pourrait briser le cordon sanitaire du « front républicain » texte :La France est un pays de castors. Pour les dirigeants de LR comme pour ceux de LREM, un seul objectif politique : faire barrage au Rassemblement national. Rien de nouveau sous le soleil.Cela fait quarante ans que cela dure. Le « front républicain » a déporté la France à gauche. « Faire barrage ». Le bilan du « front républicain » : chaos migratoire et sécuritaire Il a rendu impossible toute mesure sérieuse de contrôle de l’immigration, de réforme de la Justice, de redressement de l’Éducation nationale. Pire, dans de nombreuses villes et circonscriptions, le front républicain a fait des lobbys islamistes les arbitres des élections : ils apportent une clientèle communautarisée qui remplace électoralement des Français de souche ostracisés. Au final, c’est le front républicain qui est responsable du chaos ethnique et du chaos sécuritaire. Il faut en sortir ! Comment, sinon en diversifiant l’offre politique, préalable à toute recomposition du paysage politique ? C’est ici qu’une possible (probable ?) candidature Zemmour prendrait tout son sens. En rassemblant et en mobilisant un électorat nouveau. La candidature d’Éric Zemmour, une chance pour Marine Le Pen ? Voici le socle électoral de départ d’une candidature Zemmour : Zemmour occupe une place à part et nouvelle, aujourd’hui, dans le paysage audiovisuel français, demain peut-être dans le paysage politique : il est à la fois hors système par son discours à l’opposé du politiquement correct et dans le système par les lieux où il s’exprime et les interlocuteurs avec qui il débat. Il tient un discours radical et en même temps il capte l’intérêt des intellectuels (Onfray), des CSP+ et des urbains rétifs à Marine Le Pen (dont le point fort reste la France périphérique acquise à sa « fesse populaire »). Une candidature Zemmour élargirait incontestablement le champ électoral de la droite nationale et identitaire. J’entends les piaillements du côté du Rassemblement national : il ne faut pas qu’il y aille, il risquerait d’empêcher Marine d’être au second tour. Certes. Le risque existe. Comme existe le risque – la chance plutôt – d’un duel Zemmour/Marine… Mais le risque le plus grand, pour la France, n’est pas l’élimination de la candidate du RN au premier tour, c’est la réélection de Macron (ou de son remplaçant) au second. Et pour cela, il faut des réserves de voix au second tour. Il faut briser le cordon sanitaire. Le RN n’y arrivera pas seul. Pas de recomposition politique sans novation. Pas de succès possible sans élargissement du socle électoral intellectuel et sociologique. Comme le dit Zemmour, c’est« maintenant qu’il faut passer à l’action ». Mieux que gérer un petit héritage ! Jean-Yves Le Gallou09/06/2021 Source :Boulevard Voltaire",La candidature de Zemmour pourrait briser le cordon sanitaire du « front républicain »,"Title: Zemmour's Candidacy Could Break the ""Republican Front"" Sanitary Cordon

Text: France is a country of beavers. For the leaders of LR (The Republicans) as well as LREM (La République En Marche), there is only one political goal: to block the National Rally (Rassemblement National). Nothing new under the sun. This has been going on for forty years. The ""republican front"" has pushed France to the left. ""Blocking."" The result of the ""republican front"": migratory and security chaos. It has made it impossible to implement serious measures to control immigration, reform Justice, or reform National Education. Worse, in many cities and districts, the republican front has made Islamist lobbies the arbiters of elections: they provide a community-based clientele that electorally replaces ostracized native French voters. Ultimately, it is the republican front that is responsible for ethnic chaos and security chaos. We need to get out of it! How, if not by diversifying the political offer, which is a prerequisite for any reshaping of the political landscape? This is where a possible (probable?) Zemmour candidacy would make perfect sense. By gathering and mobilizing a new electorate. 

Is Éric Zemmour's candidacy a chance for Marine Le Pen? Here is the initial electoral base for a Zemmour candidacy: Zemmour occupies a unique and new position today in the French audiovisual landscape, and perhaps tomorrow in the political landscape: he is both outside the system with his discourse opposed to political correctness, and within the system through the venues where he speaks and the interlocutors with whom he debates. He delivers a radical message, yet he also captures the interest of intellectuals (Onfray), the upper social classes (CSP+), and urban voters who are resistant to Marine Le Pen (whose stronghold remains the peripheral France loyal to her ""populist base""). A Zemmour candidacy would undoubtedly broaden the electoral field of the nationalist and identitarian right.

I hear the protests from the National Rally: he shouldn't run, as it might prevent Marine from reaching the second round. Certainly. The risk exists. Just as the risk—more like the opportunity—of a Zemmour/Marine duel exists... But the greatest risk for France is not the elimination of the RN candidate in the first round; it is the re-election of Macron (or his replacement","Titre : La candidature de Zemmour pourrait briser le « Front républicain » et le cordon sanitaire

Texte : La France est un pays de castors. Pour les dirigeants des LR (Les Républicains) ainsi que de LREM (La République En Marche), il n’y a qu’un seul objectif politique : bloquer le Rassemblement National. Rien de nouveau sous le soleil. Cela dure depuis quarante ans. Le « front républicain » a poussé la France à gauche. « Bloquer ». Le résultat du « front républicain » : chaos migratoire et sécuritaire. Il a rendu impossible la mise en œuvre de mesures sérieuses pour contrôler l’immigration, réformer la Justice ou réformer l’Éducation nationale. Pire encore, dans de nombreuses villes et quartiers, le front républicain a fait des lobbies islamistes les arbitres des élections : ils fournissent une clientèle communautaire qui électoralement remplace les électeurs français natifs ostracisés. En fin de compte, c’est le front républicain qui est responsable du chaos ethnique et du chaos sécuritaire. Il faut en sortir ! Comment, sinon en diversifiant l’offre politique, ce qui est une condition préalable à toute refonte du paysage politique ? C’est là qu’une éventuelle (probable ?) candidature de Zemmour aurait tout son sens. En rassemblant et en mobilisant un nouveau électorat.

La candidature d’Éric Zemmour est-elle une chance pour Marine Le Pen ? Voici la base électorale initiale d’une candidature Zemmour : Zemmour occupe aujourd’hui une position unique et nouvelle dans le paysage audiovisuel français, et peut-être demain dans le paysage politique : il est à la fois en dehors du système avec son discours opposé à la politiquement correct, et dans le système à travers les lieux où il s’exprime et les interlocuteurs avec lesquels il débat. Il délivre un message radical, tout en captant l’intérêt des intellectuels (Onfray), des classes sociales supérieures (CSP+), et des électeurs urbains résistants à Marine Le Pen (dont le bastion reste la France périphérique fidèle à sa « base populiste »). Une candidature Zemmour pourrait sans doute élargir le champ électoral de la droite nationaliste et identitaire.

J’entends les protestations du Rassemblement National : il ne devrait pas se"
https://www.polemia.com/libye-tribus-et-barbus-le-bobardement-en-attendant-lenlisement/,0,1,1,0,1,0,1,1,0,"Titre :Libye, tribus et barbus : le « bobardement »… en attendant l’enlisement texte :Des morts et des blessés aussi le 18 avril à Jaïtapur, dans l’ouest de l’Inde, où la police a tiré sur des opposants à un important projet nucléaire du géant français Areva dans l’Etat du Maharashtra. Paris doit-il intervenir exiger la mise en accusation du gouvernement de la « plus grande démocratie du monde » ? Dix-huit civils tués dans la bande de Gaza entre le 7 et le 9 avril par l’aviation israélienne — dont le commandement a déclaré que « les frappes aériennes continueraient tant que les tirs de roquette du Hamas auraient lieu ». La France doit-elle intervenir et exiger le renvoi du Premier ministre Netanyahou devant la Cour Pénale Internationale ? Ces questions peuvent paraître purement rhétoriques. Elles devraient pourtant se poser à tout animal doué de raison après que Nicolas Sarkozy eut pour la seconde fois reçu à l’Elysée le 20 avril Mustapha Abdel Jalil, président du Conseil national de transition (CNT) libyen, et annoncé à l’issue de cet entretien, « consacré à la situation en Libye et au processus de transition démocratique », selon le communiqué officiel, l’envoi d’« officiers de liaison » auprès du CNT. Cela alors même qu’interrogé à la sortie du Conseil des ministres, le ministre de la Défense Gérard Longuet venait de déclarer que « l’envoi de troupes au sol est exclu » car « ce n’est pas la résolution 1973 de l’ONU et nous travaillons dans le cadre de cette résolution ». Longuet ne faisait d’ailleurs que répéter ce qu’avait dit la veille son collègue Juppé devant la presse étrangère. Le nouveau patron du Quai d’Orsay, deux jours auparavant, avait pourtant dénoncé le manque d’énergie et de détermination de l’OTAN et avait en effet affirmer « rester pour [s]a part tout à fait hostile à un déploiement de forces sur le terrain », qui n’est d’ailleurs « pas du tout prévu ». Il est vrai que l’« hyperministre » avait aussi reconnu : « Ce qu’on a peut-être sous-estimé, c’est la capacité d’adaptation de Mouammar Kadhafi. » Et donc le risque d’enlisement, envisagé et même jugé probable par le général Jean-Paul Palomeros, chef d’état-major de notre armée de l’air, avertissant qu’il faut s’attendre à « un engagement de longue durée » comme en Bosnie ou au Kossovo, car « les fondements des crises sont profonds. On ne peut pas espérer les régler d’un coup de baguette magique » (Billet de Polémia du 19 avril). Comment ne pas s’angoisser devant le confusionnisme de ces différentes décisions et déclarations ? Car l’hostilité affichée par Juppé et Longuet à tout déploiement de troupes au sol en Libye s’accommode mal de l’envoi dans ce même pays d’« officiers de liaison » — non pas du reste en instance de départ comme le prétend l’Elysée, mais déjà sur place depuis plusieurs jours pour répondre à la revendication des insurgés qui réclamaient la présence d’experts occidentaux capables de mieux diriger les tirs de l’OTAN contre l’armée régulière libyenne. Or, nul n’a oublié en haut lieu, espérons-le du moins, que c’est par l’envoi, à l’inititive de John F. Kennedy en 1963, de simples conseillers militaires à Saïgon que commença l’interminable engagement de l’US Army au Vietnam. D’autre part, si les mots ont un sens, l’analyse du général Palomeros selon laquelle « les fondements de la crise sont profonds » en Libye signifie qu’il ne s’agit pas dans ce pays d’une simple crise de régime, immédiatement réglée par l’éviction de Muammar Kadhafi comme on veut nous le faire croire : les « raisins de la colère » sont bien plus complexes, et anciens sinon antiques. Cela confirme, cette fois, l’analyse de l’historien Bernard Lugan accusant dès le 13 mars Nicolas Sarkozy d’avoir « reconnu comme représentant du “Peuple libyen” une coalition tribale de Cyrénaïque s’étant donné le nom de Conseil National de l’Opposition », d’avoir reconnu non pas « l’“opposition libyenne”, mais les seuls représentants des tribus insurgées de Cyrénaïque ce qui, convenons-en, n’est pas exactement la même chose ». Et le célèbre africaniste d’expliquer que, «en écoutant BHL et non les spécialistes de la région, le président Sarkozy a donc involontairement redonné vie au plan Bevin-Sforza rejeté par les Nations unies en 1949. Ce plan proposait la création de deux Etats, la Tripolitaine, qui dispose aujourd’hui de l’essentiel des réserves gazières, et la Cyrénaïque qui produit l’essentiel du pétrole (1). Voilà donc la première étape de ce plan oublié désormais réalisée avec la reconnaissance par la France, suivie par l’UE, du gouvernement insurrectionnel de Cyrénaïque… Deux Etats existent donc sur les ruines de la défunte Libye : la Cyrénaïque — provisoirement ? — aux mains des insurgés, et la Tripolitaine. C’est à partir de cette donnée qu’il convient d’analyser la situation, tout le reste n’étant une fois encore que stérile bavardage, vaine gesticulation et soumission à la dictature de l’émotionnel. » Mais encore aurait-il fallu connaître « cette donnée ». Or, se reporter à l’article du géopoliticien Aymeric Chauprade « La diplomatie française est-elle nulle ? – Oui » (2), le Quai d’Orsay comprend de moins en moins de spécialistes avertis. Et ceux-ci auraient-ils multiplié les notes qu’ils n’eussent pas été écoutés, l’Exécutif en général et la présidence de la République en particulier cédant en toute circonstance à la « dictature de l’émotionnel » — d’autant plus volontiers d’ailleurs, dans le cas de Sarkozy, qu’il n’a toujours pas pardonné à Kadhafi de l’avoir ridiculisé lors de sa visite à Paris en décembre 2007. Il lui faut donc avoir la peau du raïs, d’où la Tribune signée conjointement le 15 avril avec le président états-unien Obama et le Premier ministre britannique David Cameron pour convaincre l’univers de l’ardente obligation de la débarrasser d’un tel tyran. Encore que, comme l’a reconnu Gérard Longuet sur LCI, cela équivaudrait à « sortir de la résolution de l’ONU » puisque « la résolution 1973 n’évoquait certainement pas l’avenir de Kadhafi ». Sortira-t-on avec autant de désinvolture de cette résolution en ce qui concerne le déploiement de troupes au sol ? Déjà, il est avéré que les insurgés disposent de nos fusils Famas, un don gracieux que le commandement justifie par le fait que ces armes ont été déclassifiées par l’OTAN, mais qui constitue un acte de guerre incontestable, toutefois légitimé vis-à-vis de l’opinion par les « dix mille morts faits par la répression à Misrata ». Un chiffre que même France Info estimait le 19 avril « invérifiable » compte tenu de la population de la ville dite martyre et des moyens dont dispose l’armée libyenne désormais privée d’aviation mais qui, matraqué en un incessant « bobardement », pourrait précipiter les événements. Avec la conséquence, que nous redoutions ici dès le 22 mars (3) que « cette guerre puisse durer car Kadhafi et la Libye ne sont pas totalement prévisibles », pour citer encore Gérard Longuet, qui ajoutait en une jolie lapalissade : « Oui, c’est long et compliqué. Et parce que c’est compliqué, c’est long. » Si c’est tellement compliqué, qu’allons-nous donc faire dans cette galère, d’autant qu’il est maintenant de notoriété publique qu’Al Qaïda et les imams salafistes sont à la manœuvre derrière les sécessionnistes de la Cyrénaïque ? Les mêmes imams salafistes qui agitent la Syrie contre Bachar Al Assad (dépêche AFP du 19 avril), chef du seul Etat laïque du Moyen-Orient, et la même Al Qaïda qui a revendiqué, le 19 avril également, le sanglant attentat commis la veille à Kaboul et qui aurait visé le ministre français de la Défense alors en visite en Afghanistan. On nage en pleine contradiction, en pleine négation du bon sens comme de nos intérêts nationaux alors que notre pays, au bord de la ruine, est prêt à toutes les économies de bout de chandelles (y compris sur le budget de la Défense !) pour colmater les brèches. Mais si vaine, si coûteuse en numéraire et peut-être demain en vies humaines que soit l’intervention, faut ce qu’il faut ! La France n’est-elle pas « le bras armé du droit et de la conscience internationale » comme nous l’a appris le brave général Palomeros ? Et tant pis si la conscience internationale, qui a pris une fois de plus l’affriolant minois de Bernard Henri Lévy, dit « l’affabulation à visage humain », nous conduit à être aussi le bras armé du pire obscurantisme islamique. Camille Galic20/04/2011 Ce qui explique peut-être l’activisme du gouvernement de Londres. En ce premier anniversaire de la marée noire en Louisiane, dont la British Petroleum était responsable et qui lui a coûté très cher, BP aurait bien besoin de se refaire une santé financière en s’emparant de nouveaux terrains pétrolifères.","Libye, tribus et barbus : le « bobardement »… en attendant l’enlisement","Title: Libya, Tribes, and Bearded Men: The ""Bobbardment""... Awaiting Entrenchment

Text:  
There have also been deaths and injuries on April 18 in Jaitapur, in western India, where police shot at opponents of a major nuclear project by the French giant Areva in the state of Maharashtra. Should Paris intervene and demand the indictment of the government of the ""world's largest democracy""?  

Eighteen civilians were killed in Gaza between April 7 and 9 by Israeli aircraft — with the command stating that ""airstrikes will continue as long as rocket fire from Hamas persists."" Should France intervene and demand the removal of Prime Minister Netanyahu before the International Criminal Court?  

These questions may seem purely rhetorical. Yet, they should be asked by any rational being after Nicolas Sarkozy, for the second time, received Mustapha Abdel Jalil, President of the Libyan National Transitional Council (NTC), at the Élysée Palace on April 20. Following this meeting, which was ""dedicated to the situation in Libya and the process of democratic transition,"" according to the official statement, France announced the dispatch of ""liaison officers"" to the NTC.  

This is despite the Defense Minister Gérard Longuet, who, upon leaving the Council of Ministers, declared that ""the deployment of ground troops is excluded"" because ""this is not UN Resolution 1973, and we are working within the framework of that resolution."" Longuet was merely echoing what his colleague Juppé had said the day before in front of foreign press.  

However, two days earlier, the new Foreign Minister had denounced NATO's lack of energy and determination, affirming that he ""remains entirely opposed to deploying forces on the ground,"" which is also ""not at all planned."" It is true that the ""hyperminister"" also acknowledged: ""What we may have underestimated is Muammar Kadhafi's capacity to adapt.""  

And thus, the risk of entrenchment, considered and even deemed probable by General Jean-Paul Palomeros, Chief of Staff of the French Air Force, who warned that we should expect ""a long-term engagement"" similar to Bosnia or Kosovo, because ""the roots of the crises are deep. You can't expect to resolve them with a magic wand"" (Polémia note, April 19).  

How can one not be anxious about the confusion of these various decisions and statements? Because Juppé","Titre : Libye, tribus et hommes barbus : la « Bobbardement »... en attendant l’enracinement

Texte :  
Il y a également eu des morts et des blessés le 18 avril à Jaitapur, dans l’ouest de l’Inde, où la police a tiré sur des opposants à un important projet nucléaire du géant français Areva dans l’État du Maharashtra. Paris doit-il intervenir et demander l’inculpation du gouvernement de la « plus grande démocratie du monde » ?  

Dix-huit civils ont été tués à Gaza entre le 7 et le 9 avril par des avions israéliens — le commandement affirmant que « les frappes aériennes continueront tant que le tir de roquettes du Hamas persiste ». La France doit-elle intervenir et demander le départ du Premier ministre Netanyahu devant la Cour pénale internationale ?  

Ces questions peuvent sembler purement rhétoriques. Pourtant, elles doivent être posées par tout être rationnel après que Nicolas Sarkozy, pour la deuxième fois, a reçu Mustapha Abdel Jalil, président du Conseil national de transition libyen (CNT), au palais de l’Élysée le 20 avril. À l’issue de cette rencontre, qui était « consacrée à la situation en Libye et au processus de transition démocratique », selon le communiqué officiel, la France a annoncé l’envoi de « responsables de liaison » au CNT.  

Cela malgré le ministre de la Défense Gérard Longuet, qui, en quittant le Conseil des ministres, a déclaré que « le déploiement de troupes au sol est exclu » parce que « ce n’est pas la Résolution 1973 de l’ONU, et nous agissons dans le cadre de cette résolution ». Longuet ne faisait que reprendre ce que son collègue Juppé avait dit la veille devant la presse étrangère.  

Cependant, deux jours plus tôt, le nouveau ministre des Affaires étrangères avait dénoncé le manque d’énergie et de détermination de l’OTAN, affirmant qu’il « reste totalement opposé au déploiement de forces au sol », ce qui est aussi « absolument pas prévu ». Il est vrai que le « hyperministre » a également reconnu : « Ce que nous avons peut-être sous-estimé, c’est la capacité de Muammar Kadhafi à s’adapter. »  

Et ainsi, le risque"
https://www.polemia.com/ukraine-qui-ment-et-pourquoi/,1,1,1,0,1,0,1,1,0,"Titre :Ukraine : qui ment, et pourquoi ? texte :Dans ce rapport explosif, Amnesty démontre en effet, exemples à l’appui, que les forces de Kiev mettent en danger leurs concitoyens en « établissant des bases et en utilisant des systèmes d’armement dans des zones résidentielles habitées, notamment des écoles et des hôpitaux ». Plus grave, elles lancent à dessein des attaques depuis des zones civiles habitées, sans « prendre toutes les précautions possibles pour protéger la population », qui se retrouve ainsi en butte aux représailles russes. Autant de « tactiques de combat [qui] violent le droit international humanitaire et mettent gravement en danger la population civile, car elles transforment des biens de caractère civil en cibles militaires », regrette Amnesty qui a donc aussitôt été accusée par Volodymyr Zelensky de reprendre les allégations de Poutine sur l’utilisation par Kiev de civils innocents comme boucliers humains et, par-là, de « tenter d’amnistier l’État terroriste russe ». Reproche repris par Dmytro Kouleba, le ministre ukrainien des Affaires étrangères, qui a stigmatisé « ce faux équilibre entre l’oppresseur et la victime, entre le pays qui détruit des centaines et des milliers de civils, de villes, de territoires, et le pays qui se défend désespérément ». Ainsi mise au pilori de la Conscience universelle,Amnesty Internationala dit comprendre « le désarroi et la colère » suscités par son rapport mais précisé en « maintenir pleinement » la teneur, « fondée sur des preuves obtenues lors d’investigations de grande ampleur soumises à des normes rigoureuses ». « Le fait de se trouver dans une position de défense ne dispense pas l’armée ukrainienne de respecter le droit international humanitaire », a déclaré sa secrétaire générale Agnès Callamard en rappelant que sa priorité, « dans ce conflit comme dans tout autre, est de veiller à ce que les civils soient protégés ». Ce qui n’aurait été le cas ni à Boutcha, ni à Marioupol ni à Kherson, « villes martyres » mises en avant par Zelensky. Si Amnesty répercute la propagande russe, faut-il croire la propagande ukrainienne ? Selon Kiev, la Russie aurait déploré 42 200 morts et jusqu’à 117 000 blessés depuis le début l’invasion de sa voisine le 24 février, alors que l’Ukraine n’aurait quant à elle perdu que 10 000 combattants, 30 000 autres étant blessés — ponctions effroyables pour des pays où sévit la « peste blanche » de la dénatalité et de nature à réjouir tous les ennemis du monde blanc, forts de leur démographie exponentielle. Toutefois, les chiffres ne sont-ils pas démesurément accrus pour un camp et minimisés pour l’autre ? Car, héritage de neuf décennies de cohabitation, l’intox, domaine dans lequel l’URSS était (et reste) maître, est aussi communément pratiquée par l’Ukraine. Laquelle, si elle était en panne defake news, peut également compter sur « la désinformation pratiquée par le temple atlantiste » dont, estime le gaulliste Henri Guaino, « le jeu dangereux pourrait nous faire basculer dans un conflit généralisé ». Le doute subsiste ainsi sur le bombardement ayant fait le 29 juillet 53 morts dans la prison de Yelenovka (République de Donetsk) où les Russes détiennent de nombreux prisonniers de guerre ukrainiens, y compris des combattants du bataillon Azov qui s’étaient retranchés à Azovstal. Quel intérêt les Russes auraient-ils eu à perpétrer cette frappe, dont les Ukrainiens, suivis par tous les media occidentaux malgré le démenti formel apporté par Moscou, leur imputent l’entière responsabilité ? Et pourquoi bombarderaient-ils la centrale nucléaire de Zaporijjia dont ils s’étaient emparés d’amblée, alors que Kiev les accuse de vouloir relier cette centrale à la Crimée ? « L’Ukraine est un pion sur l’échiquier d’un jeu bien plus vaste » – Václav Klaus, ancien président tchèque Même flou sur la destination des cargos de céréales ukrainiennes à destination des masses affamées d’Afrique et dont le départ avait été négocié entre Kiev et Moscou sous la houlette du Turc Erdogan — auquel la crise actuelle a donné une stature et une influence auxquelles il n’aurait jamais rêvé d’accéder. Premier à quitter Odessa le 1eraoût, avec 26.000 tonnes de maïs à son bord, leRazonidevait accoster le 5 août au Liban. Mais il est retenu dans le port turc de Merzin, sur l’Egée, et sa cargaison pourrait échoir à un acquéreur turc.Huit autres bateaux ont quitté les ports ukrainiens, l’un voguant également vers la Turquie et les autresvers la Chine, l’Italie, la Croatie, la Grande-Bretagne et l’Irlande.Quiddes Africains pour lesquels Zelensky réclamait justice, et pitance ? Il est vrai qu’il n’est pas maître de la production agricole nationale, puisque, comme l’écrivait récemment le site spécialisé Ritimi, « dans le pays connu comme le “grenier à blé de l’Europe”, l’agriculture est dominée par des oligarchies et des multinationales depuis la privatisation des terres publiques qui a suivi l’effondrement de l’Union Soviétique en 1991. Ces 30 dernières années, aucun gouvernement n’a réussi à remettre en question cet ordre établi » qui a abouti en 2021, à la suite de la loi 552-IX, à l’accaparement de plus du quart des terres arables par des multinationales en majorité américaines comme Monsanto, UkrLandFarming, NCH Capital, MHP et Astarta. Imposée par la Banque Mondiale, le Fonds monétaire international et la Banque européenne pour la reconstruction et le développement (BERD, fondée en 1990 par François Mitterrand à l’initiative de notre vieil ami Jacques Attali qui en fut le premier président avant d’être poussé vers la sortie en raison de ses extravagances financières), la loi 552-IX fut l’un des premiers textes promulgués par Zelensky après son accession à la présidence. Accession grandement facilitée par son « inventeur », le richissime oligarque Ihor Kolomoïsky (« 3e fortune d’Ukraine et 613e fortune mondiale selonForbesqui l’évalue à 2,4 milliards de dollars — leKorrespondentdonne 6,3 milliards ») dont, dans son n°568, la lettre confidentielleFaits & documents(site internet :faitsetdocuments.com)brosse un portrait aussi fouillé et documenté qu’inquiétant. Kolomoïsky, « surnommé Bénya, en référence à Bénya Krik, le parrain de la pègre juive desRécits d’Odessad’Isaac Babel », n’est-il pas le partenaire en affaires (louches) de Hunter Biden, le très encombrant fils du président états-uniens, qui a lui-même promu « héros du monde libre » son homologue ukrainien ? Ukraine : l’Europe doit se désolidariser des Américains, par Bruno Mégret Et flou encore sur le sort des 18 canonsCaesar(coût : 5 millions l’unité) généreusement offerts par la France à Kiev. Une seule chose est sûre, la Grande muette ainsi dépouillée de près du quart de son parc de systèmes d’artillerieCaesarayant multiplié les protestations, le nouveau ministre des Armées Sébastien Lecornu a annoncé fin juillet qu’« une enveloppe de 85 millions d’euros va nous permettre de faire cette recomplétude [sic], l’idée étant de ne pas abimer les plans d’entraînement et de formation de nos artilleurs ». Une commande de 18 nouveaux canonsCaesaren remplacement de ceux donnés à l’Ukraine a donc été passée au constructeur Nexter qui a promis de les livrer « au plus tard à l’été 2024 ». Espérons que notre armée de terre n’en aura pas besoin d’ici là. Et qu’Emmanuel Macron va borner là ses largesses car l’Ukraine nous a déjà coûté assez cher. Mais ce n’est qu’un début. En perte de marchés et onéreuses « retraites de Russie » (voir mon papier du 4 août,Des sanctions contre Moscou ou contre nous ?),l’embargo prononcé contre la Russie par la Commission européenne, mais non entériné par l’ONU et donc juridiquement invalide, a déjà handicapé l’Europe en général et, merci Macron, la France en particulier. Sans dommages particulier pour le Kremlin quoi qu’en dise notre ministre des Affaires étrangères Catherine Colonna selon laquelle « ces sanctions affectent fortement l’économie russe et vont avoir un impact croissant, puisque la réduction de notre dépendance aux hydrocarbures russes et possiblement au gaz compliquera très fortement la poursuite de l’effort de guerre de la Russie ». Or, si l’on en croit l’économiste Béatrice Parrino (cf.Le Point,pourtant très antipoutinien du 9 août), la présentation des comptes des entreprises du CAC-40 pour le premier semestre 2022 montre que, pour seize d’entre elles, « leur retrait de Russie aurait coûté près de 16 milliards ». Si Renault et la Société Générale, qui ont dû abandonner leurs actifs en Russie, comme nous l’exposions le 4 août, sont les plus touchées, « d’autres groupes français accusent le coup. Air Liquide a déclaré que la perte liée à son retrait du marché russe pourrait peser sur ses comptes, près de 3 milliards pour l’année 2022 ; au premier semestre, l’entreprise encaisse déjà un contrecoup de 1 milliard. Le spécialiste des pneus Michelin creuse ses comptes de 202 millions, le leader mondial des solutions numériques d’énergie Schneider Electric de 173 millions ou encore le géant de l’eau Veolia de 80 millions ». Du côté des énergéticiens, bien qu’ils aient dégagé des profits record, même déficit : « Sans surprise,TotalEnergiesest la société à subir le plus fort impact [de l’embargo], à plus de 7,3 milliards d’euros, liés à un projet gazier en Arctique (Arctic LNG 2) et à sa participation dans le numéro deux du gaz naturel en Russie, Novatek. (…) Quant à Engie, elle connaît le même sort que TotalEnergies. L’entreprise assure être touchée à hauteur de 1 milliard. L’entreprise a révisé à la baisse (de 259 millions) la valorisation de sa participation dans le gazoduc Nord Stream 1, reliant la Russie à l’Allemagne, via la mer Baltique ; à la lecture de ses documents financiers, elle semble avoir dit adieu également au remboursement d’un prêt de 987 millions consenti afin de financer le gazoduc Nord Stream 2, devant augmenter les capacités d’importation de l’UE en provenance de Russie et enlisé après la décision de sanctions par les États-Unis. » Et comme si ça ne suffisait pas, estime de son côté le magazine économiqueLes Échos, « la vague de canicule-sécheresse bouscule aussi le système électrique européen. Depuis le début de l’été, période qui se caractérise en temps normal par une accalmie sur les marchés de gros de l’électricité à cause de la baisse de la demande par rapport à l’hiver, les électrons continuent de s’échanger à des prix records. Lundi soir [8 août], le mégawattheure d’électricité française livrée en 2023 s’échangeait à un niveau stratosphérique de 543 euros, selon les données de la Bourse Epex Sport compilées par Bloomberg. Soit cinq fois plus que le prix saisonnier moyen des cinq dernières années. L’Allemagne n’étant pas en reste, avec des prix atteignant jusqu’à 414 euros le MWh. A titre de comparaison, les prix maxima en 2021 étaient respectivement de 100 euros/MWh pour la France et 150 euros/MWh pour l’Allemagne, des standards déjà assez élevés pour l’époque. Comment expliquer un tel écart ? Le système électrique européen est confronté depuis plusieurs mois déjà à la flambée du gaz russe et du charbon, combustibles de nombreuses centrales électriques sur le Vieux continent. L’indisponibilité chronique du parc nucléaire français et donc des capacités d’export de l’Hexagone alimentent eux aussi cette flambée. La canicule et la sécheresse n’arrangent pas ces difficultés, affectant l’ensemble des moyens de production électriques, contrairement à ce que l’on pourrait croire en France. » Conclusion le 3 août duWall Street Journal:«L’hiver en Europe pourrait être le printemps pour Poutine»en raison des troubles sociaux que risque de provoquer le marasme économique ainsi créé sur notre continent au nom des Droits de l’homme. Droits allégrement bafoués par le « héros du monde libre » dont le rapport d’Amnesty International vient de ternir l’aura, cependant que la presse allemande confirme ce que l’on savait déjà, à savoir la possession par l’intègre Zelensky de nombreux et copieux comptes offshores dans les paradis fiscaux. De Vladimir le Grand à Volodymir le pourri, quelle chute pour l’Ukraine, si admirable à tant d’égards malgré toutes les souffrances endurées depuis près d’un siècle ! Camille Galic14/08/2022","Ukraine : qui ment, et pourquoi ?","Title: Ukraine: Who is Lying, and Why?

Text: In this explosive report, Amnesty demonstrates, with supporting examples, that the forces of Kyiv are endangering their fellow citizens by ""establishing bases and using weapons systems in inhabited residential areas, including schools and hospitals."" More seriously, they deliberately launch attacks from civilian areas without ""taking all possible precautions to protect the population,"" which results in civilians becoming targets of Russian reprisals. Such ""combat tactics [which] violate international humanitarian law and seriously endanger the civilian population, as they turn civilian objects into military targets,"" regrets Amnesty, which was immediately accused by Volodymyr Zelensky of echoing Putin's allegations about Kyiv using innocent civilians as human shields and, thereby, ""trying to whitewash the Russian terrorist state."" This reproach was echoed by Dmytro Kuleba, Ukraine's Foreign Minister, who condemned ""this false balance between the oppressor and the victim, between the country that destroys hundreds and thousands of civilians, cities, and territories, and the country that is desperately defending itself.""

Thus, condemned by the Universal Conscience, Amnesty International states that it understands ""the dismay and anger"" caused by its report but clarifies that it ""fully maintains"" its content, ""based on evidence obtained during extensive investigations conducted according to rigorous standards."" ""Being in a defensive position does not exempt the Ukrainian army from respecting international humanitarian law,"" declared its Secretary General Agnès Callamard, emphasizing that her priority, ""in this conflict as in any other, is to ensure the protection of civilians."" This has not been the case in Bucha, Mariupol, or Kherson—""martyred cities"" highlighted by Zelensky.

If Amnesty echoes Russian propaganda, should we believe Ukrainian propaganda? According to Kyiv, Russia has suffered 42,200 deaths and up to 117,000 injuries since the invasion of its neighbor began on February 24, while Ukraine has reportedly lost only 10,000 fighters, with 30,000 others wounded—horrific figures for countries suffering from the ""white plague"" of low birth rates, which is also likely to delight all enemies of the white race, given their exponential demographic growth.

However, are these figures not exaggerated for one side and minimized for the other? As a legacy of nine decades of coexistence, disinformation—an area in which the USSR was (and remains) a master—has also been commonly practiced by Ukraine","Titre : Ukraine : Qui ment, et pourquoi ?

Texte : Dans ce rapport explosif, Amnesty démontre, avec des exemples à l’appui, que les forces de Kiev mettent en danger leurs compatriotes en « établissant des bases et en utilisant des systèmes d’armes dans des zones résidentielles habitées, y compris des écoles et des hôpitaux ». Plus grave encore, elles lancent délibérément des attaques depuis des zones civiles sans « prendre toutes les précautions possibles pour protéger la population », ce qui entraîne des civils devenant des cibles de représailles russes. De telles « tactiques de combat [qui] violent le droit humanitaire international et mettent gravement en danger la population civile, car elles transforment des objets civils en cibles militaires », regrette Amnesty, qui a été immédiatement accusée par Volodymyr Zelensky de faire écho aux allégations de Poutine selon lesquelles Kiev utiliserait des civils innocents comme boucliers humains et, ce faisant, « tente de blanchir l’État terroriste russe ». Cette reproche a été repris par Dmytro Kuleba, ministre ukrainien des Affaires étrangères, qui a condamné « ce faux équilibre entre l’oppresseur et la victime, entre le pays qui détruit des centaines et des milliers de civils, de villes et de territoires, et le pays qui se défend désespérément ».

Ainsi, condamnée par la Conscience Universelle, Amnesty International déclare comprendre « le désarroi et la colère » suscités par son rapport, mais précise qu’elle « maintient pleinement » son contenu, « basé sur des preuves obtenues lors d’enquêtes approfondies menées selon des normes rigoureuses ». « Être en position défensive n’exonère pas l’armée ukrainienne du respect du droit humanitaire international », a déclaré sa secrétaire générale Agnès Callamard, soulignant que sa priorité, « dans ce conflit comme dans tout autre, est d’assurer la protection des civils ». Ce n’a pas été le cas à Boutcha, Marioupol ou Kherson — « villes martyrisées » mises en avant par Zelensky.

Si Amnesty fait écho à la propagande russe, devons-nous croire à la propagande ukrainienne ? Selon Kiev, la Russie aurait subi 42 200 morts et jusqu’à 117 000 blessés depuis le début de l"
https://www.profession-gendarme.com/essonne-les-voleurs-tombent-sur-des-membres-du-gign-qui-sortaient-de-leur-entrainement/,0,0,0,0,1,0,0,0,0,"Titre :Essonne : Les voleurs tombent sur des membres du GIGN qui sortaient de leur entraînement texte :Pas de chance pour cette équipe de voleurs chevronnés. Quatre hommes ont été interpellés à Guillerval (Essonne) par les gendarmes d’élite du Groupe d’intervention de la gendarmerie nationale (GIGN) qui revenaient d’un entraînement, mardi vers minuit et demi. Les militaires, qui circulaient en voiture banalisée, ont repéré un véhicule suspect avec plusieurs individus à son bord. La voiture roulait très lentement et ses passagers semblaient faire des repérages. Confirmant les doutes des gendarmes, le véhicule s’est s’arrêté devant une société de transports où une autre voiture attendait, moteur tournant. Les membres du GIGN ont avisé des faits leurs camarades de la brigade d’Angerville, avant de contrôler les individus suspects dans la voiture. Arrivés sur place, les gendarmes locaux ont confirmé que la voiture qui se trouvait dans la société de transports était signalée volée. Deux autres SUV haut de gamme volés ont été retrouvés dans un conteneur sur place, relateFrance Info. Grâce au flair des gendarmes, quatre suspects ont été interpellés dont trois majeurs et un mineur de 16 ans. Ils ont été placés en garde à vue pour « vol en bande organisée ». La plupart d’entre eux étaient déjà connus de la justice pour des faits similaires. Source :Actu17",Essonne : Les voleurs tombent sur des membres du GIGN qui sortaient de leur entraînement,"Title: Essonne: Thieves Encounter GIGN Members Coming Out of Training

Text: Bad luck for this team of seasoned thieves. Four men were apprehended in Guillerval (Essonne) by elite gendarmes from the National Gendarmerie Intervention Group (GIGN), who were returning from training on Tuesday around midnight and a half. The soldiers, traveling in a civilian vehicle, spotted a suspicious vehicle with several individuals on board. The car was moving very slowly, and its passengers appeared to be scouting. Confirming the gendarmes' suspicions, the vehicle stopped in front of a transportation company where another car was waiting with its engine running. The GIGN members informed their colleagues from the Angerville brigade of the incident before stopping the suspicious individuals in the car. Upon arrival, local gendarmes confirmed that the vehicle at the transportation company was reported stolen. Two other high-end stolen SUVs were found in a container on site, reports France Info. Thanks to the keen instincts of the gendarmes, four suspects were arrested, including three adults and a 16-year-old minor. They were placed in custody for ""organized theft."" Most of them were already known to the justice system for similar offenses. Source: Actu17","Titre : Essonne : Cambriolages ratés pour des voleurs rencontrant des membres du GIGN sortant d’entraînement

Texte : Mauvaise chance pour cette équipe de voleurs expérimentés. Quatre hommes ont été interpellés à Guillerval (Essonne) par des gendarmes d’élite du Groupe d’Intervention de la Gendarmerie Nationale (GIGN), qui revenaient d’un entraînement mardi vers minuit et demi. Les soldats, voyageant dans un véhicule civil, ont repéré un véhicule suspect avec plusieurs personnes à bord. La voiture avançait très lentement, et ses occupants semblaient faire du repérage. Confirmant les soupçons des gendarmes, le véhicule s’est arrêté devant une société de transport où une autre voiture attendait, moteur tournant. Les membres du GIGN ont informé leurs collègues de la brigade d’Angerville de l’incident avant d’interpeller les personnes suspectes dans la voiture. À leur arrivée, les gendarmes locaux ont confirmé que le véhicule de la société de transport était signalé volé. Deux autres SUV de luxe volés ont été retrouvés dans un conteneur sur place, rapporte France Info. Grâce à l’intuition aiguisée des gendarmes, quatre suspects ont été arrêtés, dont trois adultes et un mineur de 16 ans. Ils ont été placés en garde à vue pour « vol organisé ». La plupart d’entre eux étaient déjà connus du système judiciaire pour des infractions similaires. Source : Actu17"
https://www.profession-gendarme.com/meru-le-chef-des-pompiers-retrouve-mort-a-son-domicile-ce-samedi-4-septembre/,0,0,0,0,1,0,0,0,0,"Titre :Méru : Le chef des pompiers retrouvé mort à son domicile ce samedi 4 septembre texte :C’est un véritable drame. Le capitaine Gérard Weppe, qui dirigeait le centre de secours de Méru au sud de Beauvais, dans l’Oise, a été retrouvé pendu à son domicile ce samedi 4 septembre 2021. Après cette macabre découvre, le commandant des pompiers de l’Oise, le colonel Luc Corack s’est rendu sur place. «C’est avec une grande tristesse que je viens d’apprendre la disparition du capitaine Weppe. J’appréciais beaucoup cet officier qui a accompli un énorme travail chez les pompiers de l’Oise»,commente le président du SDIS (Service départemental d’incendie et de secours de l’Oise, Eric de Valroger. «Nous perdons un homme exceptionnel aux qualités professionnelles et humaines reconnues de tous. Il devait prendre de nouvelles responsabilités liées au risque chimique. C’est une immense perte pour le SDIS 60. J’ai une pensée émue pour son épouse et sa famille», achève l’élu. Comme l’explique le journalOiseHebdo, Alors qu’il dirigeait ce centre, le capitaine Weppe avait été victime d’incivilités. Dans une vidéo réalisée par le SDIS 60 (voir ci-dessous) il expliquait comment alors que ses hommes balisaient la chaussée après un accident de la route un conducteur avait franchi le balisage et «délibérément continué sa progression à travers la zone sécurisée, alors que les deux véhicules légers(accidentés, Ndlr)se trouvaient au milieu de la chaussée.» Nous apportons à sa famille, ses collègues et amis, nos plus sincères condoléances. Source :Actu Pénitentiaire L’Association Professionnelle Gendarmerie (APG) présente à sa famille et à ses collègues ses sincères condoléances. Depuis le 1er janvier 2021 à ce jour,19Policiers, 10 Gendarmes, 2 Policiers municipaux, 1 Pompier se sont donnés la mort. Nous publions ci-dessous une liste qui, nous nous l’espérons, ne s’allongera pas comme l’année dernière. 3 janvier 2021 – 1 policier– Etienne C. âgé de 44 ans, affecté à la PAF deMontgenevre (05) 9 janvier 2021 – 1 gendarme, Patrick Agé de 56 ans adjoint au peloton motorisé deToulouse (31) 9 janvier 2021, 1 gendarme, Marie-Dominique âgée de 53 ans, Cdt la BPDJLyon (69) 25 janvier 2021, 1 policier, 49 ans, affecté au commissariat deCalais (62) 29 janvier 2021, 1 Policier, 50 ans, affecté à la PAF deMayotte. 29 janvier 2021, 1 policier, affecté àSaint Maur des fossés (94) 1er février 2021, 1 policier, – Mickael 33 ans – Ciat Paris 8èmeMaisons-Lafitte (78) 6 février 2021 – 1 gendarme, 54ans, affecté àEcole de Gendarmerie de Tulle(19) 15 février 2021 – 1 policier, 28 ans. Jeune policier stagiaire affecté au commissariat deMulhouse 07 mars 2021 – 1 policier municipal, chef de service à la police municipale deSaint Mandé (94) 10 mars 2021, 1 policier, instructeur à l’école nationale de police deNîmes (30) 15 mars 2021, 1 gendarme, affecté section aérienne de la gendarmerie àMontpellier (34) 17 mars 2021, 1 policier, Jérome D. Major de police affectéCie Autoroutière Nord Ile de France (95) 28 mars 2021, 1 policier, Thierry M., 52 ans. En poste sur la Circonscription deBastia (20) 23 avril 2021, 1 policier municipal, affecté à la police municipale deRoquemaure (30) 23 avril 2021, 1 policier, Bertrand B. affecté au commissariat d’Arcachon (33) 05 mai 2021, 1 gendarme, 44 ans, Thiérry T. affecté au PSIG deCompiègne (60) 6 mai 2021, 1 policier, Cédric âgé d’une quarantaine d’années,Strasbourg (67) 17 mai 2021, 1 policier, affecté au commissariat d’Amiens (80) 25 mai 2021, 1 policierâgé d’une cinquantaine affecté àRennes (35) 26 mai 2021, 1 policieren poste au centre régional de formation àDraveil (91) 31 mai 2021 , 1 gendarme, 50 ans, affecté au groupement de gendarmerie départementale dePau (64) 05 juin 2021, 1 gendarme, 47 ans, brigade de recherches.Cosne-sur-Loire (58) 17 juin 2021, 1 policier, Fabrice A. 50 ans, en mission à. Nice, affecté à la CRS 47 deGrenoble (38) 27 juin2021, 1 policier, 47 ans, Affecté à la DRCPN àParis (75) 04 juillet 2021, 1 gendarmeâgé de 30 ans , de la brigade motorisée deSaint-Lô (50) 06 juillet 2021, 1 Gendarme, 45 ans, affecté à la brigade deBapaume (59) 16 juillet 2021, 1 policier, major de police, 56 ans, affecté au commissariat deVerdun (55) 30 Aout 2021,1 gendarme,57 ans, affecté àSélestat (67) 04 septembre 2021, 1 Pompier, capitaine Gérard Weppe du centre de secours deMERU (60)",Méru : Le chef des pompiers retrouvé mort à son domicile ce samedi 4 septembre,"Title: Méru: Fire Chief Found Dead at His Home on Saturday, September 4

Text: It is a true tragedy. Captain Gérard Weppe, who led the Méru rescue center south of Beauvais in the Oise department, was found hanging at his home on Saturday, September 4, 2021. Following this macabre discovery, the commander of the Oise firefighters, Colonel Luc Corack, went to the scene. ""It is with great sadness that I have just learned of Captain Weppe's passing. I greatly appreciated this officer who accomplished tremendous work with the firefighters of Oise,"" commented the president of SDIS (Departmental Fire and Rescue Service of Oise), Eric de Valroger. ""We are losing an exceptional man with professional and human qualities recognized by all. He was about to take on new responsibilities related to chemical risk. This is a huge loss for SDIS 60. My heartfelt thoughts are with his wife and family,"" concluded the elected official.

As explained by the newspaper Oise Hebdo, while leading this center, Captain Weppe had been the victim of incivilities. In a video produced by SDIS 60 (see below), he explained how, while his team was marking the road after a traffic accident, a driver crossed the markings and ""deliberately continued his progression through the secured zone, even though the two light vehicles (the victims, ed.) were in the middle of the road.""

We extend our deepest condolences to his family, colleagues, and friends.

Source: Actu Pénitentiaire

The Professional Gendarmerie Association (APG) offers its sincere condolences to his family and colleagues. Since January 1, 2021, to date, 19 police officers, 10 gendarmes, 2 municipal police officers, and 1 firefighter have taken their own lives. Below is a list that we hope will not grow as it did last year:

- January 3, 2021 – 1 police officer – Etienne C., 44, assigned to PAF of Montgenevre (05)
- January 9, 2021 – 1 gendarme – Patrick, 56, deputy of the motorized platoon in Toulouse (31)
- January 9, 2021 – 1 gendarme – Marie-Dominique, 53, commander of BPDJ Lyon (69)
- January 25, ","Titre : Méru : Le chef des pompiers retrouvé mort chez lui le samedi 4 septembre

Texte : C’est une véritable tragédie. Le capitaine Gérard Weppe, qui dirigeait le centre de secours de Méru au sud de Beauvais dans le département de l’Oise, a été retrouvé pendu chez lui le samedi 4 septembre 2021. Suite à cette découverte macabre, le commandant des sapeurs-pompiers de l’Oise, le colonel Luc Corack, s’est rendu sur place. « C’est avec une grande tristesse que j’ai appris le décès du capitaine Weppe. J’ai beaucoup apprécié cet officier qui a accompli un travail remarquable avec les pompiers de l’Oise », a commenté le président du SDIS (Service Départemental d’Incendie et de Secours de l’Oise), Éric de Valroger. « Nous perdons un homme exceptionnel doté de qualités professionnelles et humaines reconnues de tous. Il était sur le point d’assumer de nouvelles responsabilités liées au risque chimique. C’est une perte immense pour le SDIS 60. Mes pensées les plus sincères accompagnent son épouse et sa famille », a conclu l’élu.

Comme l’explique le journal Oise Hebdo, lors de sa direction de ce centre, le capitaine Weppe avait été victime d’incivilités. Dans une vidéo produite par le SDIS 60 (voir ci-dessous), il expliquait comment, alors que son équipe marquait la route après un accident de la circulation, un conducteur avait franchi les marquages et « poursuivait délibérément sa progression dans la zone sécurisée, alors même que les deux véhicules légers (les victimes, ndlr) se trouvaient au milieu de la chaussée ».

Nous adressons nos plus sincères condoléances à sa famille, ses collègues et ses amis.

Source : Actu Pénitentiaire

L’Association Professionnelle de la Gendarmerie (APG) présente ses sincères condoléances à sa famille et à ses collègues. Depuis le 1er janvier 2021 jusqu’à ce jour, 19 policiers, 10 gendarmes, 2 policiers municipaux et 1 pompier ont mis fin à leurs jours. Ci-dessous, une liste que nous espérons ne pas s’allonger comme l’année dernière :

- "
https://www.profession-gendarme.com/reflexions-dun-professeur-de-lettres-soumise-a-un-devoir-dinformation-de-ses-eleves-sur-le-vax-covid-entre-mythe-et-realite/,0,1,1,0,0,0,1,1,0,"Titre :Réflexions d’un professeur de lettres soumise à un devoir d’information de ses élèves sur le vax covid, entre mythe et réalité texte :Je fais partie de ce qu’on appelle une Institution, un organe de l’État salué comme étant l’école de la République, un lieu de vie et d’éducation présenté comme un bastion de l’éducation populaire avec une Charte de la laïcité en bonne et due forme et une devise que je me dois de ne pas ternir en tant que fonctionnaire de l’État. Et pourtant, combien de fois me suis-je demandé, avec cette boule amère au creux des côtes, surtout depuis la rentrée de septembre 2021, pourquoi je marchais à côté de zombies chargés de former d’autres golems en devenir. Souvent, ma besogne dans ce collège me faisait traverser des couloirs où je croisais sans cesse des adolescents entre 11 et 15 ans en moyenne, au regard terrifié d’attraper un virus mortifère pour lequel on ne leur donnerait pas de traitement efficace et même pire, auxquels on administrerait le sacro-saint Doliprane. J’arpente le hall d’entrée de mon collège sans masque et à moi, le surveillant ne me dit rien. Je ne suis pas punie pour montrer le mauvais exemple, je regarde les condamnés exécuter leur peine et je rappelle que le port du masque n’est pas légal, juste une recommandation et une mise en danger de la vie d’autrui. Si si, les formaldéhydes, le graphène, foi d’animal, cela est reconnu toxique pour l’organisme. Les enfants enlèvent leur masque et refusent les piqûres. Dès leur plus jeune âge, on peut constater ce comportement naturel chez la majorité. C’est pour cela que je me demande si ce ne sont pas eux la solution, eux qui finiront par être un exemple trop flagrant pour lesdits adultes, au point qu’ils ne pourront plus l’ignorer.À ce jour, la plupart des individus semblent tombés dans le piège des médias de masse et de notre société capitaliste sans arrêt insatisfaite, inconsciente des bonheurs simples de l’existence. Ainsi, ce sera peut-être eux la solution, car ils restent encore une des seules choses que ces mêmes individus puissent encore peut-être avoir envie de défendre, en oubliant enfin leur égotisme. Quand j’entre dans ma classe enfin, après avoir lu et vu tout cela, je fais cours, mais pas un cours comme ils aiment, une construction de l’esprit critique, un agora interdit par les autorités puisque je n’ai pas le profil, je ne fais pas les cours qu’on préconise, comme on les préconise. J’ai fait lire autre chose que du Victor Hugo en ce début d’année là, paix à son âme. J’ai osé faire lire la vérité alors que le monde entier semblait tourner autour du mensonge satellitaire. Mais il faut me comprendre et excuser la jeune enseignante que je suis et qui a fauté, comme l’a bien dit le syndicaliste qui m’a défendu lors de ma comparution, de ma convocation, dans le bureau du principal du collège pour m’annoncer mes chefs d’accusation et l’existence du terrible dossier qui avait été déposé contre moi à l’Infection d’académie. J’avais commis l’irréparable, j’avais organisé un débat et distribué des documents interdits et non conformes à la propagande, mais vous excuserez bien vous aussi, la jeune enseignante que je suis, mauvaise élève qui a la responsabilité de l’avenir de 120 enfants, merveilles naturelles en devenir, potentiels coups de foudre à une société gangrenée, esprit pouvant encore être libre ou reprendre leur liberté d’esprit et de pensée par la rébellion. Aussi, je ne pouvais pas résister. Rajoutez à cela que j’ai des 5e, estimez leur âge à une douzaine d’années et mettez-vous à ma place : j’avais face à moi une grande partie de ces enfants qui allait fêter leur lendemain d’anniversaire au vaccinodrome le plus proche, leurs bougies à peine soufflées ! Que pouvais-je faire à part organiser un débat sur le pour ou contre de la vaccination ? N’aurait-il pas été injurieux de leur faire lire l’un des discours de notre injurieux président ? N’aurait-il pas été ostentatoire de leur faire lire Les contes de Perrault au programme de la classe de 5e même sans la morale finale ? Et le plus ironique et effrayant dans tout cela, vous voulez le savoir ? C’est que j’ai su que c’est ce que je devais faire, envers et contre tout, quand j’ai consulté le site Eduscol, site de ressources pour professeurs abrutis : rectificatif, pour professeurs avertis bien sûr. Un cours s’y trouvait là, prêt pour moi, et me montrer le chemin, comme une lumière de confirmation évidente que quelque chose se jouait. Le cours modèle à reproduire se nommait : « Guide professeur sur la vaccination », un « guide » de propagande vers les enfers destiné aux professeurs de collège, particulièrement adapté aux professeurs de lettres comme moi puisqu’il s’agissait de mettre en place un débat en classe. Mais ne vous inquiétez pas, le même « guide » avait aussi été édité en version école primaire… L’enfer n’avait donc pas de limite. […] Puis, les feuilles ont tourné entre les doigts fins et souvent encore minuscules de ces enfants, ébahis par tant de stratagèmes invisibles d’un monde effrayant, planant en silence autour d’eux. Il y avait la photo du Docteur Delépine, cette ancienne cheffe de service de cancérologie pédiatrique à l’Assistance publique-Hôpitaux de Paris et son article, celui d’une éminente spécialiste qui parlait sans ambages de la balance bénéfice-risque concernant l’injection Covid pour les enfants. Une balance qui leur était clairement défavorable. J’ai vu leur regard… Ils se demandaient si tout ceci pouvait être une blague, attendant un signe de ma part pour les rassurer. Mais, rien n’est venu, ni mine inquiète ou menaçante, ni rassurante. Je me voulais l’instrument neutre de leur éducation, l’humble fournisseur de lumière pour qu’ils puissent choisir leur chemin par eux-mêmes, sans regrets. Un autre document évoquait la dangerosité de l’injection sur les femmes enceintes et les problèmes de stérilité. Puis, une main s’est levée, en jetant des coups d’œil nerveux à d’autres camarades sans arrêt. La voix était faible et gênée. Il est vrai qu’on était au début de l’année scolaire et qu’il peut être très intimidant de s’exprimer à cet âge au milieu de 29 autres congénères. Mais ici, il semblait qu’il y ait un secret qui allait être dévoilé dans la peur et l’incertitude de l’assentiment, même des amies les plus proches, un secret qui ne demandait pourtant qu’à s’ouvrir, une gesticulation insoutenable le trahissant. « C’est vrai ! », a-t-elle presque hurlé l’œil hirsute, « c’est vrai ! », « je connais des jeunes filles qui n’ont plus leurs règles depuis qu’elles se sont fait vacciner ». Puis, les autres, celles touchées en plein cœur par les œillades fébriles ont fini par ouvrir la bouche, au milieu des « n’importe quoi, ça se saurait si c’était vrai ». Cette vigueur à réfuter était la preuve manifeste d’un rejet de type déni comme l’on a pu en observer tant dans notre société adulte et cette scène n’échappait pas à la règle. Ses « sœurs » ont confirmé pourtant : il y avait bien un problème de menstruations dans bon nombre de cas, au moins temporaire, et de l’ordre de 1 à 3 mois en post-injection, voire de 6 mois au fil des injections. Puis, la cloche a sonné et vous savez comme c’est à cet âge ! Tous les sacs se sont refermés à la vitesse des fermetures éclair et de l’Enfer d’être là sans savoir vraiment pourquoi. Le pourquoi ? Un problème récurrent chez ces enfants qui ont besoin de sens là où on ne leur en donne pas. J’ai cru aller boire mon café suite à l’incident, mais la jeune fille, la première, vous savez, celle qui s’étrangle de ce qu’elle voit et se jette au front, pas par courage, mais par incapacité à faire autrement face à l’inacceptable, elle attendait derrière moi comme une ombre. Elle était mince et s’était faufilée pour devenir ce mur et que les autres sortent en l’oubliant. Elle a fait signe à ses sœurs d’aller en récré sans elle puis, après s’être assuré que nulle autre que moi ne pouvait l’entendre, elle m’a raconté comment elle avait cherché des preuves pour argumenter en défaveur de la vaccination et n’en avait trouvé aucune et comment il n’y en avait pas plus en faveur sur les sites gouverne-menteurs. Elle souhaitait que je lui donne mes sources pour en lire plus. Peut-être avait-elle trouvé pour la première fois sur le sujet, dans ce froid établissement, une porte ouverte et libre qui ne risquait pas de se refermer en couperet. Je lui demandais alors si c’était elle la jeune fille : elle m’a parlé de sa sœur biologique et de ses autres sœurs, de ses cousines, de toutes ces jeunes filles vaccinées qui n’avaient plus leurs règles. Il faut préciser que dans notre culture, je parle de l’une de mes cultures d’origine, la culture orientale, les femmes parlent entre elles, peu importe qu’il y ait un hammam ou pas. Dans ces familles marocaines comme dans les familles algériennes ou tunisiennes, les femmes échangent sur l’intimité et se confient. Là, la confidence était rude, glaçante : les jeunes femmes vaccinées voyaient leur vie changer, car elles se faisaient répudier par leurs maris, faute de pouvoir enfanter et d’avoir leurs règles, mauvais signe pour la fertilité. La jeune fille vivait dans la peur et l’incompréhension, l’impuissance de pouvoir aider ses grandes sœurs, le sentiment d’appartenir à un monde qui n’était pas le même que ses camarades : liée à celles qui partageaient ce quotidien, ses amies, sœurs et cousines dans un communautarisme créé par ceux qui les y avaient enfermés et les regardaient de l’extérieur. La cloche mit fin à la scène et la jeune fille s’enfuit après m’avoir confié à voix basse son cœur malgré le couloir vide dans lequel il n’y avait que les murs pour écouter, quelques instants plus tôt. L’autre classe était déjà à ma porte, si bien que tout ceci aurait pu être un cauchemar éveillé. C’est que, voir une vidéo ou lire un article est une chose, échanger avec un être humain meurtri qui vous regarde dans les yeux en est une autre : pas de triche, plus de doute, la vérité lue prend forme et vous frappe, en tant que mère, en tant que sœur, cousine, amie, en tant que femme. Alors, le ventre lourd, j’ai fait entrer la classe suivante, comme dans ce système de masse à la chaîne qu’on sait cultiver sans le désigner ainsi. À nouveau, j’ai distribué les mêmes documents, en tentant de me persuader qu’une fois l’aigreur vécue une première fois, je serais blindée pour les autres, mais vous savez comme c’est ? On a beau dire, on a beau faire, ma main les regardait ouvrir de grands yeux sur les feuilles interdites encore une fois et, en contractant les muscles de mes doigts, j’avais d’autant plus conscience que je devais rester forte pour accomplir ce qui était, non plus, une mission éducative, mais une mission tout court, car notre vrai rôle est là : informer, développer, protéger, libérer, témoigner… en tant qu’enseignante, en tant que mère, en tant que sœur, cousine, amie, en tant que femme. Sarah BERTRAN Source :Nouveau Monde","Réflexions d’un professeur de lettres soumise à un devoir d’information de ses élèves sur le vax covid, entre mythe et réalité","Title: Reflections of a Literature Teacher Subjected to the Duty of Informing Her Students About the COVID Vaccine, Between Myth and Reality

Text:
I am part of what is called an Institution, a body of the State praised as the school of the Republic, a place of life and education presented as a bastion of popular education, with a proper Charter of Laïcité and a motto I must not tarnish as a civil servant of the State. Yet, how many times have I wondered, with this bitter knot in my stomach, especially since the start of the 2021 school year, why I was walking alongside zombies tasked with shaping other golems in the making. Often, my job in this middle school led me through hallways where I constantly crossed paths with adolescents aged roughly 11 to 15, their terrified eyes fearing they might catch a deadly virus for which no effective treatment would be given—and even worse, they would be administered the sacred Doliprane. I walk through the school entrance hall without a mask, and the supervisor says nothing to me. I am not punished for setting a bad example; I watch the condemned serve their sentence and remind myself that wearing a mask is not legally mandated, just a recommendation—and that endangers others’ lives. Yes, formaldehyde, graphene, I swear as an animal, these are recognized as toxic to the body. The children remove their masks and refuse injections. From a very young age, we can observe this natural behavior in the majority. That’s why I wonder if they are not the solution—those who will eventually become a glaring example for the so-called adults, to the point that they can no longer ignore it. 

To date, most individuals seem to have fallen into the trap of mass media and our perpetually dissatisfied capitalist society, unaware of the simple joys of life. Perhaps it will be them—the children—who are the solution, because they are still among the few things these same individuals might still want to defend, finally forgetting their egotism. When I finally enter my classroom, after reading and seeing all this, I teach, but not in the way they like—a construction of critical thinking, an agora forbidden by authorities because I do not fit the profile. I do not teach the prescribed lessons, as they are recommended. I had my students read something other than Victor Hugo at the start of that year—rest in peace. I dared to have them read the truth, even as the whole","Titre : Réflexions d’un professeur de littérature confronté au devoir d’informer ses élèves sur le vaccin contre la COVID, entre mythe et réalité

Texte :
Je fais partie de ce qu’on appelle une Institution, un corps de l’État loué comme l’école de la République, un lieu de vie et d’éducation présenté comme un bastion de l’éducation populaire, doté d’une Charte de la Laïcité propre et d’une devise que je ne dois pas ternir en tant que fonctionnaire de l’État. Pourtant, combien de fois me suis-je demandé, avec ce nœud amer dans l’estomac, surtout depuis le début de l’année scolaire 2021, pourquoi je marchais aux côtés de zombies chargés de façonner d’autres golems en devenir. Souvent, mon métier dans ce collège me conduisait dans des couloirs où je croisais constamment des adolescents âgés d’environ 11 à 15 ans, leurs yeux terrifiés craignant de contracter un virus mortel pour lequel aucun traitement efficace ne serait administré — et pire encore, on leur administrerait le sacré Doliprane. Je traverse le hall d’entrée de l’école sans masque, et le surveillant ne me dit rien. Je ne suis pas puni pour donner l’exemple ; je regarde les condamnés purger leur peine et me rappelle que porter un masque n’est pas une obligation légale, juste une recommandation — et que cela met en danger la vie des autres. Oui, formaldéhyde, graphène, je jure comme un animal, ce sont des substances reconnues comme toxiques pour le corps. Les enfants enlèvent leurs masques et refusent les injections. Dès leur plus jeune âge, on peut observer ce comportement naturel chez la majorité. C’est pourquoi je me demande s’ils ne sont pas la solution — ceux qui finiront par devenir un exemple éclatant pour les soi-disant adultes, au point qu’ils ne pourront plus l’ignorer.

À ce jour, la plupart des individus semblent être tombés dans le piège des médias de masse et de notre société capitaliste perpétuellement insatisfaite, inconscients des joies simples de la vie. Peut-être seront-ce eux — les enfants — qui seront la solution, car ils sont encore parmi les rares choses que ces mêmes individus pourraient encore vouloir défendre, oubliant enfin leur égoïsme. Lorsque j’entre enfin"
https://www.profession-gendarme.com/ukraine-la-defense-territoriale-entre-en-scene/,0,1,1,0,1,0,1,1,0,"Titre :Ukraine : « la défense territoriale » entre en scène texte :Il est parfois nécessaire de relever certaines informations discrètes comme celle-ci : “Le parlement ukrainien adopte une loi autorisant la défense territoriale à effectuer des missions dans les zones d’opérations de combat” (1). Mine de rien,c’est une informationcléqui s’insère dans un tableau plus général caractérisé par un front de l’Est qui semble à l’arrêt mais quand les annonces militaires se limitent à se plaindre de l’artillerie russe (leur point fort), c’est mauvais signe. La défense territoriale, ce sont des troupes qui ne sont pas entraînées au combat et qui n’en ont ni la forme physique (âge, notamment) ni l’armement. Ce sont des “réservistes de réservistes”, des troupes de basse police. Si cette “autorisation” qui est en faitun ordrede les envoyer au front, est donnée c’est vraisemblablement parce qu’il n’y a plus de vraies troupes sur ce front du Donbass où ont lieu les combats ou au moins plus assez (voir infra). Les soldats entraînés et équipés doivent être en grande partie morts ou blessés pour que Zelensky envoie le “Volkssturm”. Dois-je faire un rappel sur ce terme et ses implications ou les souvenirs sur l’état de l’armée Allemande en 1945 sont-ils encore assez frais ? Le front du Donbass pour les Ukrainiens ce sont les 60.000 soldats qui, quelque part entre le 1e et le 10 mars, devaient anéantir la révolte des russophones du Donestk-Lougansk et que l’offensive russe du 25 février a pris de vitessecomme l’affirme le général Français Delawarde. Ce sont… Non,c’étaientles troupes de choc de l’armée ukrainienne armés et entraînés par l’Otan (22.000 en 5 ans selon le Pentagone et Londres), les plus motivés… et les plus infestées de néo-nazis (2). Je vous conseille est un article de théorie militaire écrit par un journaliste spécialiste de longue date des questions militaires (et pas un animateur de plateau TV) pour mesurer le temps qui nous sépare de l’écrasement des troupes ukrainiennes sur le front du Donbass. Pour les passionnés de la seconde Guerre Mondiale (GM) sur le front de l’Est, cette « tactique stratégique » russe rappellera des souvenirs. Pour les anglophones ou ceux qui savent utiliser Deepl.com/Google Translate,il y a aussi deux articles de l’Allemand deMoon of Alabamaainsi sonanalysedureportage de l’Agence France Presse(AFP) sur les soldats ukrainiens envoyés au repos. Rien que la photo est éclairante. Si ce qui précède est exact, il ne restera plus alors à l’Ukraine que les troupes que l’attaque de diversion sur Kiev a fixé là-bas au début du conflit. Deux problèmes : d’abord elles n’ont plus assez de moyens de transport pour rejoindre le front car les trains sont à l’arrêt faute d’électricité (transformateurs détruits par les missiles de précision russes) et les camions sont en quantité insuffisante puisque, comme la Russie, l’Ukraine dépend principalement des trains pour ses communications militaires. C’est un héritage soviétique lié à la taille du pays d’alors. Les soldats pourraient y aller a pied. Les chars et les canons, c’est plus difficile. Deuxième problème, l’agitation militaire de façade (ou pas) en Biélorussie est une menace potentielle qui interdit aux Ukrainiens de tout basculer vers le nord-est. Dans le Donbass, la rupture du front permettra à l’avancée russe de choisir : – soit d’aller vers le Dnierp. Disons-le tout net : c’est inarrêtable sans intervention extérieure (Pologne ?) et la partie russophone de l’Ukraine serait alors à terme sous leur contrôle. C’est aussi la partie la plus riche de l’Ukraine : industrielle, agricole, minière qui disparaîtrait du coup. Ce qui disparaîtrait aussi c’est la garantie de l’Occident que les armes (de second choix (3)) livrées à Kiev seront un jour payées vu la faillite économique inéluctable de ce qui resterait de l’Ukraine. – soit vers Odessa, zone mieux défendue qui impliquerait la perte de contrôle de la mer Noire pour l’Ukraine. Ce serait moins catastrophique pour les pays de l’Otan et l’Ukraine mais plus stratégique pour la Russie que le Dniepr qu’elle devrait probablement rendre, au moins en partie : l’expérience du Traité de Versailles suivi de 1933 a montré que ce n’est jamais une bonne idée d’affamer le perdant. Tout cela ne se passera pas sans fortes agitations dans les chancelleries de l’Otan et faux drapeaux (« false flags ») comme intoxications médiatiques (infox ou « fake news ») dans nos média, soyez-en assurés. —————————————————————————(1) Source : mais vous la trouverez aussi sur d’autres sources francophones aussi fiables. (2) On peut toujours compter sur les USA pour se choisir des alliés « mucho sympatico » : les fous de Dieu et le Wahhabisme dans les pays musulmans y compris l’Afghanistan communiste (1978-1987), les dictateurs sanglants dans les pays d’Amérique Latine depuis 100 ans, les nazis en Ukraine en 1946-1950 via l’UPA, et maintenant… (3) Je pense par exemple aux 100 vieux canons anti-aériens motorisés livrables par les allemands qui ne demandent « que » 6 mois de formation pour être utiles selon les militaires allemands qui les ont utilisés jadis. Encore faut-il que les Suisses autorisent la ré-exportation de leurs munitions (c’est eux qui les fabriquent) et c’est pas joué… Source :Cocyec",Ukraine : « la défense territoriale » entre en scène,"Title: Ukraine: ""Territorial Defense"" Takes the Stage

Text:
Sometimes it’s necessary to highlight discreet pieces of information like this: “The Ukrainian parliament passes a law authorizing territorial defense to carry out missions in combat zones” (1). Quietly, this is a key piece of information that fits into a broader picture characterized by an Eastern front that seems to be at a standstill. However, when military announcements are limited to complaints about Russian artillery (their strong point), it’s a bad sign.

Territorial defense consists of troops who are not trained for combat and who lack both physical condition (notably age) and armament. They are “reservists of reservists,” low-level police troops. If this “authorization,” which is actually an order to send them to the front, is given, it’s probably because there are no longer any real troops on the Donbass front where fighting is taking place—or at least not enough (see below). Trained and equipped soldiers must largely be dead or wounded for Zelensky to send out the “Volkssturm.” Should I remind you of this term and its implications, or are memories of the German army’s state in 1945 still fresh enough?

For Ukrainians, the Donbass front involves the 60,000 soldiers who, somewhere between March 1 and March 10, were supposed to crush the revolt of the Russian speakers in Donetsk-Luhansk, a task that the Russian offensive of February 25 accelerated, as French General Delawarde states. These are… No, they were the shock troops of the Ukrainian army, armed and trained by NATO (22,000 over five years according to the Pentagon and London), the most motivated… and the most infested with neo-Nazis (2). 

I recommend an article on military theory written by a journalist who has long specialized in military issues (not a TV talk show host) to gauge how close we are to the crushing of Ukrainian troops on the Donbass front. For WWII enthusiasts, especially those familiar with the Eastern Front, this Russian “strategic tactic” will evoke memories. 

For English speakers or those who know how to use Deepl.com/Google Translate, there are also two articles by the German site Moon of Alabama, as well as an analysis of a report by the AFP (Agence France-Presse) on Ukrainian soldiers being sent to rest. Even the photo is revealing.

If what has been described is accurate, Ukraine will","Titre : Ukraine : « La Défense Territoriale » monte sur scène

Texte :
Parfois, il est nécessaire de mettre en lumière des informations discrètes comme celle-ci : « Le parlement ukrainien adopte une loi autorisant la défense territoriale à mener des missions en zones de combat » (1). En silence, il s’agit d’une information clé qui s’inscrit dans un tableau plus large, caractérisé par un front oriental qui semble être au point mort. Cependant, lorsque les annonces militaires se limitent à des plaintes concernant l’artillerie russe (leur point fort), c’est un mauvais signe.

La défense territoriale consiste en des troupes qui ne sont pas formées au combat et qui manquent à la fois de condition physique (notamment en raison de l’âge) et d’armement. Ce sont des « réservistes de réservistes », des forces de police de bas niveau. Si cette « autorisation », qui est en réalité un ordre de les envoyer au front, est donnée, c’est probablement parce qu’il n’y a plus de véritables troupes sur le front du Donbass où se déroulent les combats — ou du moins pas assez (voir ci-dessous). Les soldats formés et équipés doivent être en grande partie morts ou blessés pour que Zelensky envoie la « Volkssturm ». Dois-je vous rappeler ce terme et ses implications, ou les souvenirs de l’état de l’armée allemande en 1945 sont-ils encore suffisamment frais ?

Pour les Ukrainiens, le front du Donbass implique les 60 000 soldats qui, quelque part entre le 1er et le 10 mars, étaient censés écraser la révolte des russophones à Donetsk-Luhansk, une tâche que l’offensive russe du 25 février a accélérée, comme le déclare le général français Delawarde. Ce sont… Non, ils étaient les troupes de choc de l’armée ukrainienne, armées et entraînées par l’OTAN (22 000 sur cinq ans selon le Pentagone et Londres), les plus motivés… et les plus infestés de néo-nazis (2).

Je recommande un article sur la théorie militaire écrit par un journaliste qui s’est longtemps spécialisé dans les questions militaires (pas un animateur de talk-show télévisé) pour jauger à quel point nous sommes proches de l’écrasement des troupes ukrainiennes sur le front"
https://www.profession-gendarme.com/ulrike-reisner-quel-lien-entre-le-vaccin-et-la-guerre-en-ukraine/,1,1,1,0,1,1,1,1,0,"Titre :Ulrike Reisner : quel lien entre le vaccin et la guerre en Ukraine ? texte :Tout est lié à tout – c’est à chacun de savoir si l’on souhaite aborder cette phrase avec Léonard de Vinci – «Reconnaître que tout est lié à tout»[1]– ou si l’on préfère les approches de la physique quantique. On pourrait aussi l’envisager de manière ésotérique, ce qui conduirait immédiatement le chemin vers des doctrines secrètes que seuls les initiés partagent. Eh bien, nous nous en abstiendrons ici. Mais reprenons la question posée au début : vaccin et guerre en Ukraine. Existe-t-il un lien ? » et examinons-la à la lumière de quelques trouvailles. Ces trouvailles sont des documents sur lesquels on tombe en l’espace de quelques jours et qui – chacun pris séparément – n’ont à première vue rien à voir les uns avec les autres. Commençons par le numéro 418 de Russie-Analyses du 11 avril 2022. Russie-Analyses est publié périodiquement par le Centre de recherche sur l’Europe de l’Est de l’Université de Brême, la Société allemande d’études sur l’Europe de l’Est, l’Institut allemand de Pologne, l’Institut Leibniz pour le développement agricole dans les économies en transition, l’Institut Leibniz de recherche sur l’Europe de l’Est et du Sud-Est et le Centre d’études sur l’Europe de l’Est et internationale (ZOiS). Le reportage «Récit des médias d’État russes sur les vaccins Covid-19 en Occident»[2]vise à analyser la couverture médiatique russe des vaccins Covid-19 en Occident. Outre les caractéristiques générales de la couverture médiatique des campagnes de vaccination en Occident, le reportage examine également les principaux récits utilisés à cet effet par les médias russes pro-gouvernementaux. Mis à part le fait que la valeur informative de ce reportage est nulle et que les méthodes utilisées sont scientifiquement discutables, nous voulons tout de même reprendre le fil. Dans les conclusions, on peut lire :«La grande majorité des articles des médias publics russes sur les campagnes de vaccination en Occident ont une connotation négative. L’exagération des conséquences négatives d’une vaccination avec des vaccins de BionTech/Pfizer et Moderna ainsi que l’exagération du prétendu mécontentement de masse sont les principaux récits des médias russes pro-gouvernementaux. (…) Actuellement, les médias russes pro-régime rapportent les campagnes de vaccination en Occident sur un ton plus neutre, tandis que les chaînes étrangères maintiennent la rhétorique négative antérieure. Ce contraste reflète les priorités du gouvernement russe: inciter ses propres citoyens à se faire vacciner et endiguer l’épidémie de coronavirus. Dans le même temps, la désinformation est diffusée et les attitudes sceptiques vis-à-vis de la vaccination sont encouragées dans les sociétés occidentales». La deuxième trouvaille dans notre recherche de traces est le rapport annuel de BioNTech[3]à la «Securities and Exchange Commission», daté du 30.3.2022. Cette commission[4], en tant qu’autorité de surveillance boursière américaine, est responsable du contrôle du commerce des valeurs mobilières aux États-Unis et donc aussi du groupe BioNTech, coté en bourse. Dans ce cas, il est recommandé, en premier lieu, de lire les mises en garde mentionnées au début, en ce qui concerne les déclarations prospectives du groupe: «Nous pourrions ne pas être en mesure de démontrer une efficacité ou une sécurité suffisante de notre vaccin COVID-19 et/ou des formulations spécifiques à une variante pour obtenir une approbation réglementaire permanente aux États-Unis, au Royaume-Uni, dans l’Union européenne ou dans d’autres pays où le vaccin a été autorisé pour une utilisation d’urgence ou a reçu une approbation de commercialisation conditionnelle.» (page 6) «Nos revenus futurs provenant de la vente de notre vaccin COVID-19 dépendent de nombreux facteurs, notamment… la durabilité de la réponse immunitaire générée par notre vaccin COVID-19, qui n’a pas encore été démontrée dans les essais cliniques… le profil de sécurité de notre vaccin COVID-19, y compris si des effets secondaires inconnus jusqu’à présent ou une augmentation de l’incidence ou de la gravité des effets secondaires connus par rapport à ceux observés dans les essais cliniques sont constatés avec notre vaccin COVID-19 à usage mondial après l’autorisation de mise sur le marché» (page 8) Selon le rapport 2021, la société de biotechnologie allemande cotée en bourse a enregistré un bénéfice après impôts de 10,23 milliards d’euros (contre 179,2 millions d’euros en 2019) – des capitaux que l’entreprise dit vouloir investir dans la construction de sites de production d’ARNm ultramodernes en Afrique et en Asie, afin de garantir l’approvisionnement local et d’augmenter les capacités de production. La troisième trouvaille provient du numéro 4.22 du mensuel scientifique allemand «Spektrum der Wissenschaft». Notre attention se porte sur une interview avec une virologue suisse qui défend les avantages des expériences dites de «gain de fonction». Le gain de fonction est un domaine de la recherche biomédicale dans lequel les scientifiques dotent un organisme de nouvelles capacités et examinent comment cela affecte ses propriétés. Dans le cadre de ces expériences, les chercheurs ont créé, il y a quelques années, des virus modifiés qui auraient pu déclencher une pandémie. La virologue répond à la question de savoir si, en raison de ces dangers potentiels, il ne vaudrait pas mieux renoncer à de telles recherches: «Certainement pas. Nous voulons comprendre ce qui se passe là-bas pour pouvoir ensuite réfléchir à des contre-mesures possibles. Interdire purement et simplement cela, je pense que c’est une fausse piste». Selon elle, la pandémie aurait montré que c’est précisément cette forme de recherche qui est nécessaire. La question de l’affirmation des intérêts de groupes biotechnologiques opérant à l’échelle mondiale nous conduit inévitablement à la guerre d’Ukraine. En principe, les États européens savaient depuis longtemps que l’Ukraine autorisait sur son territoire une multitude d’activités qui représentaient un potentiel de risque et de conflit considérable – tant pour les États voisins de l’UE que pour la Fédération de Russie (par exemple, les laboratoires de recherche biologique avec des recherches à haut risque). En Europe, c’est un secret de Polichinelle que la politique et l’économie ukrainiennes sont dirigées par des oligarques. Contrairement à ce qui est affirmé, l’Ukraine est un «État défaillant» qui s’est placé entre les mains d’intérêts économiques dominants au détriment de la souveraineté de l’État dans toutes ses caractéristiques. Ces intérêts économiques échappent au contrôle de l’État et ne sont pas toujours identiques à ceux des actionnaires. Le progrès technologique est encouragé, le marché est dirigé. Dans cette oligarchie économique, qui s’autogère de plus en plus, les États sont les plus grands et les plus importants clients. Ils permettent que les structures des groupes deviennent des éléments de la structure étatique. Le dilemme international de cette évolution erronée de la politique étatique réside dans le fait que ces acteurs économiques actifs au niveau mondial n’ont pas de subjectivité en droit international. Ils ne sont pas des partenaires de négociation appropriés dans les situations de conflit géopolitique, car ils ne sont pas en mesure de conclure des pactes. La Russie a eu recours à des moyens militaires parce qu’elle veut se débarrasser de cette menace et imposer ses propres intérêts. L’UE, sous l’influence massive des Etats-Unis, n’a pratiquement rien fait ces dernières années pour empêcher des développements sur le territoire ukrainien susceptibles de mettre en danger la paix et la liberté en Europe et en Eurasie. Désormais, tout est fait pour éviter une présentation complète et correcte de l’évolution de ce conflit et de la contribution des tiers. Le principal moyen de cette dissimulation est l’abus de la politique d’information, de médias et de contrôle par les États occidentaux. Une méthode qui est également utilisée depuis le début de la crise de coronavirus. Selon la méthode “Arrêtez le voleur, il a mon couteau dans le dos”, on accuse la Russie de scandaliser les effets secondaires des vaccins occidentaux et d’influencer ainsi négativement la volonté de se faire vacciner (trouvaille 1). Ceux qui sont les véritables coupables se stylisent en tant que victimes. S’il s’agit en revanche de leur propre risque économique, ils ne peuvent pas se protéger suffisamment (trouvaille 2 – BioNTech est responsable des dommages causés si le prospectus d’émission du titre contient des informations fausses ou trompeuses au détriment des acheteurs). L’oligarchie économique, dont des groupes biotechnologiques, profite de leur pouvoir sur le marché pour promouvoir le progrès technologique et diriger les marchés et les États (trouvaille 3). De cette manière, l’oligarchie économique accepte la mort et la maladie des sociétés civiles tout comme les conflits militaires. Le voilà – le lien entre le vaccin et l’Ukraine. [1]Rendersi conto che tutto è collegato con tutto il resto. [2] [3] [4] Source :Le Courrier des stratèges",Ulrike Reisner : quel lien entre le vaccin et la guerre en Ukraine ?,"Title: Ulrike Reisner: What is the link between the vaccine and the war in Ukraine?

Text: Everything is connected to everything else – it is up to each individual to decide whether to approach this phrase with Leonardo da Vinci – “Recognize that everything is connected to everything”[1] – or if one prefers the approaches of quantum physics. It could also be considered esoterically, which would immediately lead down the path of secret doctrines shared only by initiates. Well, we will abstain from that here. But let’s revisit the question posed at the beginning: vaccine and war in Ukraine. Is there a connection? Let’s examine it in light of some findings. These findings are documents that one comes across within a few days and which—each taken separately—initially seem unrelated.

Let’s start with issue 418 of Russia-Analyses, dated April 11, 2022. Russia-Analyses is periodically published by the Center for Research on Eastern Europe at the University of Bremen, the German Society for Eastern European Studies, the German Institute for Poland, the Leibniz Institute for Agricultural Development in Transition Economies, the Leibniz Institute for Research on Eastern and Southeastern Europe, and the Center for European and International Studies (ZOiS). The report “Narrative of Russian State Media on COVID-19 Vaccines in the West”[2] aims to analyze the Russian media coverage of COVID-19 vaccines in the West. Besides the general characteristics of media coverage of vaccination campaigns in the West, the report also examines the main narratives used by pro-government Russian media for this purpose. Aside from the fact that the informational value of this report is negligible and that the methods used are scientifically questionable, we still want to follow the thread.

In the conclusions, it states: “The vast majority of articles from Russian public media on vaccination campaigns in the West have a negative connotation. Exaggeration of the negative consequences of vaccination with BioNTech/Pfizer and Moderna vaccines, as well as exaggeration of supposed mass discontent, are the main narratives of pro-government Russian media. (…) Currently, pro-regime Russian media report on vaccination campaigns in the West in a more neutral tone, while foreign channels maintain the previous negative rhetoric. This contrast reflects the priorities of the Russian government: to encourage its own citizens to get vaccinated and to curb the coronavirus epidemic. At the same time, disinformation is spread, and skeptical attitudes towards vaccination are encouraged in","Titre : Ulrike Reisner : Quel est le lien entre le vaccin et la guerre en Ukraine ?

Texte : Tout est relié à tout – il appartient à chaque individu de décider s’il faut aborder cette phrase avec Léonard de Vinci – « Reconnaissez que tout est connecté à tout »[1] – ou si l’on préfère les approches de la physique quantique. On pourrait aussi l’envisager de manière ésotérique, ce qui mènerait immédiatement sur le chemin des doctrines secrètes partagées uniquement par les initiés. Eh bien, nous nous abstiendrons de cela ici. Mais revenons à la question posée au début : vaccin et guerre en Ukraine. Y a-t-il un lien ? Examinons cela à la lumière de quelques découvertes. Ces découvertes sont des documents que l’on croise en quelques jours et qui—chacun pris séparément—semblent initialement sans rapport.

Commençons par le numéro 418 de Russia-Analyses, daté du 11 avril 2022. Russia-Analyses est publié périodiquement par le Centre de recherche sur l’Europe de l’Est à l’Université de Brême, la Société allemande pour les études sur l’Europe de l’Est, l’Institut allemand pour la Pologne, l’Institut Leibniz pour le développement agricole dans les économies en transition, l’Institut Leibniz pour la recherche sur l’Europe de l’Est et du Sud-Est, et le Centre pour les études européennes et internationales (ZOiS). Le rapport « Narratif des médias d’État russes sur les vaccins COVID-19 en Occident »[2] vise à analyser la couverture médiatique russe des vaccins COVID-19 en Occident. Outre les caractéristiques générales de la couverture médiatique des campagnes de vaccination en Occident, le rapport examine également les principaux récits utilisés par les médias pro-gouvernementaux russes à cette fin. En dehors du fait que la valeur informationnelle de ce rapport est négligeable et que les méthodes employées sont scientifiquement contestables, nous souhaitons néanmoins suivre le fil.

Dans les conclusions, il est indiqué : « La grande majorité des articles des médias publics russes sur les campagnes de vaccination en Occident ont une connotation négative. L’exagération des conséquences négatives de la vaccination avec les vaccins BioNTech/Pfizer et Moderna, ainsi que l’exag"
https://www.profession-gendarme.com/un-colonel-de-gendarmerie-a-la-tete-de-la-spa-pour-ramener-la-paix/,0,0,0,0,1,0,0,0,0,"Titre :Un colonel de gendarmerie à la tête de la SPA pour ramener la paix texte :Jacques-Charles Fombonne, 58 ans, avait rejoint en juin le conseil d’administration de la SPA, sur proposition de Natacha Harry. – Martin BUREAU / AFP Parviendra-t-il à apaiser le climat au sein de laSPA? Un colonel de gendarmerie, Jacques-Charles Fombonne, a été élu lundi président de la Société protectrice des animaux par le conseil d’administration de l’association, agitée depuis des mois par une crise interne. Il remplace la journaliste et productrice de télévisionNatacha Harry,qui présidait l’association depuis 2013 mais a jeté l’éponge mi-juin, se disant « lasse des attaques ignobles et mensongères » lancées, selon elle, par une « poignée de personnes ». Son mandat, exercé à titre bénévole, courait jusqu’en juin 2019. « Dans la continuité de l’action menée depuis cinq ans par Natacha Harry et son conseil d’administration, je vais m’attacher à porter l’objet associatif de la SPA, cette protection animale, dont rien ne doit nous détourner », a déclaré Jacques-Charles Fombonne. « Je sais pouvoir compter sur une formidable équipe de salariés et de bénévoles et je me réjouis de ce challenge ». Juriste, Jacques-Charles Fombonne, 58 ans, qui dirige le Centre de formation de la police judiciaire à Rosny-sous-Bois pour quelques semaines encore, avait rejoint en juin le conseil d’administration de la SPA, sur proposition de Natacha Harry. Le conseil d’administration de la SPA, réuni à Paris, « a pris acte » lundi de la démission effective de Natacha Harry qu’il a « remerciée pour l’action exceptionnelle qui a été la sienne en faveur de la cause animale et le rayonnement qu’elle a donné à l’association pendant cinq ans », selon le communiqué de l’organisation. Il a également procédé à l’élection de son successeur, Jacques-Charles Fombonne, chargé de présider la SPA « dans la continuité des engagements qui ont été ceux de l’équipe élue en juin 2016 », ajoute l’association. Jacques-Charles Fombonne présidera la SPA jusqu’en juin 2019, date des prochaines élections générales de l’association qui permettront aux 20.000 adhérents de désigner une nouvelle équipe. La SPA est secouée depuis plusieurs mois par une crise interne, marquée notamment par le licenciement du directeur général, du directeur administratif et du directeur financier. Ces licenciements, décidés « à l’unanimité du conseil d’administration », étaient justifiés, selon Natacha Harry, par des attitudes de ces responsables « incompatibles » avec leurs fonctions et « l’éthique de la SPA ». Ils « ont fait preuve d’un intolérable irrespect envers des donateurs, des salariés, des bénévoles et moi-même », avait-elle expliqué. Des accusations « diffamatoires », selon l’ex-directeur général, Joël Pain. En mars, il avait assuré payer par son licenciement les doutes qu’il aurait « émis sur le bien-fondé de dépenses de communication payées depuis 2014 » et sur le « caractère irrationnel et coûteux de certains investissements ». Natacha Harry avait assuré en juinque sa démission n’était pas liée au contrôle de l’Agence française anticorruption ni à l’enquête de la Brigade de répression de la délinquance économique. « Ces contrôles sont classiques et normaux pour une grande association reconnue d’utilité publique avec 650 salariés et un budget de fonctionnement de 67 millions d’euros », avait-elle dit auJournal du Dimanche. Jeudi, les policiers de la Brigade de répression de la délinquance économique (BRDE) de la PJ parisienne ont mené une perquisition au siège de la SPA, dans le cadre d’une enquête préliminaire ouverte en octobre visant des faits susceptibles d’être qualifiés de « prise illégale d’intérêt », selon une source proche de l’enquête. La SPA,plus ancienne association de protection animale en France, créée en 1845, a recueilli en 2017 plus de 42.390 bêtes. Cette même année, plus de 38.400 animaux ont été adoptés. Elle compte 63 refuges et maisons SPA ainsi que 12 dispensaires. L’association, dont 75% des ressources proviennent de la générosité du public, avait été critiquée par la Cour des comptes en 2002, puis en 2009 elle avait été placée sous administration judiciaire pendant plus de trois ans. En mars 2017, la Cour des comptes avait jugé le contrôle interne des dépenses encore insuffisant, estimant toutefois « l’emploi des fonds collectés globalement conforme aux objectifs poursuivis par l’appel à la générosité publique ». Source :BFMTV",Un colonel de gendarmerie à la tête de la SPA pour ramener la paix,"Title: A Gendarmerie Colonel at the Head of the SPA to Restore Peace

Text: Jacques-Charles Fombonne, 58 years old, joined the SPA's board of directors in June, upon the proposal of Natacha Harry. – Martin BUREAU / AFP

Will he succeed in calming the climate within the SPA?

A gendarmerie colonel, Jacques-Charles Fombonne, was elected Monday as president of the Society for the Protection of Animals (SPA) by the association's board of directors, which has been troubled for months by an internal crisis. He replaces journalist and television producer Natacha Harry, who had been presiding over the organization since 2013 but resigned in mid-June, citing being ""tired of the ignoble and false attacks"" launched, according to her, by a ""handful of people.""

Her term, carried out on a voluntary basis, was set to run until June 2019.

""In continuity with the actions carried out over the past five years by Natacha Harry and her board of directors, I will focus on advancing the SPA's mission, which is animal protection, and nothing should divert us from this,"" declared Jacques-Charles Fombonne. ""I know I can count on a wonderful team of employees and volunteers, and I am pleased with this challenge.""

A lawyer, Jacques-Charles Fombonne, 58, who currently heads the Judicial Police Training Center in Rosny-sous-Bois for a few more weeks, had joined the SPA's board of directors in June, upon Natacha Harry's proposal.

The SPA's board of directors, meeting in Paris, ""took note"" on Monday of Natacha Harry's effective resignation, and ""thanked her for the exceptional work she has done for the animal cause and for the prominence she brought to the organization over five years,"" according to the organization's statement.

They also elected her successor, Jacques-Charles Fombonne, who will preside over the SPA ""in continuity with the commitments of the team elected in June 2016,"" the organization added.

Jacques-Charles Fombonne will serve as SPA president until June 2019, when the next general elections will be held, allowing the 20,000 members to elect a new team.

The SPA has been shaken for several months by an internal crisis, marked notably by the dismissal of the general director, the administrative director, and the financial director","Titre : Un colonel de la gendarmerie à la tête de la SPA pour restaurer la paix

Texte : Jacques-Charles Fombonne, 58 ans, a rejoint le conseil d’administration de la SPA en juin, sur proposition de Natacha Harry. – Martin BUREAU / AFP

Réussira-t-il à apaiser le climat au sein de la SPA ?

Un colonel de la gendarmerie, Jacques-Charles Fombonne, a été élu lundi président de la Société Protectrice des Animaux (SPA) par le conseil d’administration de l’association, qui traverse depuis plusieurs mois une crise interne. Il succède à la journaliste et productrice télévisée Natacha Harry, qui présidait l’organisation depuis 2013 mais a démissionné à la mi-juin, invoquant la fatigue face aux « attaques ignobles et fausses » lancées, selon elle, par une « poignée de personnes ».

Son mandat, exercé à titre bénévole, devait durer jusqu’en juin 2019.

« En continuité avec les actions menées ces cinq dernières années par Natacha Harry et son conseil d’administration, je me concentrerai sur l’avancement de la mission de la SPA, qui est la protection animale, et rien ne doit nous en détourner », a déclaré Jacques-Charles Fombonne. « Je sais que je peux compter sur une équipe formidable d’employés et de bénévoles, et je suis heureux de relever ce défi. »

Avocat, Jacques-Charles Fombonne, 58 ans, qui dirige actuellement le Centre de formation de la Police judiciaire à Rosny-sous-Bois pour encore quelques semaines, avait rejoint le conseil d’administration de la SPA en juin, sur proposition de Natacha Harry.

Le conseil d’administration de la SPA, réuni à Paris, « a pris acte » lundi de la démission effective de Natacha Harry, et « l’a remerciée pour le travail exceptionnel qu’elle a accompli pour la cause animale et pour la visibilité qu’elle a donnée à l’organisation durant ces cinq années », selon le communiqué de l’organisation.

Ils ont également élu son successeur, Jacques-Charles Fombonne, qui présidera la SPA « en continuité avec les engagements de l’équipe élue en juin 2016 », a ajouté l’organisation.

Jacques-Charles Fombonne exercera la fonction de président de"
https://www.profession-gendarme.com/un-medecin-de-larmee-americaine-revele-que-les-medecins-ont-recu-lordre-de-ne-pas-signaler-les-effets-indesirables-lies-aux-vaccins-anti-covid/,1,1,0,0,1,0,1,0,0,"Titre :Un médecin de l’armée américaine révèle que les médecins ont reçu l’ordre de ne pas signaler les effets indésirables liés aux « vaccins » anti-Covid texte :Un lieutenant-colonel et médecin militaire de l’armée américaine a décrit comment on a dit à des médecins de l’armée de ne pas enregistrer de dossiers sur les effets indésirables du vaccin contre le COVID dans les bases de données officielles. « Soit ils détournent le regard, soit ils disent simplement : « Eh bien, je ne peux pas faire ça. Cela n’existe pas », a déclaré le Dr Peter Chambers, lieutenant-colonel de l’armée américaine, béret vert des forces spéciales et médecin militaire. Chambers a fait ces commentaires dans le cadre de la neuvième conférence en ligne de la Truth For Health Foundation, qui traitait le sujet des effets secondaires des injection de « vaccin » anti-COVID. Alors qu’il débattait de la vaccination au sein des forces armées avec le Dr Elizabeth Lee Vliet, présidente et chef de la direction de la Fondation, le Dr Chambers a fait la lumière sur sa récente expérience en tant que chirurgien du groupe de travail pour l’opération Lone Star, une mission de sécurité frontalière de l’armée à la frontière avec le Mexique. Le Dr Chambers, un vétéran de 39 ans et récipiendaire de la Purple Heart, a reçu l’injection de Moderna en janvier 2021, ignorant les effets secondaires potentiels. Il se considère désormais comme un défenseur des « blessés du vaccin » en raison des effets indésirables qu’il a subis par la suite. Il a rapidement développé un « brouillard cérébral » d’un genre qu’il n’avait jamais connu. À la suite d’une éventuelle IRM, après des épisodes de vertiges, d’étourdissements et de nausées qui l’ont amené à faire un accident avec un camion en revenant d’une patrouille de nuit, le Dr Chambers a reçu un diagnostic de démyélinisation, une maladie qui affecte le tissu nerveux. Il a raconté comment il avait vu « plusieurs soldats » souffrir également des effets secondaires similaires des injections, ainsi que « six soldats qui ont été aux soins intensifs », et un soldat qui a été forcé de prendre une deuxième injection alors qu’il avait déjà souffert de micro-coagulation après sa première injection. Le Dr Chambers a noté les détails de ses constats et les a enregistrés dans le système de notification des effets indésirables liés aux vaccins (VAERS) du CDC. Cependant, il a révélé au Dr Vliet que les chirurgiens des hôpitaux militaires ne signalaient aucun des effets indésirables qu’ils constataient. « On leur avait dit de ne pas entrer de cas dans le VAERS ». « Les médecins m’ont dit personnellement dans le service actif qui fonctionnait à Fort Sam Houston, qu’ils ne devaient pas entrer les cas d’effets secondaires dans le système VAERS », a-t-il ajouté. « Ainsi, lorsque vous essayez de parler à d’autres collègues, soit ils détournent le regard, soit ils disent simplement : « Eh bien, je ne peux pas faire ça ». En tant que chirurgien du groupe de travail pour l’opération Lone Star, le Dr Chambers a dû remplir des formulaires de consentement éclairé, conformément aux règlements de l’armée, pour les soldats prenant les vaccins anti-COVID. Le Dr Chambers a ensuite témoigné lors d’une audience devant un tribunal fédéral le 10 mars à Tampa dans l’affaire Navy SEAL 1 c. Austin . Le Dr Chambers a déclaré qu’il avait subi des pressions pour faire vacciner les soldats et a présenté comme pièce à conviction une instruction sur les exemptions religieuses qui disait : « Les soldats vont essayer. Les soldats échoueront. » Source :Médias Presse Info",Un médecin de l’armée américaine révèle que les médecins ont reçu l’ordre de ne pas signaler les effets indésirables liés aux « vaccins » anti-Covid,"Title: An American Army doctor reveals that doctors were ordered not to report adverse effects related to the COVID ""vaccines""

Text: A lieutenant colonel and military doctor in the U.S. Army described how soldiers were told not to record cases of adverse effects from the COVID vaccine in official databases. ""Either they turn a blind eye, or they simply say, 'Well, I can't do that. It doesn't exist,'"" stated Dr. Peter Chambers, a U.S. Army lieutenant colonel, Green Beret, and military physician. Dr. Chambers made these comments during the ninth online conference of the Truth For Health Foundation, which addressed the topic of side effects from the COVID ""vaccine"" injections.

While discussing vaccination within the armed forces with Dr. Elizabeth Lee Vliet, president and CEO of the Foundation, Dr. Chambers shed light on his recent experience as a surgeon for the Lone Star task force, a border security mission involving the military at the Mexico border. A 39-year veteran and Purple Heart recipient, Dr. Chambers received the Moderna injection in January 2021, ignoring potential side effects. He now considers himself an advocate for ""vaccine injured"" individuals due to the adverse effects he experienced afterward.

He quickly developed a ""brain fog"" of a kind he had never known before. Following an MRI and episodes of dizziness, lightheadedness, and nausea that led to a car accident after a night patrol, Dr. Chambers was diagnosed with demyelination, a disease affecting nerve tissue. He recounted seeing ""several soldiers"" suffering from similar side effects from the injections, including ""six soldiers in intensive care,"" and one soldier who was forced to receive a second injection despite already suffering micro-coagulation after the first dose.

Dr. Chambers noted these observations and recorded them in the CDC's Vaccine Adverse Event Reporting System (VAERS). However, he revealed to Dr. Vliet that military hospital surgeons were not reporting any of the adverse effects they observed. ""They were told not to enter cases into VAERS."" ""Doctors personally told me in active service at Fort Sam Houston that they were not supposed to report side effects in the VAERS system,"" he added. ""So, when you try to talk to other colleagues, either they look away or they simply say, 'Well, I can't do that.'""

As a surgeon for the Lone Star operation, Dr. Chambers had to fill out informed consent forms, in accordance with military regulations, for soldiers receiving the","Titre : Un médecin de l'armée américaine révèle que les médecins ont reçu l'ordre de ne pas signaler les effets indésirables liés aux « vaccins » contre la COVID

Texte : Un lieutenant-colonel et médecin militaire dans l'armée américaine a décrit comment les soldats ont été informés de ne pas enregistrer les cas d’effets indésirables liés au vaccin contre la COVID dans les bases de données officielles. « Soit ils ferment les yeux, soit ils disent simplement : ""Eh bien, je ne peux pas faire ça. Cela n'existe pas"" », a déclaré le Dr Peter Chambers, lieutenant-colonel de l'armée américaine, béret vert et médecin militaire. Le Dr Chambers a fait ces commentaires lors de la neuvième conférence en ligne de la Truth For Health Foundation, qui abordait le sujet des effets secondaires des injections de la « vaccination » contre la COVID.

En discutant de la vaccination au sein des forces armées avec le Dr Elizabeth Lee Vliet, présidente et directrice générale de la Fondation, le Dr Chambers a évoqué sa récente expérience en tant que chirurgien pour la task force Lone Star, une mission de sécurité frontalière impliquant l’armée à la frontière mexicaine. Veteran de 39 ans et récipiendaire de la Purple Heart, le Dr Chambers a reçu l’injection de Moderna en janvier 2021, en ignorant les effets secondaires potentiels. Il se considère aujourd’hui comme un défenseur des personnes « blessées par le vaccin » en raison des effets indésirables qu’il a subis par la suite.

Il a rapidement développé un « brouillard cérébral » d’une nature qu’il n’avait jamais connue auparavant. Après une IRM et des épisodes de vertiges, de sensation de tête légère et de nausées ayant conduit à un accident de voiture après une patrouille nocturne, le Dr Chambers a été diagnostiqué avec une démyélinisation, une maladie affectant le tissu nerveux. Il a raconté avoir vu « plusieurs soldats » souffrant d’effets secondaires similaires liés aux injections, dont « six soldats en soins intensifs », et un soldat qui a été contraint de recevoir une seconde injection malgré une micro-coagulation déjà présente après la première dose.

Le Dr Chambers a noté ces observations et les a enregistrées dans le système de signalement des événements indésirables liés aux vaccins du"
https://www.profession-gendarme.com/vaccin-anti-covid-la-descente-aux-enfers-deloise/,0,1,0,0,1,0,1,0,0,"Titre :Vaccin anti-Covid : la descente aux enfers d’Eloïse texte : Cette jeune maman seine-et-marnaise de 32 ans enchaîne les pathologies, les pertes de mémoires et les malaises qu’elle impute à sa deuxième dose de vaccin Pfizer. Avec son avocat, elle assignera prochainement la société américaine en justice dans le but d’obtenir réparation. Elle vit aujourd’hui un enfer. Le 12 juillet 2021, cette jeune maman seine-et-marnaise – greffière à la cour d’appel de Paris – va faire sa seconde dose de vaccin contre la Covid-19. Pfizer, comme la première injection le 29 mai précédent. Elle est en parfaite santé. Aucune maladie sous-jacente, génétique ou même des problèmes de santé préexistants. Pourtant, dans la foulée de sa deuxième dose, «j’ai eu des sensations que je n’ai pas eu avec la première dose. Un goût métallique dans la bouche, des jours de fièvre, une fatigue qui s’est installée et non-récupérable, et des essoufflements« . A partir de là, et en quelques semaines, la vie d’Éloïse bascule. Une cascade de pathologies importantes s’abat sur elle. Dès la fin de l’été, le 23 août 2021, Éloïse contracte une pyélonéphrite aigue – une infection bactérienne du rein. Elle la traite avec des antibiotiques, puis retourne travailler. En septembre 2021, elle finit par faire un malaise sur son lieu de travail. C’est là que le médecin de la cour d’appel de Paris lui détecte une arythmie cardiaque. «Je ne l’ai, à demi-mot, pas prise au sérieux. J’en avais même rigolé alors. Je sortais de ma pyélonéphrite aigüe et là, un problème au cœur« , indique-t-elle. Dans les semaines qui suivent, Éloïse développe des phlébectomies des veines profondes dans les jambes. «A cause de la souffrance de mes jambes, mon médecin m’a envoyé faire un doppler. En voyant les résultats, on s’est rendu compte que j’étais en incontinence totale. Comme une personne qui atteint les cent ans« , dit-elle. Éloïse subit deux opérations chirurgicales sous anesthésie générale les 5 et 19 novembre 2021. J’ai enchainé les rendez-vous aux urgences avant qu’on détecte chaque point précis de ma polypathologie.Eloïse Elle continue toutefois à enchaîner les malaises, les essoufflements, et à avoir des oppressions au niveau de la poitrine. On lui diagnostique une myocardite le 1er mars 2022. «Elle a atrophié une partie de mon cœur« , dit-elle. S’ajoutent à cela une grande fatigue, des problèmes neurologiques, «une vingtaine de malaises, des maux de têtes, des pertes de mémoire des mécanismes de la vie quotidienne« , nous dit-elle. Son cycle menstruel est aussi affecté : absence de règles depuis onze mois. Elle pointe du doigt le manque de contrôle de la part du corps médical sur ce qu’elle ressentait. «J’ai enchainé les rendez-vous aux urgences avant qu’on détecte chaque point précis de ma polypathologie (…) et même mon propre médecin de famille, qui est très à l’écoute, a été choquée du nombre de pathologie que j’ai développé« , indique-t-elle. «Mon médecin m’a dit : vous êtes l’une des victimes des effets indésirables post-vaccination« , explique Éloïse. Son médecin a ensuite orienté Éloïse vers un professeur infectiologue au sein du protocole CASPER (Circuit ambulatoire de prise en charge des symptômes persistants post Covid-19) de l’Hôtel-Dieu afin d’en bénéficier, et en parallèle à adresser à sa hiérarchie une demande d’arrêt longue maladie. Aujourd’hui, Éloïse a «une tierce personne pour m’aider dans la vie quotidienne, un ami et sa famille (…) notamment pour les devoirs et sorties pour ma fille« , indique-t-elle. «Je suis un bébé qu’on surveille« . Cette avalanche de pathologies entraîne une avalanche de traitements à suivre, amenant donc des frais financiers de plus en plus importants. Et pour cette mère divorcée, ce n’est pas facile tous les jours. «J’en suis pour l’instant à 8000 euros dépensés en frais médicaux, et je ne suis pas du tout en fin de parcours« , nous confie-t-elle. «J’ai une infection longue durée, reconnue récemment par la sécurité sociale ». « J’ai des abattements sur mes traitements depuis plusieurs mois maintenant, et quand on est seule avec un enfant et un crédit immobilier« , dit-elle. Elle a créé un comité fin mars surInstagramà des fins d’informations« pour que l’ensemble des victimes d’effets secondaires liés au vaccin puisse se manifester ». Éloïse indique recenser« 450 témoignages en moins de deux semaines et demie »et donne« des conseils juridiques et les différentes prises en charge possibles« . Ce comité est accessible sur une multitude de réseaux sociaux:Twitter,Facebooket mêmeYoutube. La jeune femme a également été entendue par le Sénat dans le cadre d’une enquête parlementaire. «J’ai saisi le Sénat car il y a une commission qui table ce sujet avec quatre rapporteurs« , indique Éloïse, ajoutant avoir eu un entretien avec le député Cédric Villani le 4 avril auparavant. L’ancien médaillé Fields préside aujourd’hui l’OPECST (Office parlementaire d’évaluation des choix scientifiques et technologiques). »Les rapporteurs du sénat m’ont auditionné officiellement le lundi 2 mai à 11h30, en présence de mon avocat« . Mais Éloïse n’entend pas en rester là. Elle et son avocat assignent prochainement Pfizer devant la justice, en référé-expertise. «Le juge va rendre une ordonnance dans laquelle il nomme un expert, ou un collège d’experts scientifiques qui vont pouvoir pointer éventuellement le lien de causalité entre la vaccination et la polypathologie dont souffre Mme Éloïse Soave« , nous explique Me Éric Lanzarone, son avocat, qui défend également des centaines d’autres victimes d’effets secondaires indésirables post-vaccination. La priorité : c’est l’expertise, et le rendu de l’expertise.Me Éric Lanzarone. Cette expertise – qui est une étape incontournable – pourrait durer plusieurs mois. Le but est d’obtenir réparation. Notamment sous forme d’indemnités «de tous les préjudices qu’elle (Éloïse, ndlr) a subis. Elle peut se chiffrer en millier, voire en millions d’euros compte tenu des pathologies« . Mais, insiste-t-il «la priorité, c’est l’expertise et le rendu de l’expertise« . La demande est d’ores et déjà déposé auprès du tribunal judiciaire de Paris. Une date sera prochainement annoncée. «J’aurais la date d’ici juin« , espère-t-il. Source :France TV Info",Vaccin anti-Covid : la descente aux enfers d’Eloïse,"Title: Covid Vaccine: Eloïse's Descent into Hell

Text: This young mother from Seine-et-Marne, aged 32, is suffering from a series of health issues, memory losses, and fainting spells that she attributes to her second dose of the Pfizer vaccine. Along with her lawyer, she will soon file a lawsuit against the American company seeking compensation. She is currently living through a nightmare.

On July 12, 2021, this young mother from Seine-et-Marne — a court clerk at the Paris Court of Appeal — received her second dose of the Covid-19 vaccine, Pfizer, just like her first injection on May 29 of the previous year. She was in perfect health, with no underlying, genetic, or pre-existing health issues. Yet, immediately after her second dose, she experienced sensations she hadn’t felt after the first: a metallic taste in her mouth, several days of fever, persistent and unrelenting fatigue, and shortness of breath.

From that point, within a few weeks, Eloïse’s life changed dramatically. A cascade of serious health problems struck her. By the end of summer, on August 23, 2021, she contracted acute pyelonephritis — a bacterial kidney infection. She treated it with antibiotics and returned to work. In September 2021, she fainted at her workplace. It was then that a doctor at the Paris Court of Appeal diagnosed her with a cardiac arrhythmia. “I didn’t take it seriously, half-heartedly. I even laughed about it at the time. I was just recovering from my acute pyelonephritis, and now a heart problem,” she recalls.

In the following weeks, Eloïse developed deep vein thrombosis in her legs. “Because of the pain in my legs, my doctor sent me for a Doppler ultrasound. When we saw the results, we realized I was in total incontinence — like someone who has reached 100 years old,” she explains. She underwent two surgeries under general anesthesia on November 5 and 19, 2021. She recounts having had numerous emergency visits before each specific health issue was identified.

Despite this, Eloïse continued to experience fainting spells, shortness of breath, and chest tightness. She was diagnosed with myocarditis on March 1, 2022. “It damaged part of my heart,” she says. Additionally, she suffers from extreme fatigue, neurological problems","Titre : Vaccin contre la Covid : La descente aux enfers d’Éloïse

Texte : Cette jeune mère de Seine-et-Marne, âgée de 32 ans, souffre d’une série de problèmes de santé, de pertes de mémoire et de syncopes qu’elle attribue à sa deuxième dose du vaccin Pfizer. Avec son avocat, elle va bientôt déposer une plainte contre la société américaine en quête de compensation. Elle traverse actuellement un cauchemar.

Le 12 juillet 2021, cette jeune mère de Seine-et-Marne — greffière au tribunal de Paris — a reçu sa deuxième dose du vaccin contre la Covid-19, Pfizer, comme sa première injection le 29 mai de l’année précédente. Elle était en parfaite santé, sans problème de santé sous-jacent, génétique ou préexistant. Pourtant, immédiatement après sa deuxième dose, elle a ressenti des sensations qu’elle n’avait pas eues après la première : un goût métallique dans la bouche, plusieurs jours de fièvre, une fatigue persistante et inlassable, ainsi que des difficultés respiratoires.

À partir de ce moment-là, en quelques semaines, la vie d’Éloïse a changé radicalement. Une cascade de problèmes de santé graves l’a frappée. À la fin de l’été, le 23 août 2021, elle a contracté une pyélonéphrite aiguë — une infection bactérienne du rein. Elle l’a traitée avec des antibiotiques et est retournée au travail. En septembre 2021, elle a fait un malaise sur son lieu de travail. C’est alors qu’un médecin de la Cour d’appel de Paris lui a diagnostiqué une arythmie cardiaque. « Je ne l’ai pas prise au sérieux, à moitié. J’en ai même ri à l’époque. Je sortais juste d’une pyélonéphrite aiguë, et voilà que j’avais un problème cardiaque », se souvient-elle.

Dans les semaines suivantes, Éloïse a développé une thrombose veineuse profonde dans ses jambes. « À cause de la douleur dans mes jambes, mon médecin m’a envoyée faire une échographie Doppler. Quand nous avons vu les résultats, nous avons compris que j’étais en incontinence totale — comme quelqu’un qui aurait atteint 100 ans », explique-t-elle. Elle a subi deux interventions chirurgicales sous anesthésie générale les 5 et 19 novembre"
